{"type": "FeatureCollection", "features": [{"type": "Feature", "properties": {"highway": "cycleway", "cycleway": null, "name": null}, "geometry": {"type": "LineString", "coordinates": [[-74.0539053, 4.6729127], [-74.0538459, 4.6728981], [-74.0537362, 4.6728712], [-74.0532228, 4.6726137], [-74.0520625, 4.6720316], [-74.05167, 4.6718874], [-74.0495232, 4.6708469], [-74.0495004, 4.6708358]]}}, {"type": "Feature", "properties": {"highway": "cycleway", "cycleway": null, "name": null}, "geometry": {"type": "LineString", "coordinates": [[-74.1071955, 4.6516956], [-74.1070504, 4.6518733], [-74.1068201, 4.652171], [-74.1066905, 4.6523683], [-74.1066662, 4.6524287], [-74.1066216, 4.6525409], [-74.1066047, 4.6525953], [-74.1065676, 4.6527146]]}}, {"type": "Feature", "properties": {"highway": "cycleway", "cycleway": null, "name": null}, "geometry": {"type": "LineString", "coordinates": [[-74.039241, 4.6901578], [-74.0392804, 4.6902112], [-74.039284, 4.6902297], [-74.0392866, 4.6902434], [-74.0392804, 4.6902849], [-74.0391941, 4.6904538], [-74.039322, 4.6905659], [-74.0393467, 4.6905854], [-74.0394443, 4.6906627], [-74.0394802, 4.6906938], [-74.039255, 4.6910967], [-74.0392009, 4.6911936], [-74.0391275, 4.6913551], [-74.0391044, 4.6914536], [-74.0391351, 4.6915529], [-74.0392475, 4.691688], [-74.0396554, 4.6919014], [-74.0397592, 4.6921475], [-74.0398213, 4.6925295], [-74.0399109, 4.6927773], [-74.0400694, 4.6930083], [-74.0401259, 4.6930424], [-74.0404507, 4.6932389], [-74.0405633, 4.6933004], [-74.0406684, 4.6933577], [-74.0408374, 4.693455], [-74.0411139, 4.6936146], [-74.0411839, 4.6936464], [-74.0416582, 4.6938316], [-74.0422551, 4.6940695], [-74.0429254, 4.6943311], [-74.0435443, 4.6944668], [-74.0435769, 4.694471], [-74.0436366, 4.6944786], [-74.0437128, 4.6944895], [-74.0437988, 4.6945003], [-74.0438526, 4.6945077], [-74.0438919, 4.694513], [-74.0465446, 4.6950418], [-74.0473394, 4.6951897], [-74.048011, 4.6955123], [-74.0492901, 4.6960879], [-74.0494077, 4.6961387], [-74.0494453, 4.6961458]]}}, {"type": "Feature", "properties": {"highway": "cycleway", "cycleway": null, "name": "Calle 70A Sur"}, "geometry": {"type": "LineString", "coordinates": [[-74.2013792, 4.631926], [-74.2013886, 4.6319471], [-74.2017271, 4.6327046], [-74.2017672, 4.6327944], [-74.202163, 4.6336804], [-74.2025439, 4.6345329], [-74.2029292, 4.6353954], [-74.2029546, 4.6354522]]}}, {"type": "Feature", "properties": {"highway": "cycleway", "cycleway": "lane", "name": null}, "geometry": {"type": "LineString", "coordinates": [[-74.0550189, 4.7326289], [-74.0550533, 4.7324273], [-74.0550594, 4.7323812], [-74.0550507, 4.7323355], [-74.0550278, 4.732295], [-74.0549933, 4.7322637], [-74.0549506, 4.732245], [-74.0549042, 4.7322406], [-74.0548588, 4.7322512], [-74.0548172, 4.7322771], [-74.0547866, 4.7323153], [-74.0547705, 4.7323614], [-74.0547361, 4.732563], [-74.0547363, 4.7326119], [-74.0547528, 4.7326579], [-74.0547836, 4.7326958], [-74.0548253, 4.7327214], [-74.0548732, 4.7327318], [-74.0549219, 4.7327257], [-74.0549657, 4.7327038], [-74.0549984, 4.7326707], [-74.0550189, 4.7326289]]}}, {"type": "Feature", "properties": {"highway": "cycleway", "cycleway": null, "name": null}, "geometry": {"type": "LineString", "coordinates": [[-74.0473997, 4.7481015], [-74.0473302, 4.748714], [-74.04726, 4.7495114], [-74.0471947, 4.7502009]]}}, {"type": "Feature", "properties": {"highway": "cycleway", "cycleway": null, "name": null}, "geometry": {"type": "LineString", "coordinates": [[-74.0428453, 4.7406076], [-74.0429729, 4.7400716], [-74.0433098, 4.7386232], [-74.0433204, 4.7385775], [-74.0433306, 4.7385334], [-74.043523, 4.7376999], [-74.0436602, 4.7371085], [-74.0437414, 4.7367633], [-74.0437561, 4.7367004], [-74.0437974, 4.7365248], [-74.0438216, 4.7364219], [-74.0438313, 4.7363803], [-74.0438813, 4.7361677], [-74.0444227, 4.7337961], [-74.0444334, 4.7337493], [-74.0444491, 4.7336841], [-74.0444961, 4.7334883], [-74.0445527, 4.7332009], [-74.0446117, 4.7329477], [-74.0446299, 4.7328693], [-74.0446422, 4.7328208], [-74.0449048, 4.7318026], [-74.0449353, 4.7316798]]}}, {"type": "Feature", "properties": {"highway": "cycleway", "cycleway": null, "name": null}, "geometry": {"type": "LineString", "coordinates": [[-74.0453374, 4.7295932], [-74.0455142, 4.7285029], [-74.0455227, 4.7284525], [-74.0455309, 4.7283881], [-74.0455779, 4.7280195], [-74.0456411, 4.7276208]]}}, {"type": "Feature", "properties": {"highway": "cycleway", "cycleway": null, "name": null}, "geometry": {"type": "LineString", "coordinates": [[-74.0456411, 4.7276208], [-74.0457183, 4.7271373], [-74.0457704, 4.7267969], [-74.0457776, 4.7267467], [-74.0457864, 4.7266859], [-74.04589, 4.7259661], [-74.0458994, 4.7259004], [-74.0459086, 4.7258435], [-74.0461643, 4.7242111], [-74.046168, 4.7241874], [-74.0461756, 4.7241387]]}}, {"type": "Feature", "properties": {"highway": "cycleway", "cycleway": null, "name": null}, "geometry": {"type": "LineString", "coordinates": [[-74.0461756, 4.7241387], [-74.0461803, 4.7241114], [-74.0461816, 4.7240932], [-74.0462648, 4.7234618], [-74.0462758, 4.7233821], [-74.046285, 4.7233272], [-74.0465663, 4.7214939], [-74.0467158, 4.7205281]]}}, {"type": "Feature", "properties": {"highway": "cycleway", "cycleway": null, "name": "Avenida Santa B\u00e1rbara"}, "geometry": {"type": "LineString", "coordinates": [[-74.0469799, 4.7174603], [-74.0471257, 4.7164401], [-74.0471982, 4.715946], [-74.0472839, 4.7153322], [-74.0473031, 4.7151972], [-74.0474116, 4.7144381], [-74.0474254, 4.714341], [-74.0475605, 4.7134835], [-74.0475784, 4.7133724], [-74.0476737, 4.7127794], [-74.0477844, 4.7120915], [-74.0478861, 4.7114589]]}}, {"type": "Feature", "properties": {"highway": "cycleway", "cycleway": null, "name": "Avenida Santa B\u00e1rbara"}, "geometry": {"type": "LineString", "coordinates": [[-74.0478861, 4.7114589], [-74.0479534, 4.7109832], [-74.0479781, 4.7108083], [-74.0479882, 4.7107371], [-74.0480271, 4.7104618], [-74.0480908, 4.7099995], [-74.0481769, 4.7092863], [-74.0482611, 4.7085418], [-74.0482971, 4.7082236]]}}, {"type": "Feature", "properties": {"highway": "cycleway", "cycleway": null, "name": null}, "geometry": {"type": "LineString", "coordinates": [[-74.0499514, 4.6985242], [-74.0499854, 4.6983181], [-74.0501298, 4.6973562], [-74.0502789, 4.696645]]}}, {"type": "Feature", "properties": {"highway": "cycleway", "cycleway": null, "name": "Avenida Santa B\u00e1rbara"}, "geometry": {"type": "LineString", "coordinates": [[-74.050535, 4.6951696], [-74.0505454, 4.6951031], [-74.0505655, 4.6949743], [-74.0507061, 4.6940726], [-74.0507858, 4.6935613], [-74.0507931, 4.6935148], [-74.0508004, 4.6934681], [-74.0509057, 4.6927932], [-74.0509117, 4.6927541], [-74.0509203, 4.6926994], [-74.0509376, 4.6925883]]}}, {"type": "Feature", "properties": {"highway": "cycleway", "cycleway": null, "name": "Avenida Santa B\u00e1rbara"}, "geometry": {"type": "LineString", "coordinates": [[-74.0515821, 4.6887737], [-74.0517568, 4.6877412], [-74.0518859, 4.6869303], [-74.0519967, 4.6862074], [-74.0520092, 4.6861271]]}}, {"type": "Feature", "properties": {"highway": "cycleway", "cycleway": null, "name": null}, "geometry": {"type": "LineString", "coordinates": [[-74.0412353, 4.7598], [-74.0412625, 4.7583383], [-74.0412802, 4.7576088], [-74.0412698, 4.7573767], [-74.0411916, 4.7571491], [-74.0410872, 4.7569523], [-74.0409207, 4.7566118], [-74.0404581, 4.7557471], [-74.0403293, 4.7554999], [-74.0403052, 4.7554518], [-74.0402898, 4.7554007], [-74.0402783, 4.7553622], [-74.040269, 4.7552981], [-74.0402636, 4.7550615], [-74.0402676, 4.7548014], [-74.0401912, 4.7545817], [-74.040193, 4.7543924], [-74.0401839, 4.7542981], [-74.040178, 4.7542377], [-74.0401166, 4.7540913], [-74.0400428, 4.7539861], [-74.0398775, 4.7538207], [-74.0395763, 4.753638], [-74.0383109, 4.7528723], [-74.0382331, 4.7528269], [-74.0381178, 4.752752], [-74.0380266, 4.7526425], [-74.0379837, 4.7525569], [-74.0379381, 4.7524019], [-74.0379327, 4.7522763], [-74.0379542, 4.7518058], [-74.0379703, 4.7517684], [-74.0381205, 4.7514155], [-74.0381366, 4.7513621], [-74.0381526, 4.7510467], [-74.0381795, 4.7504586], [-74.0381687, 4.7504025], [-74.038107, 4.750341], [-74.0380561, 4.7502127], [-74.0379867, 4.7500238], [-74.0377472, 4.7493718]]}}, {"type": "Feature", "properties": {"highway": "cycleway", "cycleway": null, "name": null}, "geometry": {"type": "LineString", "coordinates": [[-74.0856754, 4.6961846], [-74.085633, 4.6961073], [-74.0854616, 4.6957947], [-74.0853575, 4.6956287], [-74.085333, 4.6954774], [-74.0852903, 4.6952648], [-74.0851276, 4.6949992], [-74.0849652, 4.6948446], [-74.0847127, 4.6946043], [-74.0841638, 4.694101], [-74.0839915, 4.6939508], [-74.0838005, 4.6938356], [-74.0836372, 4.6937666], [-74.0829992, 4.693497], [-74.082153, 4.6931451], [-74.0819269, 4.6930341], [-74.0817982, 4.6929723], [-74.0815826, 4.6927416], [-74.0814937, 4.6925597], [-74.0814167, 4.6923613], [-74.0813482, 4.6918632], [-74.0813202, 4.691647], [-74.0812973, 4.6914771], [-74.081211, 4.6908478], [-74.0812017, 4.6908022]]}}, {"type": "Feature", "properties": {"highway": "cycleway", "cycleway": null, "name": null}, "geometry": {"type": "LineString", "coordinates": [[-74.0428223, 4.7504496], [-74.0400108, 4.7497816], [-74.0398619, 4.7497202], [-74.0397754, 4.7496889], [-74.0397285, 4.7496748], [-74.0396563, 4.7496579], [-74.0394913, 4.7496193], [-74.0381095, 4.7492885]]}}, {"type": "Feature", "properties": {"highway": "cycleway", "cycleway": null, "name": null}, "geometry": {"type": "LineString", "coordinates": [[-74.0592699, 4.7002027], [-74.0558324, 4.6996257]]}}, {"type": "Feature", "properties": {"highway": "cycleway", "cycleway": null, "name": null}, "geometry": {"type": "LineString", "coordinates": [[-74.1343378, 4.7106392], [-74.1339317, 4.7106693]]}}, {"type": "Feature", "properties": {"highway": "cycleway", "cycleway": null, "name": null}, "geometry": {"type": "LineString", "coordinates": [[-74.0650627, 4.6981225], [-74.0650631, 4.6981562], [-74.0650641, 4.6982551]]}}, {"type": "Feature", "properties": {"highway": "cycleway", "cycleway": null, "name": null}, "geometry": {"type": "LineString", "coordinates": [[-74.0650641, 4.6982551], [-74.0644365, 4.6975989], [-74.0642675, 4.6975227], [-74.0635549, 4.6975241], [-74.0627663, 4.6974194], [-74.0626973, 4.6974102], [-74.0626175, 4.6973963], [-74.062581, 4.6973912], [-74.0617674, 4.6972665], [-74.0617307, 4.6972561], [-74.061513, 4.6971942], [-74.061211, 4.6970614], [-74.0610065, 4.6969238], [-74.0607635, 4.6966802], [-74.0606119, 4.6965372], [-74.0605792, 4.6965063], [-74.0604688, 4.696394], [-74.0604231, 4.6963415], [-74.0603925, 4.6963146], [-74.0603478, 4.6962753], [-74.0603376, 4.6962665], [-74.0602357, 4.6961943], [-74.0599336, 4.696031], [-74.0596707, 4.695957], [-74.0596372, 4.6959558], [-74.0594043, 4.6959472], [-74.0589252, 4.6960777], [-74.0589024, 4.6960788], [-74.058622, 4.6961112], [-74.058308, 4.6961069], [-74.0576898, 4.6960291], [-74.0575451, 4.6961381], [-74.0572813, 4.6961616], [-74.0568885, 4.6962523], [-74.0566782, 4.696373], [-74.056381, 4.6966104], [-74.0561997, 4.69658], [-74.0561259, 4.6965664], [-74.0560003, 4.6965437]]}}, {"type": "Feature", "properties": {"highway": "cycleway", "cycleway": null, "name": null}, "geometry": {"type": "LineString", "coordinates": [[-74.0607047, 4.6782763], [-74.0607028, 4.6783896]]}}, {"type": "Feature", "properties": {"highway": "cycleway", "cycleway": null, "name": null}, "geometry": {"type": "LineString", "coordinates": [[-74.1580496, 4.6029822], [-74.1579616, 4.6031182], [-74.1578536, 4.6032313], [-74.1577792, 4.603292], [-74.1576773, 4.6033519], [-74.1575724, 4.6033676], [-74.1574547, 4.6033615], [-74.1573219, 4.603312], [-74.1571846, 4.6032468], [-74.1570098, 4.6031377], [-74.156886, 4.6030487], [-74.1567514, 4.6029225]]}}, {"type": "Feature", "properties": {"highway": "cycleway", "cycleway": null, "name": null}, "geometry": {"type": "LineString", "coordinates": [[-74.1596434, 4.6039622], [-74.1592071, 4.6050234]]}}, {"type": "Feature", "properties": {"highway": "cycleway", "cycleway": null, "name": null}, "geometry": {"type": "LineString", "coordinates": [[-74.1119686, 4.6670759], [-74.1112271, 4.6659456]]}}, {"type": "Feature", "properties": {"highway": "cycleway", "cycleway": null, "name": null}, "geometry": {"type": "LineString", "coordinates": [[-74.1039358, 4.6535033], [-74.1040736, 4.6533225], [-74.1041117, 4.6533513], [-74.1036702, 4.6539306], [-74.1031787, 4.6545755], [-74.1031345, 4.654542], [-74.1032976, 4.654328]]}}, {"type": "Feature", "properties": {"highway": "cycleway", "cycleway": null, "name": null}, "geometry": {"type": "LineString", "coordinates": [[-74.030161, 4.7068347], [-74.030171, 4.7067815], [-74.0302043, 4.7066047], [-74.0302347, 4.7065639], [-74.0302851, 4.7065564], [-74.0303261, 4.7065866], [-74.0303336, 4.7066369], [-74.030327, 4.7066718], [-74.0302902, 4.7068669], [-74.0302598, 4.7069077], [-74.0302094, 4.7069152], [-74.0301685, 4.7068849], [-74.030161, 4.7068347]]}}, {"type": "Feature", "properties": {"highway": "cycleway", "cycleway": null, "name": null}, "geometry": {"type": "LineString", "coordinates": [[-74.030171, 4.7067815], [-74.030327, 4.7066718]]}}, {"type": "Feature", "properties": {"highway": "cycleway", "cycleway": null, "name": null}, "geometry": {"type": "LineString", "coordinates": [[-74.0430325, 4.6963369], [-74.0427417, 4.6962919], [-74.0421114, 4.6961903], [-74.0417359, 4.6961128], [-74.0413121, 4.6959979], [-74.0409473, 4.6959016], [-74.040502, 4.6957947], [-74.0401326, 4.6956978], [-74.0401284, 4.6957009], [-74.0400119, 4.6956744], [-74.0399021, 4.6956468], [-74.0385682, 4.6953082], [-74.0377984, 4.6951211], [-74.037352, 4.6950103], [-74.0371838, 4.694967]]}}, {"type": "Feature", "properties": {"highway": "cycleway", "cycleway": null, "name": null}, "geometry": {"type": "LineString", "coordinates": [[-74.0486795, 4.7052482], [-74.048023, 4.7050533], [-74.0476116, 4.7049292], [-74.0468803, 4.7047085], [-74.0456828, 4.7043253], [-74.0453733, 4.704269], [-74.0451933, 4.7042363], [-74.0446499, 4.7041375], [-74.0443665, 4.7041048], [-74.0436002, 4.7040166], [-74.0432381, 4.7039885], [-74.0429353, 4.7039566]]}}, {"type": "Feature", "properties": {"highway": "cycleway", "cycleway": null, "name": null}, "geometry": {"type": "LineString", "coordinates": [[-74.0353202, 4.6867784], [-74.0353612, 4.6868003], [-74.0357848, 4.6870272], [-74.0360788, 4.6872253], [-74.0363555, 4.6873517], [-74.0367541, 4.6875965], [-74.0368805, 4.6876226], [-74.037205, 4.6875401], [-74.0374272, 4.6875618], [-74.03759, 4.6876002], [-74.0377961, 4.687788], [-74.0378822, 4.6878938], [-74.0379794, 4.6880239], [-74.0380817, 4.6881797], [-74.0380979, 4.6883607], [-74.0380787, 4.6885525], [-74.0380742, 4.6886668], [-74.0381075, 4.6887314], [-74.0380546, 4.6888883], [-74.038053, 4.6889201], [-74.0380675, 4.6889545], [-74.0380945, 4.6890008], [-74.038784, 4.6892378], [-74.0391926, 4.6892488], [-74.0392417, 4.6892597], [-74.0392674, 4.6892729], [-74.0392956, 4.6893016], [-74.0393599, 4.6894867], [-74.0393789, 4.6895827], [-74.0394017, 4.6897422], [-74.0394134, 4.6898144]]}}, {"type": "Feature", "properties": {"highway": "cycleway", "cycleway": null, "name": null}, "geometry": {"type": "LineString", "coordinates": [[-74.1367472, 4.7114196], [-74.1365349, 4.7110428], [-74.1365001, 4.7109545], [-74.1365211, 4.710915], [-74.1365689, 4.7109183], [-74.1366774, 4.7109105], [-74.1367394, 4.7109486], [-74.1367982, 4.7110406], [-74.1368293, 4.7110763], [-74.1368713, 4.7110898], [-74.1369067, 4.7111229], [-74.1369314, 4.711111], [-74.1369108, 4.711045], [-74.1370474, 4.7109377], [-74.1370681, 4.7108852], [-74.1371393, 4.7108771], [-74.1371815, 4.7108767], [-74.1372081, 4.7109008], [-74.1373687, 4.7111566], [-74.1368756, 4.711494], [-74.1368256, 4.7115116], [-74.1367935, 4.7115004], [-74.1367472, 4.7114196]]}}, {"type": "Feature", "properties": {"highway": "cycleway", "cycleway": null, "name": null}, "geometry": {"type": "LineString", "coordinates": [[-74.1081263, 4.6915933], [-74.1078739, 4.6920625], [-74.1076497, 4.6924573], [-74.1074768, 4.6927767], [-74.1074377, 4.6928489], [-74.1072217, 4.6932464], [-74.106999, 4.6936403], [-74.1068913, 4.693872], [-74.10678, 4.6941057], [-74.1066992, 4.6942686], [-74.1065445, 4.6945888], [-74.1065164, 4.6946406], [-74.1064836, 4.6946977], [-74.1064244, 4.6947682], [-74.1063855, 4.6948127], [-74.1063443, 4.6948697], [-74.1062793, 4.6949907], [-74.1062154, 4.6951158], [-74.1061888, 4.695153], [-74.1061622, 4.6951811], [-74.1061328, 4.6952097], [-74.1061, 4.6952341]]}}, {"type": "Feature", "properties": {"highway": "cycleway", "cycleway": null, "name": null}, "geometry": {"type": "LineString", "coordinates": [[-74.1351311, 4.7033232], [-74.1350625, 4.7034451], [-74.1350662, 4.7035152], [-74.1351793, 4.703602], [-74.1352497, 4.7035854], [-74.1352756, 4.7035319], [-74.1351915, 4.7032667], [-74.1351385, 4.7030998], [-74.1350236, 4.7029946], [-74.1349644, 4.7030112], [-74.1349829, 4.703098], [-74.1350996, 4.703157], [-74.1351366, 4.7032198], [-74.1351321, 4.7033051], [-74.1351311, 4.7033232]]}}, {"type": "Feature", "properties": {"highway": "cycleway", "cycleway": null, "name": "Alameda el Porvenir"}, "geometry": {"type": "LineString", "coordinates": [[-74.1715612, 4.646311], [-74.1714838, 4.6463609], [-74.1713811, 4.6464163], [-74.1712059, 4.6464938], [-74.1711828, 4.6465028], [-74.1707689, 4.6466632], [-74.1707113, 4.6466862], [-74.1705448, 4.6467527], [-74.170335, 4.6468366], [-74.1701356, 4.6469162], [-74.1700671, 4.6469436], [-74.1698158, 4.647044], [-74.1696854, 4.6470961], [-74.1695718, 4.6471415], [-74.1695217, 4.6471614], [-74.169508, 4.6471669], [-74.1693345, 4.6472363], [-74.169186, 4.6472956], [-74.1691728, 4.6473006], [-74.1689666, 4.6473787], [-74.1681261, 4.6476972], [-74.1678565, 4.6477916], [-74.1677243, 4.6478354], [-74.1676921, 4.6478503], [-74.167519, 4.6479303], [-74.167011, 4.648162], [-74.1666055, 4.6483523], [-74.1663856, 4.6484457], [-74.1662771, 4.6484917], [-74.166247, 4.6485004], [-74.1662161, 4.6484938], [-74.1661746, 4.6484628], [-74.1661472, 4.6484463], [-74.1661289, 4.6484415], [-74.1661066, 4.6484442], [-74.1660818, 4.6484514], [-74.16605, 4.6484626], [-74.1660019, 4.6484879], [-74.1658408, 4.6485727], [-74.164954, 4.6489697], [-74.1646879, 4.6490956], [-74.1643798, 4.6492414], [-74.1641747, 4.6493795], [-74.1639259, 4.6495916], [-74.1637273, 4.6497377], [-74.1635167, 4.6498474], [-74.1625524, 4.650315], [-74.1621839, 4.6504936], [-74.1615666, 4.6507839], [-74.1605262, 4.651331], [-74.1599686, 4.6516032], [-74.1589576, 4.6521086], [-74.1588953, 4.6521398], [-74.1588307, 4.6521772], [-74.158582, 4.6523214], [-74.1582271, 4.6524592], [-74.1576962, 4.6529969], [-74.1571753, 4.6535415], [-74.1571117, 4.6536063], [-74.1567953, 4.6539283], [-74.1561382, 4.6545974], [-74.1559465, 4.6547926], [-74.1552686, 4.6554827], [-74.1545756, 4.6561869]]}}, {"type": "Feature", "properties": {"highway": "cycleway", "cycleway": null, "name": null}, "geometry": {"type": "LineString", "coordinates": [[-74.1546282, 4.645702], [-74.1546357, 4.6457447], [-74.1546619, 4.6458513], [-74.1547094, 4.6460037], [-74.1547706, 4.6461208], [-74.1558971, 4.6479387], [-74.1560104, 4.6481205], [-74.1560284, 4.6481493], [-74.1563256, 4.6486254], [-74.1565134, 4.6489343]]}}, {"type": "Feature", "properties": {"highway": "cycleway", "cycleway": null, "name": null}, "geometry": {"type": "LineString", "coordinates": [[-74.0497443, 4.7188146], [-74.0505965, 4.7189257]]}}, {"type": "Feature", "properties": {"highway": "cycleway", "cycleway": null, "name": null}, "geometry": {"type": "LineString", "coordinates": [[-74.0492346, 4.6839689], [-74.0493013, 4.6839392]]}}, {"type": "Feature", "properties": {"highway": "cycleway", "cycleway": null, "name": "Avenida San Juan Bosco"}, "geometry": {"type": "LineString", "coordinates": [[-74.0315028, 4.7481908], [-74.0314549, 4.7481836], [-74.0300439, 4.747971], [-74.0287987, 4.7477696], [-74.0286182, 4.7477216], [-74.0267127, 4.7474363], [-74.0266911, 4.7474329], [-74.0244799, 4.7470609], [-74.0239365, 4.7469702], [-74.0235149, 4.7469148], [-74.0234002, 4.7469143], [-74.0228375, 4.7470557], [-74.0227231, 4.7470814]]}}, {"type": "Feature", "properties": {"highway": "cycleway", "cycleway": null, "name": null}, "geometry": {"type": "LineString", "coordinates": [[-74.0660629, 4.7604411], [-74.0660939, 4.7603971], [-74.0661909, 4.7602326], [-74.0663007, 4.7600226], [-74.0663606, 4.7598877], [-74.0663995, 4.7597551], [-74.0664386, 4.7596264], [-74.0664742, 4.7594896], [-74.0664933, 4.7593561], [-74.0665123, 4.7592272], [-74.0665296, 4.7590632], [-74.0665296, 4.7588536], [-74.0665098, 4.7587019], [-74.0665003, 4.7586084], [-74.0664805, 4.7585089], [-74.0662468, 4.7575722], [-74.0662392, 4.7575416], [-74.0662142, 4.7574408], [-74.0660487, 4.7567889], [-74.0660303, 4.7567124], [-74.0660287, 4.7566799], [-74.0660363, 4.756652], [-74.0660288, 4.7565893], [-74.0660064, 4.7565509], [-74.0659933, 4.7565079], [-74.0658993, 4.7557495], [-74.0658828, 4.7556311], [-74.0658631, 4.7555078], [-74.0658176, 4.7551907], [-74.0657905, 4.7550002], [-74.0657594, 4.7547908], [-74.0657375, 4.754595], [-74.0656891, 4.7541753], [-74.065605, 4.7535802], [-74.0655454, 4.7531505], [-74.0655033, 4.7527838], [-74.0654521, 4.7524216], [-74.0654138, 4.7521508], [-74.0654168, 4.7520908], [-74.0654119, 4.752026], [-74.0653927, 4.7519574], [-74.0653856, 4.7519149], [-74.0653805, 4.7518841], [-74.0653185, 4.7513127], [-74.0652825, 4.7509391], [-74.0652748, 4.7508251]]}}, {"type": "Feature", "properties": {"highway": "cycleway", "cycleway": null, "name": null}, "geometry": {"type": "LineString", "coordinates": [[-74.0984815, 4.6594958], [-74.0976658, 4.6605781], [-74.0971579, 4.6612382], [-74.0969945, 4.6614513], [-74.0968858, 4.6615931], [-74.0963517, 4.6622633], [-74.0948116, 4.6641957], [-74.094758, 4.6642331], [-74.0946561, 4.6642812], [-74.0941861, 4.6645176], [-74.0941522, 4.6645347], [-74.0941317, 4.664545], [-74.0938404, 4.6646768], [-74.0935847, 4.664804], [-74.0935003, 4.6648489], [-74.0933977, 4.6648946], [-74.0933298, 4.6649252], [-74.0932502, 4.664952], [-74.0931307, 4.6649735], [-74.0930217, 4.6649744], [-74.0928881, 4.6649552], [-74.0927731, 4.6649175], [-74.0926244, 4.6648385], [-74.0925049, 4.664725], [-74.0922719, 4.6643948], [-74.0918681, 4.6638225], [-74.0915074, 4.6632881], [-74.0912717, 4.6629596], [-74.0909857, 4.662617], [-74.0908945, 4.6625034], [-74.0907342, 4.6623037], [-74.0906475, 4.6621737], [-74.0903208, 4.6617045], [-74.0902672, 4.6616126], [-74.0902036, 4.6614796], [-74.0901392, 4.6612818], [-74.089953, 4.6610384], [-74.0897769, 4.6607879], [-74.0896993, 4.6607362], [-74.0896593, 4.66071], [-74.0896326, 4.6606839], [-74.0895247, 4.6605229], [-74.0894887, 4.6604474], [-74.089471, 4.6603789], [-74.0894287, 4.6602765], [-74.0893874, 4.6602182], [-74.0892999, 4.6600947], [-74.0892462, 4.6599714], [-74.0892104, 4.659849], [-74.0891938, 4.6596925], [-74.0891925, 4.6593516], [-74.0891772, 4.6591709], [-74.0891729, 4.6590837], [-74.0891844, 4.658972], [-74.0892326, 4.6587849], [-74.0893399, 4.6584961], [-74.0894258, 4.6584373], [-74.0895599, 4.6580791], [-74.0896457, 4.6580256], [-74.0896675, 4.6579845], [-74.089691, 4.6579191], [-74.0896785, 4.6578557], [-74.0898136, 4.6575622], [-74.0898871, 4.6573947], [-74.0899351, 4.6572969], [-74.0899947, 4.6571756], [-74.0900314, 4.6570741], [-74.0901469, 4.6568011], [-74.0902912, 4.6564422]]}}, {"type": "Feature", "properties": {"highway": "cycleway", "cycleway": null, "name": null}, "geometry": {"type": "LineString", "coordinates": [[-74.0855982, 4.6662558], [-74.0858695, 4.6658115], [-74.0859913, 4.6656121], [-74.0861806, 4.6653019], [-74.0865065, 4.6647028], [-74.0870679, 4.6635216], [-74.087525, 4.6625023], [-74.0876124, 4.6623114], [-74.0879695, 4.6615012], [-74.0879904, 4.6614538], [-74.0880617, 4.6613152], [-74.0881329, 4.6611561], [-74.0882058, 4.6609962], [-74.0884923, 4.6603675], [-74.0885688, 4.6602265], [-74.088593, 4.6601944], [-74.0886352, 4.6601576], [-74.088707, 4.6601309], [-74.0887935, 4.6601175], [-74.0888438, 4.6601276], [-74.0889021, 4.6601529], [-74.0889645, 4.6602084], [-74.089102, 4.6604116], [-74.089509, 4.6609917], [-74.0900453, 4.6618031], [-74.0904196, 4.6623264], [-74.0908339, 4.6629473], [-74.0910539, 4.6632627], [-74.0916493, 4.6641716], [-74.0916909, 4.6642414], [-74.0917163, 4.664284], [-74.0918652, 4.6645069], [-74.0919463, 4.6646256], [-74.0920963, 4.6648226], [-74.092144, 4.6648832], [-74.0922144, 4.6650196], [-74.0923372, 4.6652565], [-74.0924004, 4.6654293], [-74.0924253, 4.6655187], [-74.0924486, 4.6656138], [-74.0924678, 4.66571], [-74.0924786, 4.6658012], [-74.0924836, 4.6658957], [-74.0924835, 4.6660456], [-74.0924688, 4.6661052], [-74.0924637, 4.6661683]]}}, {"type": "Feature", "properties": {"highway": "cycleway", "cycleway": null, "name": null}, "geometry": {"type": "LineString", "coordinates": [[-74.0856569, 4.6655264], [-74.0858583, 4.6650135], [-74.0862451, 4.6640396], [-74.0863534, 4.6637987], [-74.0864914, 4.6634733], [-74.0865377, 4.663375], [-74.086942, 4.6624233], [-74.0872156, 4.6618966], [-74.0876953, 4.660761], [-74.0878781, 4.6603434], [-74.0879935, 4.6600467], [-74.0880082, 4.6599825], [-74.0880256, 4.6598996], [-74.088031, 4.6598281], [-74.0880283, 4.659746], [-74.0880176, 4.6596791], [-74.0879988, 4.6596109], [-74.0879935, 4.6595615], [-74.0879935, 4.6595147], [-74.0879988, 4.6594679], [-74.0880095, 4.6594184], [-74.0880337, 4.6593463], [-74.0880525, 4.6592607], [-74.0880578, 4.6592099], [-74.0880605, 4.6591551], [-74.0880578, 4.6590923], [-74.0880417, 4.6590255], [-74.0880189, 4.6589466], [-74.0879961, 4.6588677], [-74.0879763, 4.6588076], [-74.0879472, 4.6587322], [-74.0877877, 4.6584979], [-74.0875382, 4.6581528], [-74.0871298, 4.6575526], [-74.0865766, 4.6567265], [-74.0865476, 4.6566832], [-74.0863228, 4.6563777], [-74.0861423, 4.6561105], [-74.0859731, 4.6558683], [-74.0858423, 4.6556597], [-74.0856895, 4.6554458], [-74.0855301, 4.6552304], [-74.0851771, 4.6547748], [-74.0850751, 4.6546564], [-74.08488, 4.6544509], [-74.0845066, 4.6541306], [-74.0843742, 4.6540361], [-74.0842464, 4.6539648], [-74.0841998, 4.6539541], [-74.0841391, 4.6539434], [-74.0840587, 4.6539434], [-74.0839775, 4.6539652], [-74.0838763, 4.6539889], [-74.0837663, 4.6540183], [-74.083667, 4.6540183], [-74.0835943, 4.6540083], [-74.0835169, 4.6539912], [-74.0834176, 4.6539541], [-74.083313, 4.653906], [-74.0832584, 4.6538672], [-74.0832084, 4.6538285], [-74.0831521, 4.653775], [-74.0831288, 4.6537341], [-74.0830915, 4.6536513], [-74.0830502, 4.6535683], [-74.082986, 4.6534814], [-74.0829257, 4.653399], [-74.0828237, 4.6533064], [-74.0827075, 4.6532282], [-74.0825283, 4.6531424], [-74.0823831, 4.6530803]]}}, {"type": "Feature", "properties": {"highway": "cycleway", "cycleway": null, "name": null}, "geometry": {"type": "LineString", "coordinates": [[-74.0761434, 4.66238], [-74.0764121, 4.6613698], [-74.0764214, 4.6613348], [-74.076417, 4.6612659], [-74.0765583, 4.6607601], [-74.0766083, 4.660581], [-74.0766489, 4.6604215], [-74.0766875, 4.6602762], [-74.0766957, 4.6602391], [-74.0768753, 4.6595605], [-74.0769396, 4.6593496], [-74.0770202, 4.6589906], [-74.0770657, 4.6587941], [-74.0771003, 4.658623], [-74.0771332, 4.6584737], [-74.0772538, 4.6579736], [-74.0773311, 4.657735], [-74.07742, 4.6574127], [-74.0774901, 4.6570335], [-74.0774401, 4.6569491], [-74.0775002, 4.6566111], [-74.0775341, 4.6565519], [-74.07756, 4.6564877], [-74.077565, 4.6564752], [-74.0775683, 4.6564528], [-74.0776898, 4.6556388], [-74.077696, 4.6555975], [-74.07779, 4.6547363], [-74.0778014, 4.6546069], [-74.0778118, 4.6544587], [-74.0778248, 4.6542743], [-74.0778478, 4.6538174], [-74.0779257, 4.6529954], [-74.0779233, 4.6529401], [-74.0779057, 4.6528714], [-74.0779617, 4.6523278], [-74.0779422, 4.652263], [-74.0779007, 4.6521894], [-74.0778369, 4.6521241], [-74.0778509, 4.6520979], [-74.0778936, 4.6520467], [-74.0778722, 4.6518782], [-74.0778801, 4.6517649], [-74.0778858, 4.6516823], [-74.0779083, 4.651377], [-74.0779607, 4.6512141], [-74.0779808, 4.6510936], [-74.0780022, 4.6508557], [-74.0780127, 4.6507105], [-74.0780425, 4.6504065], [-74.0780537, 4.6502584], [-74.0780751, 4.649936], [-74.0781181, 4.6493526], [-74.0781511, 4.6490085], [-74.0781881, 4.6486492], [-74.0781953, 4.648578], [-74.0782022, 4.6484851], [-74.0782378, 4.6480393], [-74.0782878, 4.6473781], [-74.0782785, 4.6473001], [-74.0782841, 4.6472528], [-74.0782861, 4.6471794], [-74.0782865, 4.6471637], [-74.0783429, 4.6470942], [-74.078348, 4.6470235], [-74.0783697, 4.6467226]]}}, {"type": "Feature", "properties": {"highway": "cycleway", "cycleway": null, "name": null}, "geometry": {"type": "LineString", "coordinates": [[-74.0783697, 4.6467226], [-74.0783793, 4.646419], [-74.0783819, 4.6463502], [-74.0783841, 4.646271], [-74.078389, 4.6461696], [-74.078409, 4.6459002], [-74.0784261, 4.6456484], [-74.07848, 4.6448573], [-74.0784824, 4.6448222]]}}, {"type": "Feature", "properties": {"highway": "cycleway", "cycleway": null, "name": null}, "geometry": {"type": "LineString", "coordinates": [[-74.0758162, 4.6635435], [-74.0757676, 4.6636797], [-74.0757231, 4.6637734], [-74.0757114, 4.6637982], [-74.0756353, 4.6639595], [-74.0755524, 4.6641484], [-74.0754433, 4.6642667], [-74.0754827, 4.6642994], [-74.0754913, 4.664322], [-74.0755186, 4.664394], [-74.0754879, 4.6644859], [-74.0752369, 4.6649068], [-74.0752384, 4.6649362], [-74.0752422, 4.6650111], [-74.075253, 4.6650592], [-74.075143, 4.6652062], [-74.0749418, 4.6654388], [-74.0747755, 4.6656339], [-74.0747478, 4.665666], [-74.0747393, 4.6656758], [-74.0746577, 4.6657702], [-74.0744729, 4.6659843], [-74.0744268, 4.6660376], [-74.0741918, 4.6663112], [-74.0741237, 4.6663905], [-74.0736819, 4.6669257], [-74.0736265, 4.6670093], [-74.0733343, 4.6673624], [-74.0732813, 4.6674264], [-74.0730732, 4.667678], [-74.0730525, 4.667703], [-74.0726242, 4.66822]]}}, {"type": "Feature", "properties": {"highway": "cycleway", "cycleway": null, "name": null}, "geometry": {"type": "LineString", "coordinates": [[-74.0936281, 4.666959], [-74.0937584, 4.6669357], [-74.093863, 4.6669397], [-74.0943919, 4.6671044], [-74.0952153, 4.6674632], [-74.0959668, 4.6679084], [-74.0963692, 4.6681313], [-74.0968498, 4.6684054]]}}, {"type": "Feature", "properties": {"highway": "cycleway", "cycleway": null, "name": null}, "geometry": {"type": "LineString", "coordinates": [[-74.0774326, 4.6850295], [-74.0771235, 4.6846641], [-74.0769903, 4.6845133]]}}, {"type": "Feature", "properties": {"highway": "cycleway", "cycleway": null, "name": null}, "geometry": {"type": "LineString", "coordinates": [[-74.0774254, 4.682164], [-74.0771036, 4.6823098], [-74.0770165, 4.6823494], [-74.0767577, 4.6826842], [-74.0764734, 4.6830745], [-74.0764117, 4.6832162], [-74.0763849, 4.6833659], [-74.0763875, 4.6835075], [-74.0763956, 4.6836412], [-74.076409, 4.6837455], [-74.0764546, 4.6838738], [-74.0765297, 4.6839834], [-74.0766073, 4.6840868]]}}, {"type": "Feature", "properties": {"highway": "cycleway", "cycleway": null, "name": null}, "geometry": {"type": "LineString", "coordinates": [[-74.0768006, 4.6843095], [-74.0769903, 4.6845133]]}}, {"type": "Feature", "properties": {"highway": "cycleway", "cycleway": null, "name": "Calle 90"}, "geometry": {"type": "LineString", "coordinates": [[-74.0708586, 4.6834225], [-74.0713322, 4.6837705]]}}, {"type": "Feature", "properties": {"highway": "cycleway", "cycleway": null, "name": null}, "geometry": {"type": "LineString", "coordinates": [[-74.0710016, 4.6831627], [-74.0708801, 4.6833824]]}}, {"type": "Feature", "properties": {"highway": "cycleway", "cycleway": null, "name": null}, "geometry": {"type": "LineString", "coordinates": [[-74.0382525, 4.6802823], [-74.0382992, 4.6802786], [-74.0383391, 4.680285], [-74.0384055, 4.680307], [-74.0387052, 4.680436], [-74.0388904, 4.6805257], [-74.0394616, 4.6808281], [-74.0398896, 4.6810676], [-74.0399912, 4.6811329], [-74.0412696, 4.6817938], [-74.0415792, 4.6819538], [-74.0418049, 4.6820694], [-74.0429269, 4.6826438]]}}, {"type": "Feature", "properties": {"highway": "cycleway", "cycleway": null, "name": null}, "geometry": {"type": "LineString", "coordinates": [[-74.0751832, 4.710571], [-74.0754756, 4.7105202], [-74.0758618, 4.7104588], [-74.0761139, 4.7104053], [-74.0767899, 4.7103131], [-74.0776562, 4.7101741], [-74.0786367, 4.7100249], [-74.0788708, 4.7099856], [-74.0791046, 4.7099673], [-74.0791601, 4.7099684], [-74.0792043, 4.7099766], [-74.0792404, 4.7099914], [-74.0792764, 4.7100123], [-74.0793648, 4.7100742]]}}, {"type": "Feature", "properties": {"highway": "cycleway", "cycleway": null, "name": null}, "geometry": {"type": "LineString", "coordinates": [[-74.0709256, 4.7258609], [-74.0709889, 4.7258511], [-74.0710506, 4.725825], [-74.0710875, 4.7258025], [-74.071184, 4.7257223], [-74.0713785, 4.7255044], [-74.0713921, 4.7254903], [-74.0716656, 4.7251692], [-74.0719282, 4.7248606], [-74.0723146, 4.7244005], [-74.0723737, 4.7243303], [-74.072544, 4.7241278], [-74.0726885, 4.7239512], [-74.0727543, 4.723878], [-74.073038, 4.7235494], [-74.0731152, 4.7234648], [-74.0732004, 4.7233673], [-74.0732725, 4.7232574], [-74.0733812, 4.7230882], [-74.0736151, 4.722682], [-74.0737081, 4.7225199], [-74.0737385, 4.7224672], [-74.0738136, 4.7223351], [-74.0739619, 4.722047]]}}, {"type": "Feature", "properties": {"highway": "cycleway", "cycleway": null, "name": null}, "geometry": {"type": "LineString", "coordinates": [[-74.0504036, 4.6964352], [-74.050444, 4.6964404], [-74.0506544, 4.6964674], [-74.0507698, 4.6964754], [-74.0508502, 4.6964754], [-74.0509521, 4.696446], [-74.0510433, 4.6964727], [-74.0512633, 4.6964861], [-74.0513663, 4.6964765], [-74.0514644, 4.6964674], [-74.051553, 4.6964273], [-74.0516924, 4.6964406], [-74.0517944, 4.696478], [-74.0519928, 4.6965315], [-74.052253, 4.6965743], [-74.0524184, 4.6965712], [-74.0525427, 4.6965582], [-74.0528361, 4.6966049], [-74.0531053, 4.6966405], [-74.053459, 4.6967255], [-74.0537594, 4.6967629], [-74.0546714, 4.6968912], [-74.0550872, 4.6969503]]}}, {"type": "Feature", "properties": {"highway": "cycleway", "cycleway": null, "name": null}, "geometry": {"type": "LineString", "coordinates": [[-74.0545574, 4.705141], [-74.0545751, 4.7050415], [-74.0545812, 4.7050083], [-74.054592, 4.7049721], [-74.0546188, 4.7049387], [-74.0546024, 4.7049], [-74.054598, 4.7048551], [-74.0546047, 4.7048384], [-74.0546335, 4.7047009], [-74.0546912, 4.7043842], [-74.0549057, 4.7029958], [-74.0549127, 4.7029504], [-74.0549253, 4.7028834], [-74.0550795, 4.7020629], [-74.055141, 4.7018887], [-74.0551711, 4.7016846], [-74.0551822, 4.7014282], [-74.0552504, 4.7009717], [-74.0553356, 4.7004782], [-74.0554743, 4.6997841], [-74.0554895, 4.699708], [-74.0555055, 4.6996187]]}}, {"type": "Feature", "properties": {"highway": "cycleway", "cycleway": null, "name": null}, "geometry": {"type": "LineString", "coordinates": [[-74.0698879, 4.7002154], [-74.0699094, 4.7002212], [-74.0699179, 4.7002312], [-74.0699439, 4.7003348], [-74.0700256, 4.7006081], [-74.0700544, 4.7006922], [-74.0701111, 4.7008444], [-74.0701285, 4.7008843], [-74.0701396, 4.7009098], [-74.0701559, 4.7009473], [-74.0702168, 4.7010886], [-74.0702315, 4.7011237], [-74.070242, 4.7011537], [-74.0702627, 4.7012173], [-74.0703298, 4.7014349], [-74.0703878, 4.7016286], [-74.0704037, 4.7017064], [-74.0704217, 4.7018656]]}}, {"type": "Feature", "properties": {"highway": "cycleway", "cycleway": null, "name": null}, "geometry": {"type": "LineString", "coordinates": [[-74.05454, 4.6769828], [-74.0544439, 4.6769335], [-74.0524469, 4.6759082], [-74.0523918, 4.6758799]]}}, {"type": "Feature", "properties": {"highway": "cycleway", "cycleway": null, "name": null}, "geometry": {"type": "LineString", "coordinates": [[-74.0794403, 4.6843611], [-74.0787537, 4.6834898]]}}, {"type": "Feature", "properties": {"highway": "cycleway", "cycleway": null, "name": null}, "geometry": {"type": "LineString", "coordinates": [[-74.0787537, 4.6834898], [-74.0780644, 4.6826147]]}}, {"type": "Feature", "properties": {"highway": "cycleway", "cycleway": null, "name": null}, "geometry": {"type": "LineString", "coordinates": [[-74.0684695, 4.6749413], [-74.0685553, 4.6749932], [-74.068762, 4.6751306], [-74.0688019, 4.6751571], [-74.0688377, 4.6751809], [-74.0688693, 4.6752042], [-74.0695531, 4.6756487], [-74.0712502, 4.6767272], [-74.0725814, 4.6775842], [-74.0739081, 4.6784559]]}}, {"type": "Feature", "properties": {"highway": "cycleway", "cycleway": null, "name": null}, "geometry": {"type": "LineString", "coordinates": [[-74.0617451, 4.6785416], [-74.0620472, 4.6785588], [-74.0623384, 4.6785753], [-74.0625742, 4.6785887], [-74.0630334, 4.6786275], [-74.0647172, 4.6787518], [-74.0649694, 4.6787732], [-74.0651509, 4.6788061], [-74.0653315, 4.6788641], [-74.0654735, 4.6789391], [-74.0654861, 4.6789457]]}}, {"type": "Feature", "properties": {"highway": "cycleway", "cycleway": null, "name": null}, "geometry": {"type": "LineString", "coordinates": [[-74.1764234, 4.6384142], [-74.1805704, 4.6361675], [-74.1806935, 4.636098]]}}, {"type": "Feature", "properties": {"highway": "cycleway", "cycleway": null, "name": null}, "geometry": {"type": "LineString", "coordinates": [[-74.1374841, 4.570902], [-74.137454, 4.571262], [-74.137425, 4.5714], [-74.137398, 4.571462], [-74.137358, 4.571557], [-74.137289, 4.571657], [-74.137209, 4.571749], [-74.1371439, 4.5718087], [-74.137125, 4.571826], [-74.137032, 4.571893], [-74.1368315, 4.5719839], [-74.136744, 4.572009], [-74.136638, 4.572031], [-74.1365406, 4.5720537], [-74.1364342, 4.5720893], [-74.1363134, 4.5721478], [-74.1362664, 4.5721717], [-74.1361536, 4.5722289], [-74.1360782, 4.5722749], [-74.1359159, 4.5724066], [-74.135736, 4.572572], [-74.135599, 4.572745], [-74.1355891, 4.5727616], [-74.135496, 4.572917], [-74.135336, 4.573118], [-74.135112, 4.573311], [-74.134896, 4.573466], [-74.134687, 4.573558], [-74.134535, 4.573619], [-74.1345009, 4.5736259], [-74.1344463, 4.573637], [-74.134353, 4.573656], [-74.134103, 4.573683], [-74.133933, 4.573694], [-74.133751, 4.573692], [-74.133573, 4.573701], [-74.133355, 4.573734], [-74.133174, 4.573759], [-74.132934, 4.573817], [-74.132725, 4.573878], [-74.132513, 4.573962], [-74.132389, 4.574015], [-74.132135, 4.57416], [-74.131916, 4.574297], [-74.131725, 4.574427], [-74.131648, 4.574479], [-74.131518, 4.574517], [-74.131403, 4.574529], [-74.131203, 4.574528], [-74.130995, 4.574529], [-74.130901, 4.574513], [-74.130828, 4.574485], [-74.130766, 4.574443], [-74.1307015, 4.5743728], [-74.1304951, 4.5741261], [-74.1304393, 4.5740271], [-74.1304123, 4.5739197], [-74.130349, 4.57323], [-74.130347, 4.572988], [-74.130372, 4.572618], [-74.130403, 4.57246], [-74.130441, 4.572331], [-74.130534, 4.572156], [-74.13061, 4.572057], [-74.130791, 4.571874], [-74.1309, 4.5718], [-74.131013, 4.571742], [-74.131229, 4.571666], [-74.131378, 4.571635], [-74.131517, 4.571621], [-74.131632, 4.571626], [-74.13182, 4.571633], [-74.13196, 4.571624], [-74.132124, 4.571599], [-74.132252, 4.57157], [-74.132359, 4.57154], [-74.132526, 4.571477], [-74.132624, 4.571427], [-74.1327288, 4.5713736], [-74.1328079, 4.5713197], [-74.1328965, 4.5712486], [-74.132974, 4.571179], [-74.133113, 4.571047], [-74.133209, 4.570942], [-74.1332267, 4.5709246], [-74.1332506, 4.5708996], [-74.133873, 4.570288]]}}, {"type": "Feature", "properties": {"highway": "cycleway", "cycleway": null, "name": null}, "geometry": {"type": "LineString", "coordinates": [[-74.0412041, 4.7604525], [-74.041083, 4.7619785], [-74.0410838, 4.7620138], [-74.0409531, 4.7637341], [-74.0409107, 4.7639668], [-74.0408974, 4.7640395], [-74.0408687, 4.764133], [-74.0408609, 4.7641569], [-74.0397161, 4.7676647], [-74.039643, 4.7680498], [-74.0389487, 4.7706717], [-74.0389374, 4.770719], [-74.0388867, 4.77093], [-74.038865, 4.7710205], [-74.0388581, 4.7711818], [-74.0388559, 4.7713151], [-74.0388822, 4.7714547], [-74.039231, 4.7725299], [-74.0393275, 4.7728419], [-74.0396064, 4.7737667], [-74.0396123, 4.7737858], [-74.0399524, 4.774884], [-74.0400204, 4.7750829], [-74.0401133, 4.7753544], [-74.0404215, 4.7763608], [-74.040462, 4.7764931], [-74.0406578, 4.7771292], [-74.0408697, 4.7775569], [-74.0410347, 4.7778835], [-74.0410459, 4.7779057], [-74.0410583, 4.7779303], [-74.0414679, 4.778741], [-74.0415179, 4.778847], [-74.0415281, 4.7789185], [-74.0415376, 4.7789856]]}}, {"type": "Feature", "properties": {"highway": "cycleway", "cycleway": null, "name": null}, "geometry": {"type": "LineString", "coordinates": [[-74.0512359, 4.719013], [-74.0523745, 4.7191563]]}}, {"type": "Feature", "properties": {"highway": "cycleway", "cycleway": null, "name": null}, "geometry": {"type": "LineString", "coordinates": [[-74.0600854, 4.7211685], [-74.0602617, 4.721304]]}}, {"type": "Feature", "properties": {"highway": "cycleway", "cycleway": null, "name": null}, "geometry": {"type": "LineString", "coordinates": [[-74.0602617, 4.721304], [-74.0603998, 4.7214171], [-74.060415, 4.7214295], [-74.0611462, 4.7220283], [-74.0612238, 4.7220918], [-74.0613735, 4.7221995], [-74.0615465, 4.7223009], [-74.0617089, 4.7223829], [-74.0619779, 4.7225032], [-74.0620224, 4.7225213], [-74.0627367, 4.7228115], [-74.0627847, 4.722831], [-74.0636723, 4.7232117], [-74.0643909, 4.7235271], [-74.065015, 4.7237912], [-74.0654432, 4.7239767], [-74.0656042, 4.7240947], [-74.0656258, 4.7241019], [-74.0656652, 4.7241164], [-74.0656986, 4.7241267], [-74.0657093, 4.7241304], [-74.0657629, 4.724148], [-74.0658351, 4.724173], [-74.0659912, 4.7242285], [-74.0662251, 4.7243123], [-74.0664384, 4.7243877], [-74.0665601, 4.7244297], [-74.0666253, 4.7244511], [-74.0667145, 4.7244803], [-74.0668058, 4.72449], [-74.0679847, 4.7249614], [-74.0692286, 4.7254379], [-74.0705179, 4.7259441], [-74.0706101, 4.7259822], [-74.0706522, 4.7260106], [-74.0706942, 4.7260389], [-74.0707444, 4.7261284]]}}, {"type": "Feature", "properties": {"highway": "cycleway", "cycleway": null, "name": null}, "geometry": {"type": "LineString", "coordinates": [[-74.1210328, 4.6768164], [-74.1211017, 4.6768104], [-74.1212242, 4.6767817], [-74.12134, 4.6767116], [-74.1215252, 4.6765234], [-74.1220249, 4.6759593], [-74.1221721, 4.6757965], [-74.1223476, 4.6755738], [-74.1224473, 4.675458], [-74.1225796, 4.6752773], [-74.1228056, 4.6749888], [-74.1230105, 4.674684], [-74.1230343, 4.6746531], [-74.1231415, 4.6745138], [-74.1237882, 4.6737439], [-74.1242631, 4.6731415]]}}, {"type": "Feature", "properties": {"highway": "cycleway", "cycleway": null, "name": null}, "geometry": {"type": "LineString", "coordinates": [[-74.0374701, 4.7395935], [-74.0375166, 4.7396033], [-74.0378825, 4.739681]]}}, {"type": "Feature", "properties": {"highway": "cycleway", "cycleway": null, "name": null}, "geometry": {"type": "LineString", "coordinates": [[-74.0372272, 4.7395419], [-74.0372714, 4.7395513]]}}, {"type": "Feature", "properties": {"highway": "cycleway", "cycleway": null, "name": null}, "geometry": {"type": "LineString", "coordinates": [[-74.0649664, 4.6712804], [-74.0649153, 4.6712167], [-74.064639, 4.6708723], [-74.0645187, 4.670722], [-74.0644562, 4.6706438], [-74.0644186, 4.6705968], [-74.0642982, 4.6704465], [-74.0642671, 4.6704077], [-74.0640944, 4.6702073], [-74.0640023, 4.6701004], [-74.0639188, 4.6700027], [-74.0637435, 4.6697978], [-74.0636124, 4.6696448], [-74.0635652, 4.6695897], [-74.0635229, 4.6695343], [-74.0634518, 4.669441], [-74.0634166, 4.6693948], [-74.0633923, 4.669363], [-74.0633487, 4.6693091], [-74.0632693, 4.6692109], [-74.0632323, 4.6691646], [-74.0631026, 4.6690023], [-74.0628682, 4.668707], [-74.0627546, 4.668574], [-74.0627232, 4.6685349], [-74.0623468, 4.6680613], [-74.0622366, 4.6679279]]}}, {"type": "Feature", "properties": {"highway": "cycleway", "cycleway": null, "name": null}, "geometry": {"type": "LineString", "coordinates": [[-74.0515869, 4.7184322], [-74.0515138, 4.7188311], [-74.0514287, 4.7192955], [-74.0511894, 4.7196539]]}}, {"type": "Feature", "properties": {"highway": "cycleway", "cycleway": null, "name": null}, "geometry": {"type": "LineString", "coordinates": [[-74.0508806, 4.7220215], [-74.0508749, 4.722073], [-74.0508719, 4.7221394], [-74.050854, 4.722353], [-74.0507883, 4.7227495], [-74.050743, 4.7230278], [-74.0506817, 4.7234356], [-74.050577, 4.724007], [-74.0505502, 4.7241664], [-74.0504781, 4.72466], [-74.0504555, 4.7247935], [-74.0504511, 4.7248195], [-74.0504458, 4.7248511]]}}, {"type": "Feature", "properties": {"highway": "cycleway", "cycleway": null, "name": null}, "geometry": {"type": "LineString", "coordinates": [[-74.0455372, 4.7513314], [-74.0455896, 4.7513309], [-74.0456672, 4.7513318], [-74.0457794, 4.751352], [-74.0463091, 4.7514828]]}}, {"type": "Feature", "properties": {"highway": "cycleway", "cycleway": null, "name": null}, "geometry": {"type": "LineString", "coordinates": [[-74.0437972, 4.7637223], [-74.0438239, 4.763755], [-74.0438339, 4.7637819], [-74.0438372, 4.7638107], [-74.0438336, 4.763861], [-74.0437836, 4.7648459], [-74.0437328, 4.7652441], [-74.0435266, 4.7664305], [-74.0433795, 4.7673577], [-74.0433144, 4.7677726], [-74.0433086, 4.7678095], [-74.0432822, 4.7679705], [-74.043262, 4.7680975], [-74.0431874, 4.7685453], [-74.0431148, 4.7689601], [-74.0430274, 4.7695351], [-74.042978, 4.7697948], [-74.0429697, 4.7698326]]}}, {"type": "Feature", "properties": {"highway": "cycleway", "cycleway": null, "name": null}, "geometry": {"type": "LineString", "coordinates": [[-74.0448885, 4.7633768], [-74.0448516, 4.7636056], [-74.0448273, 4.7637516], [-74.0447195, 4.7644557], [-74.0446689, 4.7647788], [-74.0446671, 4.7647904], [-74.0446471, 4.7648066], [-74.0446278, 4.7648925], [-74.0446191, 4.7649315], [-74.0446124, 4.7649615], [-74.0446052, 4.7649938], [-74.0445818, 4.7650985], [-74.0445756, 4.7651263], [-74.0445751, 4.7651639], [-74.0445746, 4.7652049], [-74.0440728, 4.7679997]]}}, {"type": "Feature", "properties": {"highway": "cycleway", "cycleway": null, "name": null}, "geometry": {"type": "LineString", "coordinates": [[-74.0453881, 4.761044], [-74.0454407, 4.7610288], [-74.0455012, 4.7610222], [-74.0455555, 4.7610218], [-74.0457728, 4.7610575], [-74.0458877, 4.7610763], [-74.0459491, 4.7610772], [-74.0459983, 4.7610719], [-74.0460677, 4.761053], [-74.0461464, 4.7610259], [-74.046238, 4.7609294], [-74.0463066, 4.7608606], [-74.046391, 4.760833], [-74.0464603, 4.7608322], [-74.0465727, 4.7608376], [-74.0466122, 4.7608456], [-74.0466417, 4.7608647], [-74.0466579, 4.7608752], [-74.04703, 4.7611611], [-74.0472237, 4.7613099], [-74.0472543, 4.7613324], [-74.0472827, 4.7613527], [-74.0473251, 4.7613846], [-74.0474698, 4.7614911], [-74.0474825, 4.7615002], [-74.0479107, 4.7618094], [-74.047953, 4.7618409]]}}, {"type": "Feature", "properties": {"highway": "cycleway", "cycleway": null, "name": "Avenida Santa B\u00e1rbara"}, "geometry": {"type": "LineString", "coordinates": [[-74.0503188, 4.6964195], [-74.0503328, 4.6963524], [-74.0504003, 4.6960035], [-74.0505271, 4.6952281], [-74.050535, 4.6951696]]}}, {"type": "Feature", "properties": {"highway": "cycleway", "cycleway": null, "name": null}, "geometry": {"type": "LineString", "coordinates": [[-74.0502789, 4.696645], [-74.0503188, 4.6964195]]}}, {"type": "Feature", "properties": {"highway": "cycleway", "cycleway": null, "name": null}, "geometry": {"type": "LineString", "coordinates": [[-74.0570488, 4.7075116], [-74.0582482, 4.707723], [-74.0582867, 4.7077295], [-74.058435, 4.7077525], [-74.0595667, 4.7079561]]}}, {"type": "Feature", "properties": {"highway": "cycleway", "cycleway": null, "name": null}, "geometry": {"type": "LineString", "coordinates": [[-74.0539299, 4.7087739], [-74.0538341, 4.7093468], [-74.0537721, 4.7097222], [-74.053718, 4.7100495], [-74.0536048, 4.710726], [-74.0535793, 4.7108787], [-74.0534918, 4.7114418]]}}, {"type": "Feature", "properties": {"highway": "cycleway", "cycleway": null, "name": null}, "geometry": {"type": "LineString", "coordinates": [[-74.0606879, 4.678741], [-74.0611587, 4.6788283], [-74.0617199, 4.6789301], [-74.0619756, 4.6789772], [-74.0627727, 4.6791086], [-74.063045, 4.6791544], [-74.0638321, 4.6792755], [-74.0639476, 4.6792933], [-74.0639807, 4.6792806], [-74.0642704, 4.6791689], [-74.0652569, 4.6792943], [-74.0652878, 4.6792982]]}}, {"type": "Feature", "properties": {"highway": "cycleway", "cycleway": null, "name": null}, "geometry": {"type": "LineString", "coordinates": [[-74.0627719, 4.6841554], [-74.0629883, 4.684609], [-74.0629949, 4.6846222], [-74.0630208, 4.6846746], [-74.0630401, 4.6847122], [-74.0633753, 4.6853663], [-74.0634643, 4.6855247], [-74.0638379, 4.6861794], [-74.0639182, 4.6863436], [-74.0640009, 4.6865274], [-74.0640613, 4.686651], [-74.0641853, 4.6869096], [-74.064371, 4.6872968]]}}, {"type": "Feature", "properties": {"highway": "cycleway", "cycleway": null, "name": null}, "geometry": {"type": "LineString", "coordinates": [[-74.0917265, 4.7096552], [-74.0916483, 4.7097617]]}}, {"type": "Feature", "properties": {"highway": "cycleway", "cycleway": null, "name": null}, "geometry": {"type": "LineString", "coordinates": [[-74.0376963, 4.6905854], [-74.0376061, 4.6906323], [-74.0373391, 4.6907714], [-74.0370431, 4.6909255], [-74.0366976, 4.6912219], [-74.0364327, 4.6914491], [-74.0362305, 4.6915946], [-74.0359551, 4.6917488]]}}, {"type": "Feature", "properties": {"highway": "cycleway", "cycleway": null, "name": null}, "geometry": {"type": "LineString", "coordinates": [[-74.0995733, 4.726729], [-74.0993586, 4.7263858], [-74.0992042, 4.7260717], [-74.0991907, 4.7260328], [-74.0991722, 4.7259838], [-74.0990925, 4.725773], [-74.0990882, 4.7257629], [-74.0990661, 4.7256851], [-74.098981, 4.7254206], [-74.0989219, 4.7252318], [-74.0987633, 4.724721], [-74.0987538, 4.7246879], [-74.0986466, 4.7244247], [-74.0985342, 4.7241819], [-74.0983543, 4.723876], [-74.0983105, 4.7237786], [-74.0981457, 4.7234822], [-74.0978666, 4.7230533], [-74.0977921, 4.7229427]]}}, {"type": "Feature", "properties": {"highway": "cycleway", "cycleway": null, "name": null}, "geometry": {"type": "LineString", "coordinates": [[-74.1000497, 4.7273456], [-74.0999005, 4.7271775], [-74.0997687, 4.7270093], [-74.0995733, 4.726729]]}}, {"type": "Feature", "properties": {"highway": "cycleway", "cycleway": null, "name": null}, "geometry": {"type": "LineString", "coordinates": [[-74.1002496, 4.7272056], [-74.1000924, 4.7270119], [-74.0999374, 4.7267996], [-74.0998047, 4.7265923]]}}, {"type": "Feature", "properties": {"highway": "cycleway", "cycleway": null, "name": null}, "geometry": {"type": "LineString", "coordinates": [[-74.0998047, 4.7265923], [-74.0996538, 4.7263449], [-74.0994909, 4.7260346], [-74.0994237, 4.7258725], [-74.0993634, 4.7257081], [-74.0992505, 4.7253427], [-74.099109, 4.7249116], [-74.0990997, 4.7248834], [-74.0989594, 4.7244586], [-74.0989317, 4.7243968], [-74.0988198, 4.7241465], [-74.0986745, 4.7238521], [-74.098442, 4.7234588], [-74.0981004, 4.7228949], [-74.0979976, 4.7227344], [-74.0979154, 4.7226243], [-74.0977658, 4.7224418], [-74.0975921, 4.722246], [-74.0974464, 4.7220767], [-74.0972497, 4.7218834], [-74.0971366, 4.7217849], [-74.096953, 4.721625], [-74.0962522, 4.7210842], [-74.0958441, 4.7207709], [-74.095479, 4.7204656], [-74.095243, 4.7202373], [-74.0950748, 4.720059], [-74.0949429, 4.7199126], [-74.0949056, 4.7198716], [-74.0948708, 4.7198339], [-74.0942814, 4.7191459], [-74.0941919, 4.7190053], [-74.0940563, 4.7188435], [-74.093923, 4.7187347], [-74.0936116, 4.7183833], [-74.0935579, 4.7183113], [-74.093478, 4.7182041], [-74.0933551, 4.7180249], [-74.0932492, 4.7178307], [-74.0931716, 4.7176435], [-74.0930376, 4.7172938], [-74.0930343, 4.7172323]]}}, {"type": "Feature", "properties": {"highway": "cycleway", "cycleway": null, "name": null}, "geometry": {"type": "LineString", "coordinates": [[-74.1212309, 4.7294944], [-74.121298, 4.7295764]]}}, {"type": "Feature", "properties": {"highway": "cycleway", "cycleway": "yes", "name": null}, "geometry": {"type": "LineString", "coordinates": [[-74.0940241, 4.712108], [-74.0938085, 4.7115869], [-74.0938112, 4.7114933], [-74.0938292, 4.7113947], [-74.0938188, 4.7113493], [-74.0937701, 4.7112613], [-74.093507, 4.7109039], [-74.0934461, 4.710846], [-74.0929629, 4.7104071], [-74.0925811, 4.7100682], [-74.0924003, 4.7099553], [-74.0922084, 4.7098943], [-74.09205, 4.7098454], [-74.0918997, 4.7097276], [-74.0917265, 4.7096552], [-74.0914182, 4.7095517], [-74.0912772, 4.7094188], [-74.0911669, 4.7092621], [-74.0910705, 4.708996], [-74.0909634, 4.7087669], [-74.090835, 4.7085785], [-74.0906802, 4.7084306], [-74.0903014, 4.7081227], [-74.0901371, 4.7079416], [-74.0900224, 4.7077352], [-74.089985, 4.7075434], [-74.0899406, 4.7073411], [-74.0899137, 4.7072117], [-74.08988, 4.7070494], [-74.0898086, 4.7067791], [-74.0897108, 4.7066426], [-74.0896494, 4.7065948], [-74.0895474, 4.706547], [-74.0893258, 4.7064918], [-74.0893037, 4.7064864], [-74.0891766, 4.7064554], [-74.0886503, 4.7061371], [-74.0883429, 4.7059287], [-74.0882464, 4.705835], [-74.0882077, 4.7057975], [-74.0881164, 4.7055773], [-74.0881137, 4.7051746], [-74.0881419, 4.7046298], [-74.0881575, 4.7045349], [-74.0881895, 4.704348], [-74.0882536, 4.7041512], [-74.0884134, 4.7038874], [-74.0884873, 4.7036414], [-74.0884964, 4.7036112], [-74.0885556, 4.7030475], [-74.0885449, 4.7026614], [-74.0885228, 4.7024071], [-74.0884909, 4.7020411], [-74.0884825, 4.7018873], [-74.0884596, 4.7014673], [-74.0885013, 4.7012487], [-74.0885319, 4.7010885], [-74.0885642, 4.7006496], [-74.0884967, 4.7002561], [-74.0883293, 4.69928], [-74.0883454, 4.6990208], [-74.0884422, 4.6988419], [-74.0884502, 4.6987917], [-74.088422, 4.6987314], [-74.0883381, 4.698613], [-74.088236, 4.6985937], [-74.0880833, 4.6985707], [-74.0878434, 4.6985807], [-74.0876641, 4.6985353], [-74.0872547, 4.6982041], [-74.0866847, 4.6976592], [-74.0863208, 4.6972967], [-74.0861995, 4.6971587], [-74.0861001, 4.6970205], [-74.0859658, 4.6967954]]}}, {"type": "Feature", "properties": {"highway": "cycleway", "cycleway": null, "name": null}, "geometry": {"type": "LineString", "coordinates": [[-74.121336, 4.7296223], [-74.1227804, 4.7283824], [-74.1231726, 4.7281426], [-74.1235649, 4.7279089], [-74.1243293, 4.728815], [-74.1247838, 4.7289733], [-74.1248141, 4.7289839], [-74.1248774, 4.7290059]]}}, {"type": "Feature", "properties": {"highway": "cycleway", "cycleway": null, "name": null}, "geometry": {"type": "LineString", "coordinates": [[-74.1068065, 4.7236426], [-74.1068382, 4.7239529], [-74.1068702, 4.724442], [-74.1069433, 4.7253587], [-74.106957, 4.7254093], [-74.1069862, 4.7254469], [-74.1070333, 4.7254914], [-74.1070941, 4.7255221], [-74.1074044, 4.7256847], [-74.1075501, 4.7257818], [-74.107669, 4.7258693], [-74.1077285, 4.7259593], [-74.107764, 4.7260377], [-74.1078524, 4.7261528], [-74.1079503, 4.726252], [-74.1082334, 4.7264627], [-74.1083725, 4.7265652], [-74.1085078, 4.7266413], [-74.1086431, 4.7267228], [-74.1087882, 4.7267931], [-74.1093058, 4.7270101], [-74.1093872, 4.727052], [-74.1094547, 4.7271107], [-74.1094926, 4.7271507], [-74.1096514, 4.7273042], [-74.1097102, 4.727378], [-74.1098188, 4.727531], [-74.1100427, 4.7279893], [-74.1102599, 4.7282385], [-74.110412, 4.7284174], [-74.1104705, 4.7284724], [-74.1107932, 4.7287605], [-74.111122, 4.7290507], [-74.1111831, 4.7290765], [-74.1112566, 4.7290904], [-74.111322, 4.7290969], [-74.1114833, 4.7291349], [-74.111611, 4.7292068], [-74.1116799, 4.7292596], [-74.1118034, 4.7293842], [-74.1118121, 4.7294163], [-74.1123263, 4.7299479], [-74.1125516, 4.7301071], [-74.1132062, 4.7307557], [-74.1138043, 4.731293], [-74.1140094, 4.731604], [-74.1141986, 4.7317848], [-74.1142733, 4.7319234], [-74.1143542, 4.7320735], [-74.1144105, 4.7322473], [-74.1144564, 4.7324937], [-74.1146171, 4.7333566], [-74.1147351, 4.7339393], [-74.1148155, 4.7341291], [-74.1149497, 4.7342414], [-74.1152622, 4.7344048], [-74.1153558, 4.7344484], [-74.1158214, 4.7345755], [-74.1160467, 4.7346557], [-74.1165015, 4.734907], [-74.1165861, 4.734933], [-74.1166536, 4.7349246], [-74.1167035, 4.7348988], [-74.116951, 4.7346873], [-74.1170319, 4.7346147], [-74.1171876, 4.7344912], [-74.117259, 4.7344365], [-74.1179001, 4.7337682], [-74.118568, 4.7330545], [-74.1187262, 4.7328567], [-74.1188094, 4.7326001], [-74.1188391, 4.7325121], [-74.1191975, 4.7314132], [-74.119304, 4.731096], [-74.1196195, 4.7308178], [-74.119976, 4.7305017], [-74.1209337, 4.7296945], [-74.1212046, 4.7294646]]}}, {"type": "Feature", "properties": {"highway": "cycleway", "cycleway": null, "name": null}, "geometry": {"type": "LineString", "coordinates": [[-74.0799934, 4.6850893], [-74.0798226, 4.6848491], [-74.0794403, 4.6843611]]}}, {"type": "Feature", "properties": {"highway": "cycleway", "cycleway": "yes", "name": null}, "geometry": {"type": "LineString", "coordinates": [[-74.1537175, 4.6440324], [-74.1534436, 4.6435821], [-74.1531014, 4.6432044], [-74.153017, 4.6429132]]}}, {"type": "Feature", "properties": {"highway": "cycleway", "cycleway": null, "name": null}, "geometry": {"type": "LineString", "coordinates": [[-74.1537611, 4.6439992], [-74.1537175, 4.6440324]]}}, {"type": "Feature", "properties": {"highway": "cycleway", "cycleway": null, "name": null}, "geometry": {"type": "LineString", "coordinates": [[-74.1407745, 4.6303698], [-74.1408492, 4.6303783], [-74.1410185, 4.6303972], [-74.1411802, 4.6304128], [-74.1427949, 4.6305685], [-74.1433178, 4.6306189], [-74.1434268, 4.630638], [-74.1435576, 4.6306611], [-74.1441009, 4.6307541], [-74.1446213, 4.6308431], [-74.1446589, 4.6308496], [-74.1447003, 4.6308496], [-74.1447553, 4.6308271], [-74.1447904, 4.6307934]]}}, {"type": "Feature", "properties": {"highway": "cycleway", "cycleway": null, "name": "Alameda El Porvenir"}, "geometry": {"type": "LineString", "coordinates": [[-74.1531598, 4.6637512], [-74.1531595, 4.6637303], [-74.1531529, 4.6632271], [-74.1531277, 4.662664], [-74.153124, 4.6622965], [-74.1531223, 4.6621312], [-74.1531261, 4.6620519], [-74.1531426, 4.6619646], [-74.1531876, 4.6618515], [-74.15348, 4.6613116], [-74.1537921, 4.6607831], [-74.1539278, 4.6605455], [-74.1541532, 4.6601504], [-74.1543035, 4.6599825], [-74.1545747, 4.6597527], [-74.1548566, 4.6595084], [-74.1561096, 4.6582595], [-74.1562404, 4.6581291]]}}, {"type": "Feature", "properties": {"highway": "cycleway", "cycleway": null, "name": "Alameda El Porvenir"}, "geometry": {"type": "LineString", "coordinates": [[-74.1531011, 4.6642274], [-74.1531598, 4.6637512]]}}, {"type": "Feature", "properties": {"highway": "cycleway", "cycleway": null, "name": "Alameda El Porvenir"}, "geometry": {"type": "LineString", "coordinates": [[-74.1505763, 4.6676966], [-74.1506289, 4.6676702], [-74.1506771, 4.6676435], [-74.1507147, 4.6676181], [-74.1507335, 4.667597], [-74.1507469, 4.6675753], [-74.1507691, 4.6674625], [-74.1510163, 4.6660736], [-74.1510243, 4.6660366], [-74.151035, 4.6659867], [-74.1510474, 4.6659214], [-74.151081, 4.6657025], [-74.1511273, 4.6655537], [-74.1512293, 4.6654094], [-74.1515243, 4.665091], [-74.1518188, 4.6647731], [-74.1519373, 4.6646716], [-74.1520833, 4.6646006], [-74.152262, 4.6645436], [-74.1526211, 4.6644442], [-74.1530656, 4.6643117], [-74.1531011, 4.6642274]]}}, {"type": "Feature", "properties": {"highway": "cycleway", "cycleway": null, "name": null}, "geometry": {"type": "LineString", "coordinates": [[-74.1387755, 4.6306169], [-74.1394661, 4.6306657], [-74.1398472, 4.6307157], [-74.1400307, 4.6307459], [-74.140225, 4.6307661]]}}, {"type": "Feature", "properties": {"highway": "cycleway", "cycleway": null, "name": null}, "geometry": {"type": "LineString", "coordinates": [[-74.1354563, 4.6302658], [-74.1359362, 4.6302958]]}}, {"type": "Feature", "properties": {"highway": "cycleway", "cycleway": null, "name": null}, "geometry": {"type": "LineString", "coordinates": [[-74.1372784, 4.6304382], [-74.1387755, 4.6306169]]}}, {"type": "Feature", "properties": {"highway": "cycleway", "cycleway": null, "name": null}, "geometry": {"type": "LineString", "coordinates": [[-74.1394661, 4.6306657], [-74.1387792, 4.6305871], [-74.1381067, 4.6305101]]}}, {"type": "Feature", "properties": {"highway": "cycleway", "cycleway": null, "name": null}, "geometry": {"type": "LineString", "coordinates": [[-74.1384751, 4.6257363], [-74.1385047, 4.6253605], [-74.138533, 4.6250903], [-74.1385985, 4.6245259], [-74.1386177, 4.6244847], [-74.1386439, 4.6244437], [-74.1386976, 4.6243618], [-74.1387596, 4.6242719], [-74.1387861, 4.624219], [-74.1387896, 4.6241837], [-74.1387702, 4.6241378], [-74.1387436, 4.6240937], [-74.1387206, 4.6240532], [-74.138689, 4.6239955], [-74.1386746, 4.6239403], [-74.1386799, 4.6238345], [-74.1386901, 4.6237152], [-74.1387091, 4.6235391], [-74.1387683, 4.6230995], [-74.1387726, 4.6230698], [-74.1387784, 4.6230256], [-74.1388391, 4.622575], [-74.1389115, 4.6221331], [-74.1389241, 4.6220547], [-74.1390007, 4.6216743], [-74.139071, 4.6213264], [-74.1390878, 4.6212446], [-74.1390967, 4.6211991], [-74.1391099, 4.6211349], [-74.1391736, 4.6208253], [-74.1392497, 4.6205149], [-74.1392745, 4.6204602], [-74.1393064, 4.6204108], [-74.1393329, 4.6203826], [-74.1393842, 4.6203544], [-74.1394409, 4.6203332], [-74.1395293, 4.6203385], [-74.1396214, 4.620365], [-74.1397222, 4.6203967], [-74.1398178, 4.620402], [-74.1398956, 4.6203914], [-74.1399912, 4.6203614], [-74.1400684, 4.6203115], [-74.1401345, 4.6202327], [-74.1401788, 4.6201322], [-74.1402, 4.6200422], [-74.1402018, 4.6199522], [-74.1401858, 4.6198748], [-74.1401719, 4.6198216], [-74.1401398, 4.6197476], [-74.1400567, 4.6196171], [-74.139924, 4.6194478], [-74.139885, 4.6194072], [-74.1398443, 4.6193684], [-74.1398231, 4.6193384], [-74.1398231, 4.6193031], [-74.1398319, 4.6192502], [-74.1398372, 4.619185], [-74.1398266, 4.6191126], [-74.1397983, 4.6190491], [-74.1397735, 4.6189994], [-74.1397539, 4.6189603], [-74.1397361, 4.6189205], [-74.1397992, 4.6185872], [-74.1398151, 4.6185028], [-74.1398529, 4.6183014], [-74.1399344, 4.6179951], [-74.1400612, 4.6175181], [-74.1400871, 4.6174208], [-74.1401607, 4.6171702], [-74.1403705, 4.6162996], [-74.140541, 4.6154041], [-74.1407687, 4.6142184], [-74.1408353, 4.6139001], [-74.1409463, 4.6132655], [-74.1409797, 4.613077], [-74.1410751, 4.6126052], [-74.1411674, 4.6121291], [-74.1411863, 4.6120148], [-74.1412632, 4.6115306], [-74.1413381, 4.6110589]]}}, {"type": "Feature", "properties": {"highway": "cycleway", "cycleway": null, "name": null}, "geometry": {"type": "LineString", "coordinates": [[-74.0634603, 4.6494314], [-74.0634683, 4.6493809], [-74.0635782, 4.648691], [-74.0637328, 4.647863], [-74.0639045, 4.6468476], [-74.063907, 4.6468326], [-74.0639134, 4.6467948], [-74.063921, 4.6467504], [-74.0639226, 4.6467408], [-74.0640016, 4.6462731], [-74.0640616, 4.6459086], [-74.0642186, 4.6449572], [-74.0643693, 4.6440428], [-74.0643749, 4.6440092], [-74.0643795, 4.6439813], [-74.0644913, 4.6433037], [-74.064555, 4.6429173], [-74.0646772, 4.6421767], [-74.0648961, 4.6408728], [-74.06495, 4.6405203], [-74.0649945, 4.6402621], [-74.0650009, 4.6402247], [-74.0650147, 4.6401387], [-74.0650206, 4.6401019], [-74.0651009, 4.6396022], [-74.0651822, 4.6391375], [-74.0652584, 4.6386723], [-74.06533, 4.6381966], [-74.0653401, 4.6381302], [-74.0653479, 4.6380843], [-74.065489, 4.6372586], [-74.0654914, 4.637243], [-74.0654992, 4.6371965], [-74.0655073, 4.6371488], [-74.0655955, 4.6366125], [-74.0656478, 4.6362937], [-74.0656527, 4.6362738], [-74.0658215, 4.6352425], [-74.0658712, 4.6349413], [-74.065991, 4.6342439], [-74.0660005, 4.6341936], [-74.0661924, 4.6331734], [-74.0662, 4.633133], [-74.0662046, 4.6331089], [-74.0662866, 4.632673], [-74.0663255, 4.6324662], [-74.0663571, 4.6322983]]}}, {"type": "Feature", "properties": {"highway": "cycleway", "cycleway": null, "name": null}, "geometry": {"type": "LineString", "coordinates": [[-74.0944988, 4.7099011], [-74.0946555, 4.7097438], [-74.0952591, 4.7091338], [-74.0957142, 4.7086866], [-74.095993, 4.7084294], [-74.0961038, 4.7083288], [-74.0963535, 4.7080993], [-74.0969831, 4.7074714], [-74.0971513, 4.7073028], [-74.0972574, 4.7071915], [-74.0978041, 4.7066617], [-74.0978443, 4.7065852], [-74.0979153, 4.7065102], [-74.0982882, 4.7061112], [-74.0986502, 4.7057537], [-74.0988544, 4.7055638], [-74.0990629, 4.7053352], [-74.0992336, 4.7051334], [-74.0992742, 4.7050797], [-74.0996414, 4.7045946], [-74.099839, 4.7043031], [-74.0999293, 4.7041665], [-74.1000259, 4.704019], [-74.1002982, 4.7036705], [-74.1003436, 4.7036], [-74.1003737, 4.7035296], [-74.1003928, 4.7034411], [-74.1003956, 4.7033383], [-74.1003746, 4.7030874], [-74.1003453, 4.7029816]]}}, {"type": "Feature", "properties": {"highway": "cycleway", "cycleway": null, "name": null}, "geometry": {"type": "LineString", "coordinates": [[-74.1407482, 4.566873], [-74.1404269, 4.5669399]]}}, {"type": "Feature", "properties": {"highway": "cycleway", "cycleway": null, "name": null}, "geometry": {"type": "LineString", "coordinates": [[-74.1404269, 4.5669399], [-74.1400798, 4.5670062], [-74.1399601, 4.5670269], [-74.139865, 4.5670372], [-74.1397241, 4.5670434], [-74.139474, 4.5670443], [-74.1388805, 4.5670381], [-74.1387384, 4.5670317], [-74.1385719, 4.5670184], [-74.1384747, 4.5670105], [-74.1383362, 4.5670025], [-74.138219, 4.5670012], [-74.1380858, 4.5670038], [-74.1379935, 4.567015]]}}, {"type": "Feature", "properties": {"highway": "cycleway", "cycleway": null, "name": null}, "geometry": {"type": "LineString", "coordinates": [[-74.1454685, 4.5936991], [-74.1455177, 4.5936993], [-74.1455842, 4.5936996]]}}, {"type": "Feature", "properties": {"highway": "cycleway", "cycleway": null, "name": null}, "geometry": {"type": "LineString", "coordinates": [[-74.1454857, 4.5961858], [-74.1454719, 4.5945618]]}}, {"type": "Feature", "properties": {"highway": "cycleway", "cycleway": null, "name": null}, "geometry": {"type": "LineString", "coordinates": [[-74.1792455, 4.5971976], [-74.1792331, 4.5971848], [-74.1792118, 4.5971723], [-74.1791829, 4.5971647], [-74.179158, 4.5971642], [-74.1789332, 4.597164], [-74.1785399, 4.5971637], [-74.1781416, 4.5971633], [-74.1779745, 4.5971785], [-74.1779231, 4.5971994], [-74.1778799, 4.5972243], [-74.17782, 4.59727]]}}, {"type": "Feature", "properties": {"highway": "cycleway", "cycleway": null, "name": null}, "geometry": {"type": "LineString", "coordinates": [[-74.1027435, 4.6445426], [-74.1031438, 4.6440562], [-74.1031876, 4.644004], [-74.1036733, 4.6434335], [-74.1036956, 4.6434071], [-74.1037419, 4.6433379], [-74.1038809, 4.6431302], [-74.1039153, 4.6430466], [-74.1039725, 4.6428989], [-74.1042372, 4.642253]]}}, {"type": "Feature", "properties": {"highway": "cycleway", "cycleway": null, "name": null}, "geometry": {"type": "LineString", "coordinates": [[-74.1031296, 4.6450169], [-74.1032162, 4.644894], [-74.1035336, 4.644468], [-74.1035786, 4.6444071], [-74.1040425, 4.6437941], [-74.1040547, 4.6437775], [-74.104145, 4.6436517], [-74.1042341, 4.6434945]]}}, {"type": "Feature", "properties": {"highway": "cycleway", "cycleway": null, "name": null}, "geometry": {"type": "LineString", "coordinates": [[-74.0657722, 4.6783852], [-74.0658161, 4.6784122], [-74.0658654, 4.6784425], [-74.0658889, 4.678457], [-74.0659275, 4.6784807], [-74.0659515, 4.6784955], [-74.0660142, 4.6785341], [-74.0660502, 4.6785562]]}}, {"type": "Feature", "properties": {"highway": "cycleway", "cycleway": null, "name": null}, "geometry": {"type": "LineString", "coordinates": [[-74.0788623, 4.7120488], [-74.0788269, 4.7120363], [-74.0787879, 4.7120322], [-74.0787546, 4.7120423], [-74.0787212, 4.7120729], [-74.0782717, 4.7128009], [-74.0781779, 4.7129511], [-74.0781595, 4.7129806], [-74.0773524, 4.714245], [-74.0769561, 4.7148639], [-74.0767743, 4.715152]]}}, {"type": "Feature", "properties": {"highway": "cycleway", "cycleway": null, "name": null}, "geometry": {"type": "LineString", "coordinates": [[-74.128218, 4.5931624], [-74.1281212, 4.5931994], [-74.1280854, 4.5932099], [-74.1279693, 4.5932438], [-74.1278079, 4.5932758], [-74.1275433, 4.5933185], [-74.1273129, 4.5933373], [-74.1272473, 4.5933315], [-74.1271923, 4.5933194], [-74.1271588, 4.5932873], [-74.1271269, 4.5932249]]}}, {"type": "Feature", "properties": {"highway": "cycleway", "cycleway": null, "name": null}, "geometry": {"type": "LineString", "coordinates": [[-74.0702248, 4.6997676], [-74.0701985, 4.6996725], [-74.0700839, 4.6992597], [-74.0698572, 4.6985537], [-74.0697786, 4.6983847], [-74.0697663, 4.6983582], [-74.0697118, 4.6982417], [-74.0696956, 4.6981989], [-74.0696788, 4.6981544], [-74.0695079, 4.6975861], [-74.0694699, 4.6974753], [-74.0693334, 4.697077]]}}, {"type": "Feature", "properties": {"highway": "cycleway", "cycleway": null, "name": null}, "geometry": {"type": "LineString", "coordinates": [[-74.0676489, 4.6937264], [-74.0680292, 4.6944187], [-74.0681912, 4.6947017]]}}, {"type": "Feature", "properties": {"highway": "cycleway", "cycleway": null, "name": null}, "geometry": {"type": "LineString", "coordinates": [[-74.1079851, 4.6513761], [-74.1079817, 4.6513892], [-74.1079843, 4.6513987], [-74.1084646, 4.6519948], [-74.108518, 4.652061], [-74.1086461, 4.6522157], [-74.1087967, 4.6524062], [-74.1089375, 4.6526007], [-74.1089478, 4.6526114], [-74.1089573, 4.6526181], [-74.1089659, 4.652621], [-74.1089742, 4.6526221]]}}, {"type": "Feature", "properties": {"highway": "cycleway", "cycleway": null, "name": null}, "geometry": {"type": "LineString", "coordinates": [[-74.1080529, 4.6513012], [-74.1080585, 4.6513095], [-74.1080626, 4.6513187], [-74.108065, 4.6513284], [-74.1080657, 4.6513384], [-74.1080646, 4.6513484], [-74.1080619, 4.6513581], [-74.1080575, 4.6513671], [-74.1080516, 4.6513752], [-74.1080444, 4.6513822], [-74.108036, 4.6513879], [-74.1080269, 4.651392], [-74.1080171, 4.6513945], [-74.108008, 4.6513953], [-74.107999, 4.6513946], [-74.1079901, 4.6513926], [-74.1079817, 4.6513892], [-74.1079737, 4.6513843], [-74.1079666, 4.6513783], [-74.1079605, 4.6513712], [-74.1079557, 4.6513632], [-74.1079522, 4.6513546], [-74.1079501, 4.6513455], [-74.1079496, 4.6513362], [-74.1079505, 4.651327], [-74.1079529, 4.651318], [-74.1079583, 4.6513069], [-74.1079658, 4.6512972], [-74.1079752, 4.6512893], [-74.1079861, 4.6512836], [-74.107998, 4.6512803], [-74.1080103, 4.6512795], [-74.1080224, 4.6512814], [-74.1080339, 4.6512858], [-74.1080443, 4.6512925], [-74.1080529, 4.6513012]]}}, {"type": "Feature", "properties": {"highway": "cycleway", "cycleway": null, "name": null}, "geometry": {"type": "LineString", "coordinates": [[-74.0523918, 4.6758799], [-74.0523442, 4.6758547], [-74.051444, 4.6753843], [-74.0508991, 4.6750994], [-74.0502861, 4.6747849], [-74.0494516, 4.6743516], [-74.0481861, 4.6736875], [-74.0481562, 4.6736413]]}}, {"type": "Feature", "properties": {"highway": "cycleway", "cycleway": null, "name": null}, "geometry": {"type": "LineString", "coordinates": [[-74.1106727, 4.6273076], [-74.1106482, 4.6272896], [-74.1106115, 4.6272765], [-74.1103189, 4.6272464], [-74.1102827, 4.6272495], [-74.1102558, 4.6272586], [-74.1102131, 4.6272859], [-74.1101724, 4.627301], [-74.109705, 4.6272566], [-74.1089582, 4.6271803], [-74.1087861, 4.6271632], [-74.1082494, 4.6271099], [-74.1081015, 4.6270945], [-74.1080402, 4.6270825], [-74.1080099, 4.6270706], [-74.1079751, 4.6270476], [-74.1079403, 4.6270106], [-74.1079144, 4.6269728], [-74.10788, 4.6269041], [-74.1078191, 4.6267998], [-74.1077928, 4.6267579], [-74.1077021, 4.6266241], [-74.1076236, 4.6265304], [-74.1075909, 4.6264889], [-74.1075412, 4.6264258], [-74.1075217, 4.6264067], [-74.1074823, 4.6263719], [-74.1074492, 4.6263427], [-74.1073659, 4.6262932], [-74.1072863, 4.6262544], [-74.1071826, 4.6262068], [-74.1071015, 4.6261792], [-74.1069361, 4.626142], [-74.106796, 4.6261216], [-74.1066489, 4.6261121], [-74.106578, 4.6261259], [-74.1065316, 4.6261341], [-74.1064082, 4.6261582], [-74.1062209, 4.6262316], [-74.1060299, 4.6263447], [-74.1059484, 4.6263884], [-74.1058635, 4.6263957], [-74.1058096, 4.6263884], [-74.1057516, 4.6263627], [-74.1055857, 4.6262247], [-74.1043942, 4.6251935], [-74.1043121, 4.6251226], [-74.1041995, 4.6250215], [-74.103785, 4.6246496], [-74.1028424, 4.6238031], [-74.102753, 4.6237219], [-74.1023306, 4.6233382], [-74.1022749, 4.6232876], [-74.1022524, 4.6232672], [-74.1021714, 4.6231936], [-74.1021502, 4.6231743], [-74.1020812, 4.6231117], [-74.1019905, 4.6230293], [-74.101658, 4.6227389], [-74.1009573, 4.6221036], [-74.100538, 4.6217191], [-74.0998824, 4.6211284], [-74.0998256, 4.6210772], [-74.0997803, 4.6210418], [-74.0997272, 4.6209891], [-74.0996563, 4.6209257], [-74.0995917, 4.6208691], [-74.0995382, 4.62082], [-74.0993435, 4.6206458], [-74.0992732, 4.6205829], [-74.0988714, 4.6202234], [-74.0988184, 4.620176], [-74.0987885, 4.6201502], [-74.0987532, 4.6201198], [-74.0987043, 4.6200782], [-74.0982356, 4.6196789], [-74.0979068, 4.6193984], [-74.0976704, 4.6191868], [-74.097034, 4.6186176], [-74.0969494, 4.6185419], [-74.0969226, 4.618518], [-74.0969043, 4.6185016], [-74.0959166, 4.6176179], [-74.0954491, 4.6171997], [-74.0947908, 4.6166108], [-74.0946217, 4.6164595], [-74.0945608, 4.616405], [-74.093702, 4.6156387]]}}, {"type": "Feature", "properties": {"highway": "cycleway", "cycleway": null, "name": null}, "geometry": {"type": "LineString", "coordinates": [[-74.0650641, 4.6982551], [-74.0651044, 4.6985014], [-74.0652093, 4.6987749], [-74.0653156, 4.6990586], [-74.0654266, 4.6992907], [-74.0654303, 4.6993013], [-74.0657135, 4.7000724]]}}, {"type": "Feature", "properties": {"highway": "cycleway", "cycleway": null, "name": null}, "geometry": {"type": "LineString", "coordinates": [[-74.0714971, 4.7088273], [-74.071509, 4.7088843], [-74.0715406, 4.7090334], [-74.0715454, 4.709053], [-74.071569, 4.7091652], [-74.0715878, 4.7092547], [-74.0716062, 4.7093371], [-74.071633, 4.7094922], [-74.071639, 4.7095141], [-74.0716552, 4.709683], [-74.0716607, 4.7097388], [-74.0716677, 4.7098127], [-74.071672, 4.7098547], [-74.0716774, 4.709934], [-74.0716879, 4.7100179], [-74.0717046, 4.7101306], [-74.0717136, 4.7101776], [-74.0717271, 4.7102478], [-74.0717357, 4.7102851], [-74.0717448, 4.7103286], [-74.0717522, 4.7103726], [-74.0717566, 4.7104153], [-74.071756, 4.7104581], [-74.0717417, 4.7105206], [-74.0717215, 4.7105805], [-74.071695, 4.7106392], [-74.0716636, 4.7106941]]}}, {"type": "Feature", "properties": {"highway": "cycleway", "cycleway": null, "name": null}, "geometry": {"type": "LineString", "coordinates": [[-74.0534918, 4.7114418], [-74.0533649, 4.7122435], [-74.0532346, 4.7130703], [-74.0532275, 4.7131118], [-74.0531479, 4.7135737], [-74.053089, 4.7138507]]}}, {"type": "Feature", "properties": {"highway": "cycleway", "cycleway": null, "name": null}, "geometry": {"type": "LineString", "coordinates": [[-74.0529413, 4.7146947], [-74.0528295, 4.7155032], [-74.0528229, 4.7155505], [-74.0528117, 4.7156169], [-74.0528044, 4.7156565], [-74.052739, 4.7160048]]}}, {"type": "Feature", "properties": {"highway": "cycleway", "cycleway": null, "name": null}, "geometry": {"type": "LineString", "coordinates": [[-74.0523745, 4.7191563], [-74.0527056, 4.719224], [-74.0527526, 4.7192489], [-74.0527802, 4.7192785], [-74.0528173, 4.7193355], [-74.0528634, 4.71933], [-74.0528953, 4.7193233], [-74.0529661, 4.7192465], [-74.0532213, 4.7192034], [-74.053474, 4.7191666], [-74.0537547, 4.7192225], [-74.0537948, 4.7192305], [-74.0540565, 4.7191304], [-74.0543372, 4.7191198], [-74.0545903, 4.7191482], [-74.0554271, 4.719241], [-74.0562511, 4.7193307], [-74.0570525, 4.719501], [-74.0572104, 4.7195457], [-74.0573383, 4.7195894], [-74.0574825, 4.7196479], [-74.0576772, 4.719732]]}}, {"type": "Feature", "properties": {"highway": "cycleway", "cycleway": null, "name": null}, "geometry": {"type": "LineString", "coordinates": [[-74.0576772, 4.719732], [-74.0583396, 4.7200438]]}}, {"type": "Feature", "properties": {"highway": "cycleway", "cycleway": null, "name": null}, "geometry": {"type": "LineString", "coordinates": [[-74.0583396, 4.7200438], [-74.0584123, 4.7200829], [-74.0591904, 4.7205084], [-74.0593809, 4.7206169], [-74.059524, 4.720715], [-74.0597916, 4.720924], [-74.0600854, 4.7211685]]}}, {"type": "Feature", "properties": {"highway": "cycleway", "cycleway": null, "name": "Carrera 54"}, "geometry": {"type": "LineString", "coordinates": [[-74.0568851, 4.7276843], [-74.0568526, 4.7278692], [-74.0564712, 4.7299879]]}}, {"type": "Feature", "properties": {"highway": "cycleway", "cycleway": null, "name": null}, "geometry": {"type": "LineString", "coordinates": [[-74.0494852, 4.7353142], [-74.0494847, 4.7353191], [-74.0494492, 4.7355666], [-74.049343, 4.7362466], [-74.0493381, 4.7362778], [-74.049264, 4.7367523], [-74.0492621, 4.7368041], [-74.0492714, 4.7368636], [-74.049308, 4.7369342], [-74.0493473, 4.7369862], [-74.0494296, 4.7370616], [-74.0495472, 4.7371666], [-74.049658, 4.7372655], [-74.0497524, 4.7373573], [-74.0497933, 4.73741], [-74.0498641, 4.7375384], [-74.0499235, 4.7376468], [-74.0499946, 4.7377315], [-74.0500797, 4.7378064], [-74.0501459, 4.7378497], [-74.0502422, 4.7379037], [-74.0503527, 4.7379517], [-74.0504519, 4.7379851], [-74.0505628, 4.7380146], [-74.0507663, 4.7380529], [-74.0508921, 4.7380764], [-74.0510951, 4.7381144], [-74.0519015, 4.738313]]}}, {"type": "Feature", "properties": {"highway": "cycleway", "cycleway": null, "name": null}, "geometry": {"type": "LineString", "coordinates": [[-74.068321, 4.729686], [-74.0683331, 4.7297194], [-74.0683355, 4.7297294], [-74.068345, 4.7297693], [-74.0683463, 4.7298094], [-74.0683365, 4.7298688], [-74.0683243, 4.7299223], [-74.068302, 4.7299757], [-74.0682739, 4.7300367], [-74.0682417, 4.7300896], [-74.0682075, 4.7301581], [-74.0681825, 4.7302267], [-74.068011, 4.7307049], [-74.0678653, 4.7310738], [-74.0677596, 4.731329], [-74.0676655, 4.7315548], [-74.067601, 4.7316852], [-74.0675909, 4.7317056], [-74.0674719, 4.7319906], [-74.0673217, 4.7323007], [-74.067201, 4.7325894], [-74.0670825, 4.7328953], [-74.0670508, 4.732985], [-74.0670101, 4.7331163], [-74.0669596, 4.7332791], [-74.0669381, 4.7333085], [-74.066914, 4.7333619], [-74.0669086, 4.7334154], [-74.0669019, 4.7334742], [-74.0667702, 4.7339239], [-74.066715, 4.7340806], [-74.0666883, 4.7341522], [-74.0666766, 4.7341855], [-74.0666386, 4.7342728]]}}, {"type": "Feature", "properties": {"highway": "cycleway", "cycleway": null, "name": null}, "geometry": {"type": "LineString", "coordinates": [[-74.0518957, 4.7209296], [-74.0517849, 4.7215722]]}}, {"type": "Feature", "properties": {"highway": "cycleway", "cycleway": null, "name": null}, "geometry": {"type": "LineString", "coordinates": [[-74.0688345, 4.7299058], [-74.0687973, 4.7299257], [-74.0687708, 4.7299483], [-74.0687422, 4.7299859], [-74.0684766, 4.7306561], [-74.0683006, 4.7311016], [-74.0681325, 4.7315889], [-74.068065, 4.7317326], [-74.067879, 4.7321288], [-74.0678192, 4.7322689], [-74.0676743, 4.7326406], [-74.0675536, 4.7329382], [-74.067425, 4.7332815], [-74.0673612, 4.7334828], [-74.0669735, 4.7348251], [-74.0669295, 4.7349793], [-74.0667541, 4.7356499], [-74.0667027, 4.7358577], [-74.0666387, 4.7361229], [-74.0664577, 4.7369085], [-74.0663385, 4.7374528], [-74.0661876, 4.7381207], [-74.0661776, 4.7381648], [-74.0660152, 4.7389189], [-74.0658093, 4.7399077], [-74.0657881, 4.7400228], [-74.0657162, 4.7404122], [-74.065713, 4.7404809], [-74.0657077, 4.7405261], [-74.0656963, 4.7405748], [-74.0656837, 4.7406254], [-74.065671, 4.740676], [-74.0655688, 4.7412778], [-74.0655157, 4.7415775], [-74.0654653, 4.742037], [-74.0654363, 4.7422694], [-74.0654185, 4.7424485]]}}, {"type": "Feature", "properties": {"highway": "cycleway", "cycleway": null, "name": null}, "geometry": {"type": "LineString", "coordinates": [[-74.0657365, 4.7601293], [-74.0658611, 4.7599325], [-74.065899, 4.7598438], [-74.0659914, 4.7596342], [-74.0660275, 4.7595239], [-74.0660496, 4.7594276], [-74.0660913, 4.7592181], [-74.0660985, 4.7590615], [-74.0660952, 4.7589247], [-74.0660921, 4.7588094], [-74.0660807, 4.758694], [-74.066033, 4.7584695], [-74.0658933, 4.7579398], [-74.0658765, 4.7578762], [-74.0658421, 4.7577644], [-74.0657525, 4.7574707], [-74.0657287, 4.757379], [-74.0656415, 4.7570314], [-74.0656111, 4.75691], [-74.0655413, 4.7563184], [-74.0655213, 4.7562638], [-74.0655118, 4.7562219], [-74.0655167, 4.7561719], [-74.0655179, 4.7561361], [-74.0655131, 4.7560809], [-74.0654563, 4.755667], [-74.0654447, 4.7555776], [-74.0654295, 4.7554444], [-74.0654216, 4.7554049], [-74.0653943, 4.7552292], [-74.0653837, 4.7551129], [-74.0652019, 4.753806], [-74.0651437, 4.7533177], [-74.0650316, 4.7525164], [-74.0649948, 4.7521987], [-74.0649761, 4.7521575], [-74.0649609, 4.7521], [-74.0649657, 4.7520253], [-74.0649109, 4.7516134], [-74.0648898, 4.7513109], [-74.0648548, 4.7509587], [-74.0648528, 4.750936], [-74.0648409, 4.7507721], [-74.0648381, 4.7507333], [-74.0647829, 4.750144], [-74.0647752, 4.7500528], [-74.0647546, 4.7497409], [-74.0647397, 4.7495249], [-74.0647283, 4.749384], [-74.0647171, 4.7491882], [-74.064709, 4.7490132], [-74.0646935, 4.7487409], [-74.0646857, 4.7486003], [-74.064669, 4.7481537], [-74.0646644, 4.7477899], [-74.0646717, 4.7474749], [-74.064673, 4.7473894], [-74.0646755, 4.7471533], [-74.0646812, 4.74698], [-74.0646889, 4.7467456], [-74.0646795, 4.7466754], [-74.0646856, 4.7466108], [-74.0646995, 4.7465461], [-74.0647387, 4.7458846], [-74.064774, 4.7452625], [-74.0648438, 4.7441486], [-74.0649537, 4.7426268]]}}, {"type": "Feature", "properties": {"highway": "cycleway", "cycleway": null, "name": null}, "geometry": {"type": "LineString", "coordinates": [[-74.08905, 4.6545437], [-74.0891696, 4.6544833], [-74.0892981, 4.6544571], [-74.089388, 4.654437], [-74.0897083, 4.6543544], [-74.0898135, 4.6543076], [-74.0899415, 4.6542223], [-74.0901373, 4.6541241], [-74.0902217, 4.6541108], [-74.0902943, 4.6541209], [-74.0903504, 4.6541483], [-74.0904072, 4.654199], [-74.0904367, 4.654271], [-74.0904448, 4.6543551], [-74.0904348, 4.654466], [-74.0904262, 4.6545663], [-74.0903953, 4.6546572], [-74.0903592, 4.6547534], [-74.0902657, 4.6549318], [-74.0902019, 4.6551186], [-74.0901686, 4.6552157], [-74.0896081, 4.6564697], [-74.0895389, 4.6566262], [-74.0892246, 4.6573264], [-74.0891611, 4.6574677], [-74.0889805, 4.6578813], [-74.0888813, 4.6581032], [-74.0887632, 4.6583812], [-74.0886662, 4.6586137], [-74.088628, 4.6586753], [-74.088575, 4.6587234], [-74.0885328, 4.6587468], [-74.0884697, 4.6587537], [-74.0884209, 4.6587464], [-74.0883582, 4.6587189], [-74.0883126, 4.6586626], [-74.0879764, 4.6581842], [-74.0877077, 4.657802], [-74.0874767, 4.6574628], [-74.0874403, 4.6574094], [-74.0868813, 4.6565399], [-74.0868458, 4.6564902], [-74.0864512, 4.6559377], [-74.0863814, 4.6558324], [-74.0863519, 4.655788], [-74.0863305, 4.6557159], [-74.0863305, 4.6556437], [-74.0863412, 4.6555849], [-74.0863841, 4.655518], [-74.086427, 4.6554753], [-74.0864914, 4.6554352], [-74.0871114, 4.6552089], [-74.0875974, 4.6550189]]}}, {"type": "Feature", "properties": {"highway": "cycleway", "cycleway": null, "name": null}, "geometry": {"type": "LineString", "coordinates": [[-74.0875974, 4.6550189], [-74.0877517, 4.6549597], [-74.0879042, 4.6549308], [-74.0881557, 4.654873], [-74.0885299, 4.6547908], [-74.0885906, 4.6547735], [-74.0886446, 4.6547548], [-74.0889083, 4.6546202]]}}, {"type": "Feature", "properties": {"highway": "cycleway", "cycleway": null, "name": "Calle 90"}, "geometry": {"type": "LineString", "coordinates": [[-74.0713322, 4.6837705], [-74.0717636, 4.6839268], [-74.0720298, 4.6840233], [-74.0727058, 4.6842383], [-74.0745968, 4.6848106], [-74.0749868, 4.6848421], [-74.0760764, 4.6848869], [-74.0762467, 4.6848976], [-74.0763955, 4.6849244], [-74.0765319, 4.6849667]]}}, {"type": "Feature", "properties": {"highway": "cycleway", "cycleway": null, "name": null}, "geometry": {"type": "LineString", "coordinates": [[-74.1614304, 4.6105342], [-74.1614373, 4.6104136], [-74.1615064, 4.6095855], [-74.1615119, 4.6095197], [-74.1615172, 4.6094567], [-74.16152, 4.6094223], [-74.16155, 4.6090495], [-74.1615541, 4.6089995], [-74.1615865, 4.6085971], [-74.1615935, 4.6085104], [-74.1616085, 4.6083595], [-74.1616105, 4.608339], [-74.1616239, 4.6082041], [-74.1616707, 4.6077335]]}}, {"type": "Feature", "properties": {"highway": "cycleway", "cycleway": null, "name": null}, "geometry": {"type": "LineString", "coordinates": [[-74.0928395, 4.6908002], [-74.093674, 4.6896182], [-74.0940544, 4.6890726], [-74.0944276, 4.6885395], [-74.0950871, 4.6875776], [-74.095271, 4.6873098], [-74.0952925, 4.6872785], [-74.0953273, 4.6872279], [-74.0957329, 4.6866351], [-74.0962837, 4.6858057], [-74.0968525, 4.6849907], [-74.0974185, 4.6841706], [-74.0979837, 4.6833518], [-74.0985212, 4.682574], [-74.0988001, 4.6821643], [-74.0988334, 4.6821201], [-74.0990342, 4.6818529], [-74.0992656, 4.6815681], [-74.0994874, 4.6813019]]}}, {"type": "Feature", "properties": {"highway": "cycleway", "cycleway": null, "name": null}, "geometry": {"type": "LineString", "coordinates": [[-74.0977921, 4.7229427], [-74.09761, 4.722701], [-74.0975222, 4.7225855], [-74.0974031, 4.7224409], [-74.0973666, 4.7223967], [-74.097102, 4.722132], [-74.0969462, 4.7219905], [-74.0968279, 4.7218833], [-74.0967321, 4.7218057], [-74.0965226, 4.7216352], [-74.0964711, 4.7215933], [-74.0963205, 4.7214783], [-74.0961081, 4.7213159], [-74.0959703, 4.7212101], [-74.095697, 4.7210025], [-74.0956751, 4.7209848], [-74.0952637, 4.7206509], [-74.0951953, 4.720583], [-74.0950636, 4.7204429], [-74.0947369, 4.7200984], [-74.0946622, 4.720018], [-74.0942127, 4.7195027], [-74.0936231, 4.7188424], [-74.0935164, 4.7187088], [-74.0933152, 4.7184595], [-74.0932119, 4.7183011], [-74.0931546, 4.7182186], [-74.0930486, 4.7180379], [-74.0930127, 4.7179652], [-74.0929752, 4.7178893], [-74.0929264, 4.7177903], [-74.0928788, 4.7176509], [-74.092753, 4.7172827]]}}, {"type": "Feature", "properties": {"highway": "cycleway", "cycleway": null, "name": null}, "geometry": {"type": "LineString", "coordinates": [[-74.0806227, 4.7082721], [-74.0812991, 4.7070083], [-74.0813511, 4.7069189], [-74.0814601, 4.7066604], [-74.0815106, 4.7064924], [-74.081566, 4.7063112], [-74.0816091, 4.7060884], [-74.0816244, 4.7057965], [-74.081606, 4.7056401], [-74.081563, 4.7054561], [-74.081594, 4.7053471], [-74.081245, 4.7042944], [-74.0811914, 4.7041528], [-74.0810036, 4.7037251], [-74.0808241, 4.703332], [-74.080789, 4.7032279], [-74.080778, 4.7029409], [-74.0808009, 4.7026512], [-74.08084, 4.7023858], [-74.0808992, 4.7021442], [-74.081017, 4.701664], [-74.0810263, 4.7016047], [-74.0810304, 4.7015785], [-74.0810292, 4.7015431], [-74.0810112, 4.7015043], [-74.0809791, 4.7014678], [-74.0808542, 4.7013785]]}}, {"type": "Feature", "properties": {"highway": "cycleway", "cycleway": null, "name": null}, "geometry": {"type": "LineString", "coordinates": [[-74.109093, 4.6895201], [-74.109139, 4.689514], [-74.1092333, 4.689484], [-74.1092802, 4.689462], [-74.1093167, 4.6894379], [-74.1094084, 4.6893576], [-74.109549, 4.6892226], [-74.1097693, 4.6889863], [-74.110035, 4.6886708], [-74.1103566, 4.6882539], [-74.1105496, 4.6880154]]}}, {"type": "Feature", "properties": {"highway": "cycleway", "cycleway": null, "name": null}, "geometry": {"type": "LineString", "coordinates": [[-74.1327081, 4.7261083], [-74.1344252, 4.7254282], [-74.1350448, 4.7253507], [-74.1355299, 4.72533], [-74.1360134, 4.7253105], [-74.1363799, 4.7253424], [-74.136815, 4.7254095], [-74.1373488, 4.7255966], [-74.1378254, 4.7259389], [-74.1384431, 4.7263825], [-74.1388052, 4.726019], [-74.1394275, 4.725348], [-74.1395087, 4.7252484], [-74.1395321, 4.7252197], [-74.1397359, 4.7250834], [-74.1402093, 4.724923], [-74.1404628, 4.7248696], [-74.1406962, 4.7248856], [-74.1409429, 4.7250005], [-74.1412621, 4.725316], [-74.1415464, 4.7258559], [-74.1416135, 4.7260938], [-74.1415679, 4.7264333], [-74.1416135, 4.7266124], [-74.1427536, 4.7281252], [-74.1428929, 4.7283259]]}}, {"type": "Feature", "properties": {"highway": "cycleway", "cycleway": null, "name": null}, "geometry": {"type": "LineString", "coordinates": [[-74.1263473, 4.7275658], [-74.1263737, 4.7275444], [-74.1268688, 4.7271438], [-74.1268988, 4.7271757], [-74.1270213, 4.7270424], [-74.1270545, 4.726992], [-74.1270784, 4.7269417], [-74.1271162, 4.7259281], [-74.1271215, 4.7252812], [-74.1271591, 4.7249845], [-74.1272664, 4.7246878], [-74.1274166, 4.7244606], [-74.1275909, 4.7242788], [-74.127961, 4.7240676], [-74.1284478, 4.7239445], [-74.1288637, 4.7238485], [-74.1292617, 4.72385], [-74.1294625, 4.7238973], [-74.1297233, 4.7239794], [-74.1300022, 4.7240857], [-74.1302812, 4.724212], [-74.1306633, 4.7244898], [-74.1307488, 4.7245784], [-74.1308167, 4.7246818], [-74.1308616, 4.7247935], [-74.1312494, 4.7250353], [-74.1315606, 4.725463], [-74.1317918, 4.7260869], [-74.1318637, 4.7261981], [-74.1319495, 4.7262546], [-74.1320702, 4.7262863], [-74.1322248, 4.7262637], [-74.1327081, 4.7261083]]}}, {"type": "Feature", "properties": {"highway": "cycleway", "cycleway": null, "name": null}, "geometry": {"type": "LineString", "coordinates": [[-74.0940241, 4.712108], [-74.0940063, 4.7122], [-74.0940463, 4.7125302], [-74.0940832, 4.7128543], [-74.0941295, 4.7130243], [-74.0942016, 4.7131465], [-74.094383, 4.7134196], [-74.0947436, 4.7139599], [-74.0947492, 4.713968], [-74.0952058, 4.7146266], [-74.0952597, 4.714722], [-74.0953033, 4.714876], [-74.0953498, 4.7149957], [-74.0953718, 4.7152336]]}}, {"type": "Feature", "properties": {"highway": "cycleway", "cycleway": null, "name": null}, "geometry": {"type": "LineString", "coordinates": [[-74.0986458, 4.7415039], [-74.0989292, 4.7407601], [-74.0990174, 4.7405419], [-74.0991226, 4.74033], [-74.0991531, 4.7402677], [-74.0992103, 4.7401414], [-74.0992367, 4.7400662], [-74.0992622, 4.739951], [-74.099275, 4.7398422], [-74.0992878, 4.7397617], [-74.0993483, 4.7395486], [-74.0993957, 4.7393675], [-74.0994579, 4.7391532], [-74.0995074, 4.7389824], [-74.0995563, 4.7386349], [-74.0996008, 4.738383], [-74.0996502, 4.7381035], [-74.0997166, 4.7377667], [-74.0997243, 4.7377095], [-74.0997687, 4.7374961], [-74.0998323, 4.7372521], [-74.0998998, 4.7369973], [-74.0999313, 4.7368484], [-74.0999647, 4.7366324], [-74.1000113, 4.7363759], [-74.1000271, 4.7362745]]}}, {"type": "Feature", "properties": {"highway": "cycleway", "cycleway": null, "name": null}, "geometry": {"type": "LineString", "coordinates": [[-74.1475655, 4.6488362], [-74.1476395, 4.6487678], [-74.1484481, 4.6480201], [-74.1497765, 4.6467658], [-74.1498202, 4.6467245], [-74.1504888, 4.6460932], [-74.150639, 4.6459538], [-74.1507141, 4.6459378], [-74.1507357, 4.6459188], [-74.1507929, 4.6458685], [-74.150826, 4.6458394], [-74.1508357, 4.6458309], [-74.1508965, 4.6457774], [-74.1509367, 4.6457025], [-74.1510375, 4.6456075], [-74.1514581, 4.6452119], [-74.1518957, 4.6448182], [-74.1529052, 4.6439045], [-74.1531349, 4.6436772], [-74.1532204, 4.6435966], [-74.1532825, 4.6435547], [-74.1533377, 4.6435282], [-74.1534412, 4.6434513], [-74.1534882, 4.6434134], [-74.1535281, 4.6433767], [-74.1535658, 4.6433432], [-74.1542264, 4.6427567], [-74.155074, 4.6420681], [-74.155116, 4.6420328], [-74.1552797, 4.6418953], [-74.1553834, 4.6417935], [-74.1557947, 4.64139], [-74.1558751, 4.6413286], [-74.155961, 4.6412858], [-74.1559944, 4.6412753], [-74.1560629, 4.6412537], [-74.1561541, 4.6412457], [-74.1561961, 4.6412465]]}}, {"type": "Feature", "properties": {"highway": "cycleway", "cycleway": null, "name": "Avenida Santa B\u00e1rbara"}, "geometry": {"type": "LineString", "coordinates": [[-74.0509376, 4.6925883], [-74.0510727, 4.6918526], [-74.0511454, 4.691428], [-74.0511618, 4.6913444], [-74.0512955, 4.6905679], [-74.0513071, 4.6904751], [-74.051313, 4.6904279], [-74.0513241, 4.6903467], [-74.0513261, 4.690331], [-74.0514133, 4.6897766], [-74.0515821, 4.6887737]]}}, {"type": "Feature", "properties": {"highway": "cycleway", "cycleway": null, "name": null}, "geometry": {"type": "LineString", "coordinates": [[-74.1119807, 4.6815476], [-74.1118321, 4.6814141], [-74.1117936, 4.6813795], [-74.1117555, 4.6813453], [-74.1117164, 4.6813101], [-74.1116724, 4.6812706], [-74.1116383, 4.6812396], [-74.1113827, 4.6810217], [-74.1109175, 4.6806296], [-74.110803, 4.6805242], [-74.1102353, 4.6800419], [-74.1097694, 4.679635], [-74.1092122, 4.6791487], [-74.1091813, 4.6791217], [-74.1091405, 4.6790861], [-74.1091188, 4.6790672], [-74.1090992, 4.6790502], [-74.1087847, 4.6787769], [-74.1083656, 4.6784011], [-74.108168, 4.6782384], [-74.1078959, 4.6780144], [-74.1078822, 4.6780031], [-74.1076533, 4.6778048], [-74.1074813, 4.6776557], [-74.1073545, 4.6775458], [-74.1068808, 4.6771283], [-74.106851, 4.6771021], [-74.1067156, 4.6769828], [-74.1066838, 4.6769547], [-74.1063678, 4.6766762], [-74.1061438, 4.6764788], [-74.1060298, 4.6763783]]}}, {"type": "Feature", "properties": {"highway": "cycleway", "cycleway": null, "name": null}, "geometry": {"type": "LineString", "coordinates": [[-74.1042341, 4.6434945], [-74.1042527, 4.6434276], [-74.1042921, 4.6432659], [-74.1044751, 4.6426331]]}}, {"type": "Feature", "properties": {"highway": "cycleway", "cycleway": null, "name": null}, "geometry": {"type": "LineString", "coordinates": [[-74.0649945, 4.6402621], [-74.065061, 4.6402742], [-74.0651362, 4.6402879], [-74.0661124, 4.6404656]]}}, {"type": "Feature", "properties": {"highway": "cycleway", "cycleway": null, "name": "Ciclo Paseo Natural"}, "geometry": {"type": "LineString", "coordinates": [[-74.0944463, 4.6642247], [-74.0944454, 4.6641874], [-74.0944872, 4.6640609], [-74.0945033, 4.6639839], [-74.0945087, 4.6638216], [-74.0945737, 4.663724], [-74.0946441, 4.6636186], [-74.094758, 4.6634415], [-74.0949502, 4.6631192], [-74.0951637, 4.6629136], [-74.0951939, 4.6627931], [-74.0952418, 4.6625568], [-74.0952837, 4.6623507], [-74.0953186, 4.6622535], [-74.0954271, 4.6619908], [-74.0955579, 4.6617577], [-74.0958201, 4.6613456], [-74.0959274, 4.6611852], [-74.0961265, 4.6610093], [-74.0961763, 4.6606968], [-74.0962064, 4.6605115], [-74.0962171, 4.6603725], [-74.0962493, 4.6601586], [-74.0963137, 4.6599768], [-74.0963995, 4.6597737], [-74.0964474, 4.6595907], [-74.0964639, 4.6595277], [-74.0965721, 4.6593534], [-74.0966316, 4.659246], [-74.0967536, 4.6590572], [-74.0969038, 4.6588861], [-74.0970682, 4.6587221], [-74.0971898, 4.6586194], [-74.0973222, 4.6585225], [-74.097408, 4.6583407], [-74.0974617, 4.6581803], [-74.0974883, 4.6581211], [-74.097498, 4.6580533], [-74.0975497, 4.6579424], [-74.0977254, 4.6577638], [-74.0978437, 4.6576241], [-74.0979123, 4.657389], [-74.0981591, 4.6570879]]}}, {"type": "Feature", "properties": {"highway": "cycleway", "cycleway": null, "name": null}, "geometry": {"type": "LineString", "coordinates": [[-74.0479543, 4.6735737], [-74.0479343, 4.6735634], [-74.0471694, 4.6731591], [-74.0464709, 4.6727964], [-74.0456045, 4.6723417]]}}, {"type": "Feature", "properties": {"highway": "cycleway", "cycleway": null, "name": null}, "geometry": {"type": "LineString", "coordinates": [[-74.126189, 4.7374168], [-74.1261236, 4.7372145], [-74.1260722, 4.7370492]]}}, {"type": "Feature", "properties": {"highway": "cycleway", "cycleway": null, "name": null}, "geometry": {"type": "LineString", "coordinates": [[-74.1260722, 4.7370492], [-74.126068, 4.7369306], [-74.1260907, 4.7368582], [-74.1261568, 4.7367688], [-74.1263707, 4.736553], [-74.126833, 4.7360802], [-74.1269426, 4.7359522], [-74.1270201, 4.7358295], [-74.1270691, 4.7356919], [-74.1270802, 4.7355991], [-74.1270859, 4.7355196], [-74.1270771, 4.735386], [-74.1270349, 4.7352262], [-74.1267147, 4.7344053], [-74.1264017, 4.7336111], [-74.1261575, 4.7330046], [-74.1259639, 4.7325128], [-74.1257482, 4.7319448], [-74.1255576, 4.7314609], [-74.1252824, 4.7307507], [-74.1251008, 4.7302981], [-74.1249328, 4.7298565], [-74.1248714, 4.7296515], [-74.1248411, 4.7294564], [-74.1248373, 4.7293578], [-74.124836, 4.7292206], [-74.124847, 4.729127], [-74.1248774, 4.7290059], [-74.1250365, 4.7286464], [-74.1252571, 4.728204], [-74.1252632, 4.7281917], [-74.1252918, 4.7281443], [-74.1253712, 4.7280298], [-74.1255874, 4.7278092]]}}, {"type": "Feature", "properties": {"highway": "cycleway", "cycleway": null, "name": null}, "geometry": {"type": "LineString", "coordinates": [[-74.1269422, 4.6864594], [-74.1268965, 4.6864236], [-74.1268692, 4.6863993], [-74.1268497, 4.6863732], [-74.1268282, 4.686341], [-74.1268114, 4.6863217], [-74.1267992, 4.6863137], [-74.126782, 4.6863059], [-74.1267386, 4.6862899], [-74.1263885, 4.6860062], [-74.1262397, 4.68594]]}}, {"type": "Feature", "properties": {"highway": "cycleway", "cycleway": null, "name": null}, "geometry": {"type": "LineString", "coordinates": [[-74.1023719, 4.6520861], [-74.1028461, 4.6528019], [-74.1028985, 4.6528771], [-74.1029552, 4.6529479], [-74.1030104, 4.6530188], [-74.1030642, 4.6530939], [-74.1033203, 4.6535178], [-74.1039698, 4.6545043], [-74.1039897, 4.6545598], [-74.1040022, 4.6546142], [-74.1040327, 4.6546427], [-74.1040596, 4.6546737], [-74.1040841, 4.6547079], [-74.1041085, 4.6547471], [-74.104307, 4.6550539], [-74.1045484, 4.6554142], [-74.104823, 4.6558255], [-74.1052136, 4.6564516], [-74.1052452, 4.6565014]]}}, {"type": "Feature", "properties": {"highway": "cycleway", "cycleway": null, "name": null}, "geometry": {"type": "LineString", "coordinates": [[-74.1236613, 4.6840342], [-74.1235595, 4.6839679], [-74.123457, 4.6839164], [-74.123269, 4.6838426], [-74.1231319, 4.6837393], [-74.1226806, 4.6834071], [-74.1225377, 4.6832487], [-74.1222099, 4.6827526]]}}, {"type": "Feature", "properties": {"highway": "cycleway", "cycleway": null, "name": null}, "geometry": {"type": "LineString", "coordinates": [[-74.0848793, 4.6964934], [-74.0848459, 4.6964184], [-74.0846712, 4.6961267], [-74.0846033, 4.6959006], [-74.0845631, 4.6956627], [-74.084454, 4.6953541], [-74.0842948, 4.6951094], [-74.0841035, 4.6948907], [-74.0839113, 4.6947164], [-74.0836529, 4.6945619], [-74.0826721, 4.694155], [-74.081762, 4.6937359], [-74.0815455, 4.693591], [-74.0814131, 4.6934776], [-74.081205, 4.6933023], [-74.0810977, 4.6931927], [-74.0809045, 4.69288], [-74.080808, 4.6926527], [-74.0806739, 4.6922517], [-74.0805612, 4.6918775], [-74.0804342, 4.6916668], [-74.0802528, 4.6914364], [-74.0801857, 4.6913482], [-74.0801428, 4.6911557], [-74.0801103, 4.6909946], [-74.0802107, 4.6909688], [-74.0801873, 4.6909261], [-74.0800283, 4.690628], [-74.0799998, 4.6905716], [-74.0798316, 4.6902388], [-74.0798522, 4.6900762], [-74.0799192, 4.6898597], [-74.079947, 4.6897255], [-74.0798907, 4.6894983], [-74.079845, 4.6894114], [-74.0797988, 4.6893469], [-74.0797307, 4.6892875], [-74.0796561, 4.689238], [-74.0795672, 4.6891962], [-74.0794699, 4.6891729], [-74.0792791, 4.6891534], [-74.0792028, 4.6891305], [-74.0791287, 4.6890869], [-74.0790533, 4.688993], [-74.0790081, 4.6888888], [-74.0789947, 4.6887351], [-74.0790296, 4.6886148], [-74.0790778, 4.6885159], [-74.0790971, 4.6884766], [-74.0791047, 4.6884336], [-74.0791, 4.6883902], [-74.0790835, 4.6883497], [-74.0790564, 4.6883154], [-74.0789315, 4.688164], [-74.0779961, 4.686863], [-74.0778083, 4.686569], [-74.0774462, 4.686061], [-74.0772521, 4.6858668], [-74.0771424, 4.6857217]]}}, {"type": "Feature", "properties": {"highway": "cycleway", "cycleway": null, "name": null}, "geometry": {"type": "LineString", "coordinates": [[-74.1283465, 4.6438899], [-74.128323, 4.6438594], [-74.128144, 4.6436262], [-74.12802, 4.6434102], [-74.1279575, 4.6432044], [-74.1278839, 4.6431206], [-74.1278183, 4.6430602], [-74.1276357, 4.6427633], [-74.1275525, 4.642619], [-74.1275107, 4.6424997], [-74.1274916, 4.6424451], [-74.127436, 4.6423435]]}}, {"type": "Feature", "properties": {"highway": "cycleway", "cycleway": null, "name": null}, "geometry": {"type": "LineString", "coordinates": [[-74.1254047, 4.6433961], [-74.1254513, 4.6434049], [-74.1256136, 4.6433549], [-74.1256337, 4.6433087], [-74.1256703, 4.6432393], [-74.1257625, 4.6432127], [-74.1261554, 4.6430833], [-74.1262971, 4.6430284], [-74.1263764, 4.6429997], [-74.1266449, 4.6428465], [-74.1267946, 4.6427625], [-74.1268784, 4.6427354], [-74.1269945, 4.6427067], [-74.1270459, 4.6426982], [-74.1270869, 4.6426993], [-74.1271296, 4.6427051], [-74.1272261, 4.6427083], [-74.1272659, 4.6427044], [-74.1272935, 4.6426998], [-74.1273227, 4.6426859], [-74.1273455, 4.6426687], [-74.1273721, 4.6426377], [-74.1274054, 4.6425856], [-74.1274233, 4.6425496], [-74.1274386, 4.6424924], [-74.1274448, 4.6424692], [-74.127444, 4.6423969], [-74.127436, 4.6423435], [-74.127402, 4.6422835], [-74.1273675, 4.6422464], [-74.127332, 4.6422121], [-74.127327, 4.6422046], [-74.1273091, 4.6421779], [-74.1273085, 4.6421524], [-74.1273118, 4.642137]]}}, {"type": "Feature", "properties": {"highway": "cycleway", "cycleway": null, "name": null}, "geometry": {"type": "LineString", "coordinates": [[-74.1311369, 4.6896587], [-74.1311475, 4.6896671]]}}, {"type": "Feature", "properties": {"highway": "cycleway", "cycleway": null, "name": null}, "geometry": {"type": "LineString", "coordinates": [[-74.0848362, 4.5971221], [-74.0854364, 4.5974418], [-74.0855603, 4.5975159], [-74.0857577, 4.5976645], [-74.0862436, 4.5980143], [-74.0867383, 4.5983694], [-74.087562, 4.5989621], [-74.0876859, 4.5990394], [-74.0877349, 4.5990737], [-74.0879891, 4.5992441], [-74.0880397, 4.59928]]}}, {"type": "Feature", "properties": {"highway": "cycleway", "cycleway": null, "name": null}, "geometry": {"type": "LineString", "coordinates": [[-74.1732309, 4.6276728], [-74.1733093, 4.6277387], [-74.173362, 4.6277961], [-74.1734434, 4.6279178], [-74.1734555, 4.6279359], [-74.1734747, 4.6279646], [-74.173616, 4.6283422], [-74.1736205, 4.6284057], [-74.1736007, 4.6284725], [-74.1735319, 4.6285352], [-74.1732757, 4.6286756], [-74.1731242, 4.6287502], [-74.1731117, 4.6287566]]}}, {"type": "Feature", "properties": {"highway": "cycleway", "cycleway": null, "name": null}, "geometry": {"type": "LineString", "coordinates": [[-74.037438, 4.749325], [-74.0375087, 4.7495527], [-74.0375741, 4.7498077], [-74.0376664, 4.7501521], [-74.0377543, 4.7504799], [-74.0377671, 4.7507672], [-74.0377718, 4.7508729], [-74.0377476, 4.7515786], [-74.0377371, 4.7519386], [-74.0377262, 4.752311], [-74.037757, 4.7525114], [-74.0378254, 4.7526505], [-74.0379327, 4.7527908], [-74.0380178, 4.7528743], [-74.0380842, 4.7529204], [-74.0381956, 4.7529766], [-74.0383019, 4.7530486], [-74.0390512, 4.7534898], [-74.0397298, 4.7539576], [-74.0398719, 4.7540618], [-74.0399578, 4.7541957], [-74.0400203, 4.7543693], [-74.040015, 4.7544651], [-74.0399975, 4.7545578], [-74.0399618, 4.7546546], [-74.0399231, 4.7547759], [-74.0399174, 4.754911], [-74.0399132, 4.7550369], [-74.0399232, 4.7552412], [-74.0399437, 4.7553474], [-74.0399504, 4.7553823], [-74.03999, 4.7554972], [-74.0400812, 4.755695], [-74.040572, 4.7566599], [-74.0409475, 4.7574057], [-74.0409743, 4.7575233], [-74.0409477, 4.7582279], [-74.0408827, 4.7592005], [-74.040847, 4.7599867], [-74.0406114, 4.7601819]]}}, {"type": "Feature", "properties": {"highway": "cycleway", "cycleway": null, "name": null}, "geometry": {"type": "LineString", "coordinates": [[-74.0883381, 4.698613], [-74.0886559, 4.6980091], [-74.0887491, 4.697844], [-74.0888808, 4.6976144], [-74.0892228, 4.6970042], [-74.08924, 4.6969737], [-74.0893837, 4.696719], [-74.0894022, 4.6966863]]}}, {"type": "Feature", "properties": {"highway": "cycleway", "cycleway": null, "name": null}, "geometry": {"type": "LineString", "coordinates": [[-74.0315073, 4.7479759], [-74.031555, 4.7462564], [-74.0315604, 4.7460482], [-74.0315716, 4.7456211], [-74.0315815, 4.745243], [-74.0316047, 4.7443554], [-74.0316348, 4.743653], [-74.0316422, 4.7428943], [-74.0316522, 4.7423917], [-74.0316619, 4.7419272], [-74.0316674, 4.7414754], [-74.0316789, 4.7410017], [-74.0316884, 4.7408325], [-74.0316894, 4.7408148], [-74.0316995, 4.7405871], [-74.0317014, 4.7405449], [-74.0317031, 4.7405205], [-74.0317079, 4.7403983], [-74.0317321, 4.7392796], [-74.0317684, 4.7385121], [-74.0317834, 4.7381961], [-74.0317882, 4.7381232], [-74.0317882, 4.7380949], [-74.0317893, 4.7380725], [-74.0318062, 4.7372796], [-74.0318226, 4.7365654], [-74.0318198, 4.7362495], [-74.031828, 4.7357496], [-74.0318666, 4.7343585], [-74.0319105, 4.7328206], [-74.0319445, 4.7316252], [-74.0319553, 4.731256]]}}, {"type": "Feature", "properties": {"highway": "cycleway", "cycleway": null, "name": null}, "geometry": {"type": "LineString", "coordinates": [[-74.0928915, 4.6517516], [-74.0928577, 4.6517199], [-74.0928286, 4.6516524], [-74.0928148, 4.6515808], [-74.0927982, 4.651516], [-74.0927595, 4.6514609], [-74.0926779, 4.6513989], [-74.092417, 4.6512222], [-74.0919356, 4.6508938], [-74.0916208, 4.6506697], [-74.0915657, 4.6506175], [-74.0911491, 4.6503291], [-74.0904624, 4.6498498], [-74.0904331, 4.6498322], [-74.090385, 4.6498307], [-74.0903528, 4.6498419], [-74.0903057, 4.649859], [-74.0902586, 4.6498564], [-74.0902192, 4.6498344], [-74.0900769, 4.6497302], [-74.0899807, 4.6496547], [-74.0899516, 4.6496197], [-74.0899379, 4.6495816], [-74.0899331, 4.6495411], [-74.0899236, 4.6494957], [-74.0899158, 4.6494552], [-74.0898861, 4.6494205], [-74.0898288, 4.6493796], [-74.0889682, 4.6487826], [-74.0888028, 4.6486643], [-74.0887508, 4.6486272], [-74.0885301, 4.6484769], [-74.0882844, 4.6483095], [-74.0879438, 4.6480741], [-74.0875418, 4.6477891], [-74.0874378, 4.6477183], [-74.0872754, 4.6476497], [-74.0863664, 4.6469928]]}}, {"type": "Feature", "properties": {"highway": "cycleway", "cycleway": null, "name": null}, "geometry": {"type": "LineString", "coordinates": [[-74.0704217, 4.7018656], [-74.0704244, 4.7018975], [-74.0704257, 4.7019922], [-74.0704476, 4.7022426], [-74.0704573, 4.7023339]]}}, {"type": "Feature", "properties": {"highway": "cycleway", "cycleway": null, "name": null}, "geometry": {"type": "LineString", "coordinates": [[-74.0704573, 4.7023339], [-74.0704734, 4.7025053], [-74.0704799, 4.7026138], [-74.0705044, 4.702873], [-74.0705078, 4.7029094], [-74.0705173, 4.7030116], [-74.0705203, 4.7030446], [-74.0705259, 4.7031072], [-74.0705637, 4.7035204], [-74.0705646, 4.7036342], [-74.0705649, 4.7036372], [-74.0705715, 4.7036974], [-74.0705826, 4.7037919], [-74.0705883, 4.7038403], [-74.0706034, 4.7040525], [-74.0706081, 4.704125], [-74.0706255, 4.70439], [-74.0706278, 4.7044452], [-74.0706314, 4.7045344], [-74.0706329, 4.7045942], [-74.0706389, 4.7048398], [-74.0706473, 4.7049976], [-74.0706562, 4.7051164], [-74.0706663, 4.7051924], [-74.0706719, 4.7052346], [-74.070688, 4.705356], [-74.0706926, 4.7053916], [-74.0707053, 4.7054905], [-74.0707191, 4.7055684], [-74.0707362, 4.7056446], [-74.0707595, 4.7057694], [-74.0707999, 4.7059484], [-74.0708235, 4.7060535], [-74.0708644, 4.7062336], [-74.0709083, 4.7063723], [-74.0709398, 4.7064948], [-74.070967, 4.7066185], [-74.0710032, 4.7067886], [-74.0710219, 4.7068932], [-74.0710453, 4.7069877], [-74.0710599, 4.7070655], [-74.0710901, 4.7071967], [-74.0711135, 4.7072815], [-74.0711268, 4.7073345], [-74.0711528, 4.7074184], [-74.0712385, 4.7076651], [-74.0712817, 4.7078159], [-74.0713038, 4.7079062], [-74.0713111, 4.7079378], [-74.0713216, 4.7079835], [-74.0713378, 4.7080572], [-74.0713504, 4.7081237], [-74.0713568, 4.708158], [-74.0713584, 4.7081665], [-74.0713707, 4.7082315], [-74.0713806, 4.7082758], [-74.0714005, 4.7083593], [-74.0714056, 4.7083912], [-74.0714403, 4.7085481], [-74.0714781, 4.7087376], [-74.071492, 4.708802], [-74.0714971, 4.7088273]]}}, {"type": "Feature", "properties": {"highway": "cycleway", "cycleway": null, "name": null}, "geometry": {"type": "LineString", "coordinates": [[-74.0723091, 4.7129313], [-74.0723202, 4.7129731], [-74.07237, 4.7131605], [-74.0723753, 4.7131806], [-74.0724105, 4.7133131], [-74.0726232, 4.714098], [-74.0727465, 4.7146428], [-74.072886, 4.7152492], [-74.0731055, 4.7161425], [-74.0732986, 4.716905], [-74.073449, 4.7175552], [-74.073458, 4.7175922], [-74.0735079, 4.7177976], [-74.0735222, 4.7178563]]}}, {"type": "Feature", "properties": {"highway": "cycleway", "cycleway": null, "name": null}, "geometry": {"type": "LineString", "coordinates": [[-74.0749396, 4.7217854], [-74.0749817, 4.7217252], [-74.0749875, 4.7214691], [-74.0750004, 4.7213682], [-74.0752113, 4.7208411], [-74.0752946, 4.7205997], [-74.0753194, 4.7204726], [-74.075339, 4.7203476], [-74.0754877, 4.7194965], [-74.0755571, 4.7191185], [-74.0755771, 4.7190097], [-74.0756036, 4.718865], [-74.0757239, 4.7183019], [-74.0757418, 4.7181309], [-74.0757711, 4.7178951], [-74.0758474, 4.7175495], [-74.0760647, 4.7168964], [-74.0762533, 4.7164223], [-74.0766327, 4.7153942], [-74.0767743, 4.715152]]}}, {"type": "Feature", "properties": {"highway": "cycleway", "cycleway": null, "name": null}, "geometry": {"type": "LineString", "coordinates": [[-74.0997533, 4.6077688], [-74.1002059, 4.6081033], [-74.1003191, 4.6081878], [-74.1003634, 4.6082209], [-74.100388, 4.6082392], [-74.1004174, 4.6082612], [-74.100512, 4.6083318], [-74.1013161, 4.6089626], [-74.1016836, 4.6093102], [-74.1024131, 4.6100374], [-74.1026331, 4.61027], [-74.1032473, 4.6110346], [-74.1033484, 4.611165], [-74.1033868, 4.6112129], [-74.1034135, 4.6112477], [-74.1034617, 4.6113219], [-74.1035692, 4.6114891], [-74.1039794, 4.6120464], [-74.1039887, 4.612083], [-74.1039796, 4.6121227], [-74.1039417, 4.6121798]]}}, {"type": "Feature", "properties": {"highway": "cycleway", "cycleway": null, "name": null}, "geometry": {"type": "LineString", "coordinates": [[-74.1039417, 4.6121798], [-74.103786, 4.6122849]]}}, {"type": "Feature", "properties": {"highway": "cycleway", "cycleway": null, "name": null}, "geometry": {"type": "LineString", "coordinates": [[-74.1062226, 4.6203287], [-74.1062492, 4.6205736], [-74.1061778, 4.6208914], [-74.1062755, 4.6215629], [-74.1064846, 4.6228554], [-74.1065112, 4.6230577], [-74.1066242, 4.6239156], [-74.1068549, 4.62545], [-74.1068576, 4.6258136], [-74.1068806, 4.6258971], [-74.1069433, 4.6259807], [-74.1071015, 4.6261792]]}}, {"type": "Feature", "properties": {"highway": "cycleway", "cycleway": null, "name": null}, "geometry": {"type": "LineString", "coordinates": [[-74.0528173, 4.7193355], [-74.0526848, 4.7193547], [-74.0521486, 4.7192682]]}}, {"type": "Feature", "properties": {"highway": "cycleway", "cycleway": null, "name": null}, "geometry": {"type": "LineString", "coordinates": [[-74.0882464, 4.705835], [-74.0879121, 4.7061164]]}}, {"type": "Feature", "properties": {"highway": "cycleway", "cycleway": null, "name": null}, "geometry": {"type": "LineString", "coordinates": [[-74.0889083, 4.6546202], [-74.08905, 4.6545437]]}}, {"type": "Feature", "properties": {"highway": "cycleway", "cycleway": null, "name": null}, "geometry": {"type": "LineString", "coordinates": [[-74.1364927, 4.6605384], [-74.1363617, 4.6603987], [-74.13632, 4.6603816], [-74.1362712, 4.6603788], [-74.1362259, 4.6603881], [-74.1362102, 4.6603962], [-74.1361877, 4.6604078], [-74.1361531, 4.6604329], [-74.1359261, 4.6606659], [-74.1358882, 4.6607078], [-74.1358184, 4.6607849], [-74.1357966, 4.660809]]}}, {"type": "Feature", "properties": {"highway": "cycleway", "cycleway": null, "name": null}, "geometry": {"type": "LineString", "coordinates": [[-74.1330342, 4.6625286], [-74.1328986, 4.6627146], [-74.1328566, 4.6627908], [-74.1328489, 4.6628218], [-74.1328363, 4.6628446], [-74.1327298, 4.6629929], [-74.1326633, 4.6630722], [-74.1326123, 4.6631188], [-74.1325693, 4.6631317], [-74.1324639, 4.663154], [-74.1324172, 4.6631714], [-74.132372, 4.6632121], [-74.1321301, 4.6635055], [-74.1320077, 4.6636788], [-74.1319655, 4.6637817], [-74.1318842, 4.6638758], [-74.1318514, 4.6639163], [-74.1318753, 4.6639559], [-74.1318823, 4.664002], [-74.1318716, 4.6640562], [-74.1318013, 4.6641306], [-74.1317845, 4.6641478], [-74.1315199, 4.6644177], [-74.1314604, 4.6644614], [-74.1313941, 4.6644974], [-74.1313044, 4.6645233], [-74.131191, 4.6645292], [-74.1311264, 4.6645193], [-74.1309747, 4.6644574], [-74.1308839, 4.6644347], [-74.1307972, 4.6644274], [-74.1307167, 4.6644399], [-74.1306414, 4.664466], [-74.1303583, 4.6647141]]}}, {"type": "Feature", "properties": {"highway": "cycleway", "cycleway": null, "name": null}, "geometry": {"type": "LineString", "coordinates": [[-74.1205123, 4.656581], [-74.1205306, 4.6565618]]}}, {"type": "Feature", "properties": {"highway": "cycleway", "cycleway": null, "name": null}, "geometry": {"type": "LineString", "coordinates": [[-74.1205887, 4.6804877], [-74.1201823, 4.6798875], [-74.1200897, 4.6797388], [-74.1200297, 4.6796262], [-74.1200038, 4.6795363], [-74.119987, 4.679415], [-74.1199734, 4.679346], [-74.1198392, 4.6791584], [-74.1195607, 4.6787782], [-74.1194525, 4.6786959], [-74.1193856, 4.6786391], [-74.1192694, 4.6784625], [-74.1190356, 4.6780921], [-74.1190075, 4.6780345], [-74.1189159, 4.6778824], [-74.1186812, 4.677505], [-74.118602, 4.6774155], [-74.1181476, 4.6766935], [-74.1170671, 4.6749721]]}}, {"type": "Feature", "properties": {"highway": "cycleway", "cycleway": null, "name": null}, "geometry": {"type": "LineString", "coordinates": [[-74.1222099, 4.6827526], [-74.1214315, 4.6816747], [-74.1212255, 4.6813868], [-74.1206666, 4.6806056], [-74.1205887, 4.6804877]]}}, {"type": "Feature", "properties": {"highway": "cycleway", "cycleway": null, "name": null}, "geometry": {"type": "LineString", "coordinates": [[-74.1205397, 4.6996878], [-74.1205532, 4.6996691], [-74.1205606, 4.6996451], [-74.1205532, 4.6996181], [-74.1205288, 4.6995935], [-74.1204733, 4.6995378], [-74.120455, 4.6995194], [-74.1204132, 4.6994775], [-74.1203923, 4.6994691], [-74.120362, 4.6994671], [-74.120338, 4.6994754], [-74.1203069, 4.6995035], [-74.1199964, 4.6997835], [-74.1199409, 4.6998336], [-74.1199346, 4.6998493], [-74.1199399, 4.6998743], [-74.1199566, 4.6999045], [-74.1200663, 4.7000107], [-74.1201018, 4.7000451], [-74.120128, 4.7000513], [-74.1201509, 4.700043], [-74.1201833, 4.7000159], [-74.1201904, 4.7000094], [-74.120507, 4.6997179], [-74.1205397, 4.6996878]]}}, {"type": "Feature", "properties": {"highway": "cycleway", "cycleway": null, "name": null}, "geometry": {"type": "LineString", "coordinates": [[-74.1205288, 4.6995935], [-74.1204539, 4.699661], [-74.1201369, 4.6999471], [-74.1200663, 4.7000107]]}}, {"type": "Feature", "properties": {"highway": "cycleway", "cycleway": null, "name": null}, "geometry": {"type": "LineString", "coordinates": [[-74.1203069, 4.6995035], [-74.1203826, 4.6995845], [-74.1204003, 4.6996036], [-74.1204539, 4.699661], [-74.120507, 4.6997179]]}}, {"type": "Feature", "properties": {"highway": "cycleway", "cycleway": null, "name": null}, "geometry": {"type": "LineString", "coordinates": [[-74.1201904, 4.7000094], [-74.1201369, 4.6999471], [-74.1199964, 4.6997835]]}}, {"type": "Feature", "properties": {"highway": "cycleway", "cycleway": null, "name": null}, "geometry": {"type": "LineString", "coordinates": [[-74.1204733, 4.6995378], [-74.1204003, 4.6996036]]}}, {"type": "Feature", "properties": {"highway": "cycleway", "cycleway": null, "name": null}, "geometry": {"type": "LineString", "coordinates": [[-74.120455, 4.6995194], [-74.1203826, 4.6995845]]}}, {"type": "Feature", "properties": {"highway": "cycleway", "cycleway": null, "name": null}, "geometry": {"type": "LineString", "coordinates": [[-74.1138674, 4.7011243], [-74.1138831, 4.7011376], [-74.1139617, 4.7012038], [-74.1139939, 4.701231], [-74.1153248, 4.7016377], [-74.1167103, 4.7020569], [-74.1170577, 4.7021673], [-74.1178501, 4.7028123], [-74.1181397, 4.703048], [-74.1181907, 4.7030895], [-74.1186241, 4.7034423]]}}, {"type": "Feature", "properties": {"highway": "cycleway", "cycleway": "crossing", "name": null}, "geometry": {"type": "LineString", "coordinates": [[-74.1157954, 4.6851093], [-74.1158293, 4.6850788], [-74.1158591, 4.6850525]]}}, {"type": "Feature", "properties": {"highway": "cycleway", "cycleway": null, "name": null}, "geometry": {"type": "LineString", "coordinates": [[-74.2235754, 4.7044592], [-74.2260253, 4.7029071], [-74.2261313, 4.702887], [-74.2262198, 4.702883], [-74.2263123, 4.7028817], [-74.2264309, 4.7028916], [-74.2265124, 4.702936], [-74.2268909, 4.7032017], [-74.2273469, 4.7035311]]}}, {"type": "Feature", "properties": {"highway": "cycleway", "cycleway": null, "name": null}, "geometry": {"type": "LineString", "coordinates": [[-74.229002, 4.7046988], [-74.2290388, 4.7047238], [-74.2290609, 4.7047389], [-74.2290708, 4.7047463], [-74.2293868, 4.7049828], [-74.2293976, 4.7049935], [-74.229409, 4.7050209], [-74.2294181, 4.7050336], [-74.2296135, 4.7051793], [-74.2296398, 4.7051973], [-74.2297434, 4.705187]]}}, {"type": "Feature", "properties": {"highway": "cycleway", "cycleway": null, "name": null}, "geometry": {"type": "LineString", "coordinates": [[-74.0946597, 4.63994], [-74.0950545, 4.6405547]]}}, {"type": "Feature", "properties": {"highway": "cycleway", "cycleway": null, "name": null}, "geometry": {"type": "LineString", "coordinates": [[-74.1039944, 4.6544737], [-74.1036702, 4.6539306]]}}, {"type": "Feature", "properties": {"highway": "cycleway", "cycleway": null, "name": null}, "geometry": {"type": "LineString", "coordinates": [[-74.1041085, 4.6547471], [-74.1040906, 4.6547013], [-74.1040789, 4.6546605], [-74.1040757, 4.654619], [-74.1040762, 4.654575], [-74.1040379, 4.6545278], [-74.1039944, 4.6544737]]}}, {"type": "Feature", "properties": {"highway": "cycleway", "cycleway": null, "name": null}, "geometry": {"type": "LineString", "coordinates": [[-74.1262381, 4.6406406], [-74.126397, 4.6409233], [-74.126502, 4.6411273], [-74.1265529, 4.6412663], [-74.1266163, 4.6415015], [-74.1266646, 4.6416762], [-74.1267086, 4.6418131], [-74.1267752, 4.6419661], [-74.1268279, 4.6421569], [-74.1268559, 4.642321], [-74.1268653, 4.6423901], [-74.1268847, 4.6424422], [-74.126905, 4.6424985], [-74.1269285, 4.6425499]]}}, {"type": "Feature", "properties": {"highway": "cycleway", "cycleway": null, "name": null}, "geometry": {"type": "LineString", "coordinates": [[-74.152979, 4.6428708], [-74.1528439, 4.6427446], [-74.1527098, 4.6426644], [-74.1521157, 4.6426061], [-74.1518287, 4.6425417], [-74.1513565, 4.6423592], [-74.1511418, 4.6422001], [-74.1510931, 4.6421462], [-74.1510033, 4.6420499], [-74.1509561, 4.6419678], [-74.1509094, 4.6418702], [-74.1508511, 4.6416607], [-74.1508019, 4.6413327], [-74.1507107, 4.6410071], [-74.1506632, 4.640929], [-74.1505966, 4.6408201], [-74.1505435, 4.6407657], [-74.1504858, 4.6407226], [-74.1503862, 4.6406787], [-74.1499891, 4.6405282], [-74.1498977, 4.6404969], [-74.1498381, 4.6404523], [-74.1498086, 4.640418], [-74.1497726, 4.6403502], [-74.1497568, 4.6402739], [-74.1497218, 4.6400017], [-74.1497379, 4.6398359], [-74.1497755, 4.6396969], [-74.1498076, 4.6395793], [-74.1498076, 4.6394777], [-74.1497597, 4.6393602], [-74.1497379, 4.6393066], [-74.1496682, 4.6391408], [-74.149656, 4.6389633], [-74.1496253, 4.6385153], [-74.1496092, 4.6382853], [-74.1495072, 4.6378095], [-74.1494742, 4.6376231], [-74.1494474, 4.637476], [-74.1494265, 4.6374367], [-74.1493356, 4.637355], [-74.1492849, 4.6373348], [-74.1492068, 4.6373283], [-74.1490904, 4.6373535], [-74.1490244, 4.6373924], [-74.1489225, 4.6374459], [-74.148775, 4.6375288], [-74.1486446, 4.6376231], [-74.1486014, 4.6376672], [-74.1485738, 4.6377159], [-74.148539, 4.6377961], [-74.1484997, 4.6378228], [-74.1484689, 4.6378349], [-74.1484212, 4.6378173], [-74.14837, 4.637772], [-74.146889, 4.6363907], [-74.1468122, 4.6363282], [-74.1467445, 4.6362936], [-74.1464558, 4.6361907], [-74.1463875, 4.6361648], [-74.1463198, 4.6361206], [-74.1455134, 4.6353553], [-74.1448613, 4.63473], [-74.1448242, 4.6346944], [-74.144772, 4.6346442], [-74.1447338, 4.634588], [-74.1447274, 4.6345465], [-74.144733, 4.6344971], [-74.1447539, 4.634465], [-74.1447946, 4.6344329], [-74.1449046, 4.6344035], [-74.1449615, 4.6343797], [-74.1450244, 4.6343399], [-74.145087, 4.6342832], [-74.1451245, 4.634195], [-74.1451379, 4.6340747], [-74.1451084, 4.6339784], [-74.1449851, 4.6337285], [-74.1449019, 4.6335507], [-74.144867, 4.6334571], [-74.1448454, 4.633369], [-74.1448548, 4.6333088], [-74.1449233, 4.6332432], [-74.1450601, 4.6331577], [-74.1452878, 4.6330377], [-74.1453123, 4.6330213], [-74.1453418, 4.6329812], [-74.1453597, 4.632937], [-74.1453647, 4.632911], [-74.1453686, 4.6328903], [-74.1453176, 4.632754], [-74.1454084, 4.6318992], [-74.1454125, 4.6318763], [-74.1454347, 4.6317534]]}}, {"type": "Feature", "properties": {"highway": "cycleway", "cycleway": null, "name": null}, "geometry": {"type": "LineString", "coordinates": [[-74.037979, 4.7396032], [-74.0399638, 4.7400267], [-74.0400119, 4.7400369], [-74.0422908, 4.7405634], [-74.042484, 4.7406083], [-74.0426898, 4.740656], [-74.0427517, 4.7406703], [-74.0427948, 4.7406803], [-74.0428495, 4.740693]]}}, {"type": "Feature", "properties": {"highway": "cycleway", "cycleway": null, "name": null}, "geometry": {"type": "LineString", "coordinates": [[-74.1006927, 4.6494176], [-74.101251, 4.6502587], [-74.1013748, 4.6504447]]}}, {"type": "Feature", "properties": {"highway": "cycleway", "cycleway": null, "name": null}, "geometry": {"type": "LineString", "coordinates": [[-74.1117205, 4.6667593], [-74.1119429, 4.6670708], [-74.1120424, 4.6671858]]}}, {"type": "Feature", "properties": {"highway": "cycleway", "cycleway": null, "name": null}, "geometry": {"type": "LineString", "coordinates": [[-74.0950545, 4.6405547], [-74.0951535, 4.6407124], [-74.0954704, 4.6411987], [-74.0961628, 4.6422587], [-74.0963062, 4.6424783]]}}, {"type": "Feature", "properties": {"highway": "cycleway", "cycleway": null, "name": null}, "geometry": {"type": "LineString", "coordinates": [[-74.1188698, 4.6778662], [-74.118922, 4.6779485], [-74.1189591, 4.6779777], [-74.1189875, 4.6779724], [-74.1190078, 4.6779538], [-74.1190132, 4.6779204], [-74.1189037, 4.6777374]]}}, {"type": "Feature", "properties": {"highway": "cycleway", "cycleway": null, "name": null}, "geometry": {"type": "LineString", "coordinates": [[-74.1220756, 4.6827099], [-74.122106, 4.6827546], [-74.1223124, 4.6830581], [-74.1225377, 4.6832487]]}}, {"type": "Feature", "properties": {"highway": "cycleway", "cycleway": null, "name": null}, "geometry": {"type": "LineString", "coordinates": [[-74.0807314, 4.6524747], [-74.0807459, 4.6523748], [-74.0807731, 4.6521183], [-74.0808118, 4.6517447], [-74.080833, 4.6515554], [-74.0808727, 4.6511912], [-74.0809975, 4.6499963]]}}, {"type": "Feature", "properties": {"highway": "cycleway", "cycleway": null, "name": null}, "geometry": {"type": "LineString", "coordinates": [[-74.098821, 4.6903652], [-74.0985135, 4.6907783], [-74.0981563, 4.6912499], [-74.097868, 4.6916306], [-74.097681, 4.6918762], [-74.0974616, 4.6921553], [-74.0973523, 4.6922878], [-74.0973171, 4.6923333], [-74.0970398, 4.6926916], [-74.096596, 4.6932856]]}}, {"type": "Feature", "properties": {"highway": "cycleway", "cycleway": null, "name": null}, "geometry": {"type": "LineString", "coordinates": [[-74.056383, 4.6779478], [-74.0553781, 4.677422], [-74.054557, 4.6769917], [-74.05454, 4.6769828]]}}, {"type": "Feature", "properties": {"highway": "cycleway", "cycleway": null, "name": null}, "geometry": {"type": "LineString", "coordinates": [[-74.0552081, 4.6731412], [-74.054644, 4.6728875], [-74.0544636, 4.6728737], [-74.0541424, 4.6729309], [-74.0540164, 4.6729295], [-74.0539586, 4.6729228], [-74.0539053, 4.6729127]]}}, {"type": "Feature", "properties": {"highway": "cycleway", "cycleway": null, "name": null}, "geometry": {"type": "LineString", "coordinates": [[-74.0552081, 4.6731412], [-74.0557286, 4.6733974], [-74.0563541, 4.6737052], [-74.0565471, 4.6737985], [-74.0574265, 4.6742237], [-74.0575775, 4.6742967], [-74.0578455, 4.6744206], [-74.0585107, 4.6747321], [-74.0588028, 4.6748709], [-74.0588625, 4.6749004]]}}, {"type": "Feature", "properties": {"highway": "cycleway", "cycleway": null, "name": null}, "geometry": {"type": "LineString", "coordinates": [[-74.0537891, 4.6645179], [-74.053472, 4.6649914], [-74.0534591, 4.6650106], [-74.0534391, 4.6650404], [-74.0534297, 4.6650544], [-74.0531487, 4.6654741], [-74.0530586, 4.6657218], [-74.0530432, 4.6657642]]}}, {"type": "Feature", "properties": {"highway": "cycleway", "cycleway": null, "name": null}, "geometry": {"type": "LineString", "coordinates": [[-74.049436, 4.6838692], [-74.0494436, 4.6838614], [-74.0494482, 4.6838514], [-74.0494492, 4.6838406], [-74.0494466, 4.68383], [-74.0494406, 4.6838208], [-74.0494278, 4.6838107], [-74.0494171, 4.6838073], [-74.0494059, 4.6838071], [-74.049395, 4.68381], [-74.0493854, 4.6838157], [-74.0493134, 4.6838718], [-74.0492876, 4.6839193], [-74.0492812, 4.6839716], [-74.049291, 4.6840277], [-74.0493041, 4.6840793], [-74.0493453, 4.6841875], [-74.0493859, 4.684262], [-74.0494342, 4.6843304], [-74.0495038, 4.6844064], [-74.049573, 4.6844644], [-74.0496368, 4.6845067], [-74.0496648, 4.6845243], [-74.0496969, 4.6845323], [-74.0497299, 4.6845307], [-74.0497611, 4.6845196], [-74.0497823, 4.6845041], [-74.0497971, 4.6844824], [-74.0498037, 4.6844571], [-74.0498015, 4.684431], [-74.0497906, 4.6844071], [-74.0497723, 4.6843882], [-74.0497502, 4.6843782], [-74.0497261, 4.6843755], [-74.0497024, 4.6843803], [-74.0496812, 4.6843922], [-74.0496649, 4.68441], [-74.0496548, 4.684432]]}}, {"type": "Feature", "properties": {"highway": "cycleway", "cycleway": null, "name": "Alameda el Porvenir"}, "geometry": {"type": "LineString", "coordinates": [[-74.1715612, 4.646311], [-74.1716657, 4.6462246]]}}, {"type": "Feature", "properties": {"highway": "cycleway", "cycleway": null, "name": null}, "geometry": {"type": "LineString", "coordinates": [[-74.0649847, 4.7423452], [-74.0636682, 4.7417376]]}}, {"type": "Feature", "properties": {"highway": "cycleway", "cycleway": null, "name": null}, "geometry": {"type": "LineString", "coordinates": [[-74.0929774, 4.655389], [-74.092713, 4.6553673], [-74.0925314, 4.6553672], [-74.0923389, 4.6554004], [-74.0921622, 4.6554925], [-74.0920432, 4.6555934], [-74.0919366, 4.655734], [-74.0918832, 4.6558816], [-74.0918617, 4.6560433], [-74.0918607, 4.6561636], [-74.0919005, 4.6562813], [-74.0919939, 4.6564329], [-74.092124, 4.6565547], [-74.0922806, 4.6566377], [-74.0924535, 4.6566771], [-74.092634, 4.6566696], [-74.092806, 4.6566145], [-74.0929571, 4.6565158], [-74.0930714, 4.6563881], [-74.0931495, 4.6562358], [-74.0931628, 4.6560665], [-74.0931616, 4.6559115], [-74.0931334, 4.6557406], [-74.0930913, 4.6556227], [-74.0929774, 4.655389]]}}, {"type": "Feature", "properties": {"highway": "cycleway", "cycleway": null, "name": null}, "geometry": {"type": "LineString", "coordinates": [[-74.0429285, 4.6839971], [-74.0428414, 4.6841743], [-74.0427331, 4.6843051], [-74.0422183, 4.6853158], [-74.041772, 4.6862194], [-74.0417159, 4.6863258], [-74.0413557, 4.6870821], [-74.0410586, 4.6876557], [-74.0410438, 4.6876843], [-74.0410403, 4.6877054], [-74.0410423, 4.6877234]]}}, {"type": "Feature", "properties": {"highway": "cycleway", "cycleway": null, "name": null}, "geometry": {"type": "LineString", "coordinates": [[-74.0906335, 4.5813444], [-74.0906733, 4.5813541], [-74.090729, 4.5813676], [-74.0908054, 4.5813903], [-74.0908939, 4.5814237], [-74.0909435, 4.5814585], [-74.0910039, 4.5815119], [-74.0910736, 4.581556], [-74.0911232, 4.5815828], [-74.0911688, 4.5815921], [-74.0912037, 4.5815962], [-74.0913003, 4.5815988], [-74.0913713, 4.5816095], [-74.0914411, 4.5816389], [-74.0914827, 4.5816603], [-74.091535, 4.5816804], [-74.0919614, 4.5817338], [-74.0920379, 4.5817365], [-74.0921358, 4.5817285], [-74.0922283, 4.5817191], [-74.0923638, 4.5817044], [-74.0924563, 4.5817018], [-74.0925093, 4.5817024], [-74.0926961, 4.5817154], [-74.0927459, 4.5817291], [-74.0928091, 4.5817282], [-74.0928916, 4.5817192], [-74.092975, 4.5817216], [-74.0930714, 4.581748], [-74.093345, 4.5818144], [-74.0934528, 4.5818448], [-74.0935366, 4.5818793], [-74.093631, 4.5819283], [-74.0937068, 4.5819701], [-74.09377, 4.5820105], [-74.0938467, 4.5820939], [-74.0942256, 4.5826329], [-74.0942973, 4.5827409], [-74.0945199, 4.5830764], [-74.0945689, 4.583157], [-74.0946188, 4.5832223], [-74.0946724, 4.5832725], [-74.0947068, 4.5833023], [-74.0947304, 4.5833241], [-74.0947914, 4.5835248], [-74.0957578, 4.5847997], [-74.0957977, 4.5848523]]}}, {"type": "Feature", "properties": {"highway": "cycleway", "cycleway": null, "name": null}, "geometry": {"type": "LineString", "coordinates": [[-74.0550872, 4.6969503], [-74.0550563, 4.6971465], [-74.054994, 4.6975498], [-74.0549819, 4.6976259], [-74.0549004, 4.6981489], [-74.0548642, 4.6983809]]}}, {"type": "Feature", "properties": {"highway": "cycleway", "cycleway": null, "name": "Avenida Santa B\u00e1rbara"}, "geometry": {"type": "LineString", "coordinates": [[-74.0520844, 4.6857019], [-74.0523474, 4.6842594], [-74.0523851, 4.6840942]]}}, {"type": "Feature", "properties": {"highway": "cycleway", "cycleway": null, "name": "Avenida Santa B\u00e1rbara"}, "geometry": {"type": "LineString", "coordinates": [[-74.048405, 4.7082329], [-74.0485003, 4.7071452], [-74.0485659, 4.7065018], [-74.0486416, 4.7057141], [-74.0486467, 4.7056965], [-74.0486577, 4.7056778], [-74.048666, 4.7056657], [-74.048682, 4.7056555], [-74.0487019, 4.7056394], [-74.0487176, 4.7056226], [-74.0487275, 4.7056061], [-74.0488122, 4.7053536], [-74.0488252, 4.7052943], [-74.0489282, 4.7046417], [-74.0489422, 4.7045526], [-74.0489558, 4.7044716], [-74.0489802, 4.7043242], [-74.0493018, 4.7024068], [-74.0493861, 4.7018807], [-74.0493952, 4.7018244], [-74.0494101, 4.7017325], [-74.0494781, 4.7013089], [-74.0495791, 4.7007298], [-74.0496868, 4.7001119], [-74.0497674, 4.6996417]]}}, {"type": "Feature", "properties": {"highway": "cycleway", "cycleway": null, "name": null}, "geometry": {"type": "LineString", "coordinates": [[-74.040552, 4.6878448], [-74.0405738, 4.6879222], [-74.0405711, 4.6879752], [-74.0405576, 4.6880437], [-74.0404734, 4.688233], [-74.0402376, 4.6887626], [-74.0400234, 4.6892437], [-74.0399372, 4.6894375]]}}, {"type": "Feature", "properties": {"highway": "cycleway", "cycleway": null, "name": "Avenida Santa B\u00e1rbara"}, "geometry": {"type": "LineString", "coordinates": [[-74.0523851, 4.6840942], [-74.0524307, 4.683903], [-74.0524929, 4.6836381], [-74.0525548, 4.6832919], [-74.0526145, 4.6829837], [-74.052629, 4.6828875], [-74.052638, 4.6828239], [-74.0526452, 4.6827625], [-74.0526503, 4.6827011], [-74.0526457, 4.6826581], [-74.0526426, 4.6826374], [-74.0526395, 4.6826166], [-74.0526418, 4.6825956], [-74.0526509, 4.6825805]]}}, {"type": "Feature", "properties": {"highway": "cycleway", "cycleway": null, "name": null}, "geometry": {"type": "LineString", "coordinates": [[-74.05201, 4.7202999], [-74.0518957, 4.7209296]]}}, {"type": "Feature", "properties": {"highway": "cycleway", "cycleway": null, "name": null}, "geometry": {"type": "LineString", "coordinates": [[-74.0504036, 4.6964352], [-74.0503493, 4.6964256], [-74.0503614, 4.6963574], [-74.0503328, 4.6963524], [-74.0503005, 4.6963466]]}}, {"type": "Feature", "properties": {"highway": "cycleway", "cycleway": null, "name": null}, "geometry": {"type": "LineString", "coordinates": [[-74.0503005, 4.6963466], [-74.0502881, 4.6964161], [-74.0502548, 4.6964102]]}}, {"type": "Feature", "properties": {"highway": "cycleway", "cycleway": null, "name": null}, "geometry": {"type": "LineString", "coordinates": [[-74.052739, 4.7160048], [-74.052663, 4.7164137], [-74.052582, 4.7169042], [-74.0525109, 4.7172571], [-74.0524601, 4.7176226], [-74.0524058, 4.7179578], [-74.052394, 4.7180308], [-74.0523303, 4.7183192], [-74.0523204, 4.7183789], [-74.0522986, 4.7185102], [-74.0522516, 4.7187927], [-74.0522481, 4.7188139], [-74.0522223, 4.7189315]]}}, {"type": "Feature", "properties": {"highway": "cycleway", "cycleway": null, "name": null}, "geometry": {"type": "LineString", "coordinates": [[-74.0494453, 4.6961458], [-74.0498122, 4.6963203], [-74.049898, 4.6963551], [-74.050213, 4.6964037], [-74.0502548, 4.6964102]]}}, {"type": "Feature", "properties": {"highway": "cycleway", "cycleway": null, "name": null}, "geometry": {"type": "LineString", "coordinates": [[-74.0922261, 4.7544528], [-74.0922354, 4.7545027], [-74.0922506, 4.7545528], [-74.0921934, 4.7545796], [-74.0921397, 4.7546296], [-74.092107, 4.7546833], [-74.092016, 4.7548589], [-74.0919861, 4.7549157], [-74.0918015, 4.7552658], [-74.0915231, 4.7557957], [-74.0912995, 4.7562186], [-74.0911907, 4.7564255], [-74.0910177, 4.756753], [-74.0906503, 4.7574483], [-74.0906002, 4.7575428], [-74.0905935, 4.7575556], [-74.090472, 4.7577877], [-74.0902891, 4.7581455], [-74.0901233, 4.7584329], [-74.0899467, 4.7586509]]}}, {"type": "Feature", "properties": {"highway": "cycleway", "cycleway": null, "name": null}, "geometry": {"type": "LineString", "coordinates": [[-74.0547599, 4.73899], [-74.0572788, 4.7396341]]}}, {"type": "Feature", "properties": {"highway": "cycleway", "cycleway": null, "name": null}, "geometry": {"type": "LineString", "coordinates": [[-74.1101765, 4.655503], [-74.1093175, 4.6560414], [-74.1087068, 4.6564241], [-74.1086696, 4.6564474], [-74.1086048, 4.6564881], [-74.1085909, 4.6564968], [-74.1085559, 4.6565187], [-74.1084339, 4.6566092], [-74.1083058, 4.6566957], [-74.1082786, 4.6567186], [-74.108137, 4.6568379], [-74.1075573, 4.6571742], [-74.1067644, 4.657652]]}}, {"type": "Feature", "properties": {"highway": "cycleway", "cycleway": null, "name": null}, "geometry": {"type": "LineString", "coordinates": [[-74.0856023, 4.696309], [-74.0856312, 4.6962979], [-74.0856527, 4.6962881], [-74.0856735, 4.6962786], [-74.0857519, 4.6962279], [-74.0857934, 4.6961717], [-74.085827, 4.6961276], [-74.0858492, 4.6961206], [-74.0859331, 4.6960955], [-74.0859647, 4.6960924], [-74.0859732, 4.6960915], [-74.0860402, 4.6960875], [-74.0861056, 4.6961036], [-74.08617, 4.6961023], [-74.0863556, 4.6960458], [-74.0866812, 4.6959539], [-74.0871384, 4.6958074], [-74.0872269, 4.6957457], [-74.087287, 4.6956769], [-74.0873335, 4.6955965], [-74.0873666, 4.6955337], [-74.0873927, 4.6954533], [-74.0874146, 4.6952412], [-74.0874701, 4.6947635], [-74.0874605, 4.6946888], [-74.0874462, 4.6946421], [-74.0874227, 4.6945945], [-74.0871517, 4.6942955], [-74.0862636, 4.6934152], [-74.0862119, 4.6933407], [-74.0861197, 4.6932077], [-74.0860314, 4.6930763], [-74.0853936, 4.6922707], [-74.0848533, 4.6915735]]}}, {"type": "Feature", "properties": {"highway": "cycleway", "cycleway": null, "name": null}, "geometry": {"type": "LineString", "coordinates": [[-74.0873457, 4.69627], [-74.0876443, 4.6961912], [-74.0884057, 4.6959838], [-74.0884785, 4.6960339], [-74.0885606, 4.6960902], [-74.0886271, 4.6961368], [-74.0886919, 4.6961621], [-74.0887511, 4.6961681], [-74.0888233, 4.6961535]]}}, {"type": "Feature", "properties": {"highway": "cycleway", "cycleway": null, "name": null}, "geometry": {"type": "LineString", "coordinates": [[-74.133572, 4.7151796], [-74.1335495, 4.7151541], [-74.1335307, 4.7150472], [-74.1335924, 4.7148882], [-74.1335817, 4.7147906], [-74.1335307, 4.7146556], [-74.1335039, 4.7145701], [-74.1334717, 4.7144738], [-74.1334368, 4.7143816], [-74.1333966, 4.7143174], [-74.1333389, 4.7142613], [-74.1332705, 4.7141958], [-74.1332155, 4.714145], [-74.1331941, 4.7140982], [-74.1331767, 4.713994], [-74.13317, 4.713859], [-74.13317, 4.7137614], [-74.1331404, 4.7136986], [-74.1330868, 4.7136184], [-74.1329607, 4.7134981], [-74.1328762, 4.7134006], [-74.1328427, 4.7133217], [-74.1328266, 4.7132362], [-74.1328454, 4.7131346], [-74.132899, 4.7129996], [-74.1329406, 4.7129541], [-74.1329902, 4.7129234], [-74.1330475, 4.7129103], [-74.1331399, 4.7128488], [-74.1332446, 4.7127936], [-74.1333432, 4.7127782], [-74.1335035, 4.7127567], [-74.1336205, 4.7127291], [-74.1337407, 4.7126493], [-74.1339005, 4.7124876]]}}, {"type": "Feature", "properties": {"highway": "cycleway", "cycleway": null, "name": null}, "geometry": {"type": "LineString", "coordinates": [[-74.2133569, 4.6042454], [-74.2133963, 4.6043113], [-74.2134034, 4.6043231], [-74.2132691, 4.604411], [-74.2132488, 4.6044285], [-74.2132304, 4.6044485], [-74.2132178, 4.6044675], [-74.2132119, 4.6044952], [-74.2132181, 4.6045163], [-74.2132435, 4.6045494], [-74.2134021, 4.6047458], [-74.2134489, 4.6047758], [-74.213634, 4.6049035], [-74.2138119, 4.6050781], [-74.2138602, 4.6051526], [-74.2139203, 4.6052722], [-74.2139532, 4.6053692], [-74.2139787, 4.6054757], [-74.2139898, 4.6055979], [-74.2139916, 4.6056151], [-74.2139909, 4.6056274], [-74.2139857, 4.6056868], [-74.2139704, 4.6057736], [-74.2139454, 4.6058728], [-74.2139128, 4.605954], [-74.2137842, 4.6062398], [-74.2137529, 4.6063532], [-74.2137192, 4.6064419]]}}, {"type": "Feature", "properties": {"highway": "cycleway", "cycleway": null, "name": null}, "geometry": {"type": "LineString", "coordinates": [[-74.2137192, 4.6064419], [-74.213762, 4.6064487], [-74.2138951, 4.6064715], [-74.2140028, 4.6065096], [-74.2140803, 4.6065481], [-74.2141393, 4.6066003], [-74.2141699, 4.6066234], [-74.2142437, 4.6066819], [-74.2142967, 4.6067236], [-74.2143241, 4.6067412], [-74.2143768, 4.6067642], [-74.2144355, 4.6067804], [-74.2145226, 4.6067938], [-74.2146192, 4.6067993], [-74.2147318, 4.6067831], [-74.2148526, 4.6067425], [-74.2149857, 4.6066834], [-74.2150883, 4.6066333], [-74.2151054, 4.6066257], [-74.2151201, 4.606617], [-74.2153043, 4.6065309], [-74.2153828, 4.6065263], [-74.2154117, 4.6065313], [-74.2154281, 4.6065333], [-74.2154553, 4.6065366]]}}, {"type": "Feature", "properties": {"highway": "cycleway", "cycleway": null, "name": null}, "geometry": {"type": "LineString", "coordinates": [[-74.2137969, 4.6014346], [-74.2137872, 4.6013779], [-74.213724, 4.6010678], [-74.2137182, 4.6010019], [-74.2137295, 4.6009551], [-74.2137436, 4.6009213], [-74.2138225, 4.6007295], [-74.2138301, 4.6006932], [-74.2138239, 4.6006433], [-74.2138047, 4.6006199], [-74.2136287, 4.6004641], [-74.2132747, 4.6001353], [-74.2126256, 4.5995364], [-74.212623, 4.5995087], [-74.2126393, 4.5994837], [-74.2126684, 4.5994586], [-74.2126916, 4.5994382], [-74.2127682, 4.5993689], [-74.2127891, 4.5993507], [-74.2128139, 4.5993292], [-74.2128105, 4.5992668], [-74.2127935, 4.5992518], [-74.2127536, 4.5992166], [-74.2126816, 4.5991462], [-74.2126114, 4.5991622], [-74.2125652, 4.5991649], [-74.2125136, 4.5991435], [-74.2122356, 4.5989536], [-74.2113084, 4.5984054], [-74.2107071, 4.5980647], [-74.2105319, 4.5979073], [-74.2103973, 4.5977318], [-74.2100775, 4.597053], [-74.2099991, 4.5969665], [-74.2099268, 4.5967917], [-74.2098811, 4.5966982], [-74.2083306, 4.5934688], [-74.2082763, 4.5933579], [-74.2082532, 4.5933108], [-74.2078077, 4.5925122], [-74.2075156, 4.5920573], [-74.2073098, 4.5917122], [-74.2072884, 4.591656], [-74.2072712, 4.5915691], [-74.2072809, 4.5914815], [-74.2073057, 4.5914044], [-74.2072669, 4.5914014], [-74.2072407, 4.5913985], [-74.2069426, 4.5913716], [-74.2067536, 4.5913555], [-74.2065615, 4.5913392], [-74.206194, 4.5913057], [-74.205637, 4.5912676]]}}, {"type": "Feature", "properties": {"highway": "cycleway", "cycleway": null, "name": null}, "geometry": {"type": "LineString", "coordinates": [[-74.2154553, 4.6065366], [-74.2155113, 4.6065547], [-74.2155248, 4.606558], [-74.2155465, 4.6065632], [-74.2156435, 4.6065865], [-74.215702, 4.6065917], [-74.2157519, 4.6065902], [-74.215869, 4.6065549], [-74.2161018, 4.6064642], [-74.2161832, 4.6064332], [-74.2162294, 4.6064056], [-74.2162823, 4.6063698], [-74.216333, 4.6063376], [-74.2164471, 4.6062708], [-74.2165204, 4.6062434], [-74.2165956, 4.6062275], [-74.2167609, 4.6062181], [-74.2168177, 4.6062116], [-74.2169076, 4.6061996], [-74.2169903, 4.6061832], [-74.2170999, 4.6061552], [-74.2171526, 4.6061414], [-74.2172403, 4.6061222], [-74.2172641, 4.6061232]]}}, {"type": "Feature", "properties": {"highway": "cycleway", "cycleway": null, "name": null}, "geometry": {"type": "LineString", "coordinates": [[-74.2192421, 4.609734], [-74.2192601, 4.6097715], [-74.2192941, 4.6098418], [-74.2193514, 4.6099694], [-74.2200119, 4.6114597], [-74.2200222, 4.6114818], [-74.2200873, 4.6116183], [-74.2200905, 4.6116252], [-74.2201238, 4.6116983], [-74.22014, 4.6117394], [-74.2201741, 4.6117671], [-74.220206, 4.6118025], [-74.2202557, 4.6118976], [-74.2205375, 4.6125012], [-74.2207746, 4.6130231], [-74.220942, 4.6134436], [-74.2211432, 4.6138754], [-74.2211637, 4.6139479], [-74.2211602, 4.613992], [-74.2212066, 4.6140564]]}}, {"type": "Feature", "properties": {"highway": "cycleway", "cycleway": null, "name": null}, "geometry": {"type": "LineString", "coordinates": [[-74.2142472, 4.6111813], [-74.2141865, 4.6111906], [-74.2140824, 4.6110629], [-74.2138953, 4.6106816], [-74.2138045, 4.6105113], [-74.2130943, 4.6096591], [-74.2127396, 4.6092246], [-74.2120286, 4.6083451], [-74.2117426, 4.6079797], [-74.2113336, 4.6074749], [-74.2109296, 4.6069765], [-74.2106636, 4.6066466], [-74.2104802, 4.6064305], [-74.2102695, 4.6061735], [-74.2097209, 4.6054754]]}}, {"type": "Feature", "properties": {"highway": "cycleway", "cycleway": null, "name": null}, "geometry": {"type": "LineString", "coordinates": [[-74.2143319, 4.6073123], [-74.2143332, 4.6073493], [-74.2143389, 4.6073749], [-74.2143588, 4.6075229], [-74.2143825, 4.6075939], [-74.2144103, 4.6076426], [-74.2144419, 4.6076886], [-74.2144681, 4.6077248], [-74.2145344, 4.6077905], [-74.2145763, 4.6078247], [-74.2146216, 4.6078581], [-74.2146855, 4.6078948], [-74.2147362, 4.6079268], [-74.2148032, 4.6079647], [-74.2148667, 4.6080437], [-74.2149045, 4.6081079], [-74.2149294, 4.6081566], [-74.2149756, 4.6082414], [-74.2150389, 4.6083389], [-74.2150563, 4.6083693], [-74.2150958, 4.6084355], [-74.2151599, 4.6085345], [-74.2152435, 4.6087869], [-74.2153148, 4.6089051], [-74.2153823, 4.6090021], [-74.2154381, 4.6090651], [-74.2155111, 4.6091245], [-74.2155584, 4.6091608], [-74.2156037, 4.6091933], [-74.2156886, 4.6092568], [-74.2157826, 4.6093459], [-74.2158465, 4.6094217], [-74.2159386, 4.6095458], [-74.2159732, 4.609606], [-74.2160066, 4.6096864]]}}, {"type": "Feature", "properties": {"highway": "cycleway", "cycleway": null, "name": null}, "geometry": {"type": "LineString", "coordinates": [[-74.2088371, 4.611979], [-74.2084238, 4.6118296], [-74.2081143, 4.6117282], [-74.2079512, 4.6116855], [-74.2078418, 4.6116732], [-74.2077671, 4.6116807], [-74.2076903, 4.6116963], [-74.2071802, 4.6118927], [-74.2070968, 4.6119189], [-74.2070695, 4.6119236], [-74.2070159, 4.6119333], [-74.2069066, 4.6119316], [-74.2067533, 4.6119155], [-74.2065681, 4.6118802], [-74.2064154, 4.6118409], [-74.2063435, 4.6118164], [-74.206293, 4.6117946], [-74.2062479, 4.6117634], [-74.2062208, 4.6117446]]}}, {"type": "Feature", "properties": {"highway": "cycleway", "cycleway": null, "name": null}, "geometry": {"type": "LineString", "coordinates": [[-74.2255052, 4.608743], [-74.225465, 4.6087602], [-74.2254077, 4.6087989], [-74.2252888, 4.6088403], [-74.2252074, 4.608866], [-74.2249896, 4.6089069], [-74.2248639, 4.6089166], [-74.2247491, 4.6089039], [-74.2245495, 4.6088616], [-74.2245166, 4.6088607], [-74.2244248, 4.6088599], [-74.2243034, 4.6088744], [-74.2241881, 4.6089123], [-74.2240711, 4.608952], [-74.2239087, 4.6089721], [-74.2237948, 4.6089781], [-74.2236989, 4.6089776], [-74.2236174, 4.6089754], [-74.2235238, 4.6089627], [-74.2234191, 4.6089499], [-74.2233208, 4.608924], [-74.2232196, 4.6088959], [-74.223135, 4.6088612], [-74.223036, 4.608818], [-74.2229516, 4.6087961], [-74.2228755, 4.6087863], [-74.2227791, 4.6087899], [-74.2226939, 4.6088068], [-74.2226178, 4.6088341], [-74.2223568, 4.6089631], [-74.2223015, 4.6089937], [-74.222269, 4.6090116], [-74.2222341, 4.6090345], [-74.2222018, 4.6090538]]}}, {"type": "Feature", "properties": {"highway": "cycleway", "cycleway": null, "name": null}, "geometry": {"type": "LineString", "coordinates": [[-74.2225172, 4.6104432], [-74.2225098, 4.6104109], [-74.2224959, 4.6103893], [-74.2224795, 4.6103557], [-74.2224027, 4.6101994], [-74.2223752, 4.6101193], [-74.22235, 4.6099856], [-74.2222934, 4.6095588], [-74.2222661, 4.6093296], [-74.222245, 4.6092103], [-74.2222278, 4.6091326], [-74.2222018, 4.6090538], [-74.2221959, 4.609036], [-74.2221877, 4.6090147], [-74.2221562, 4.6089222], [-74.2219488, 4.6084401], [-74.2218238, 4.6081763], [-74.2217683, 4.6080692], [-74.2217458, 4.6080212], [-74.2217061, 4.608011], [-74.2216825, 4.6079794], [-74.2216706, 4.6079425], [-74.2216747, 4.607932], [-74.2216829, 4.6079109], [-74.2216633, 4.6078472], [-74.2216529, 4.6078228], [-74.2215722, 4.6076328], [-74.2212761, 4.6067763], [-74.2211994, 4.6065393], [-74.2211594, 4.6064156], [-74.220998, 4.6058618], [-74.2208779, 4.6054912], [-74.2208587, 4.6054564], [-74.2208273, 4.605437], [-74.2207881, 4.6053551], [-74.2207745, 4.6053266], [-74.2207587, 4.6052982], [-74.220712, 4.6052786], [-74.2206829, 4.6052632], [-74.2206493, 4.6052378], [-74.2206415, 4.6051956], [-74.2206605, 4.6051463], [-74.22066, 4.6051267], [-74.2206488, 4.6051008], [-74.2206441, 4.6050899], [-74.2205656, 4.6049328], [-74.2205474, 4.6048963], [-74.2205316, 4.6048618], [-74.2203189, 4.6043968], [-74.2201446, 4.6039691], [-74.2200597, 4.6037838], [-74.2199807, 4.6036595], [-74.2198675, 4.6035546], [-74.219771, 4.6034863], [-74.2196587, 4.6034226], [-74.2196037, 4.6034308], [-74.2195307, 4.6034093], [-74.2194766, 4.60337], [-74.2194519, 4.6033328], [-74.2193924, 4.6032957], [-74.2190886, 4.6031034], [-74.2188804, 4.6028995], [-74.2184515, 4.6022164], [-74.2182313, 4.6018407], [-74.218213, 4.6018119], [-74.2181162, 4.60166], [-74.2180702, 4.6015878], [-74.2179726, 4.6014344]]}}, {"type": "Feature", "properties": {"highway": "cycleway", "cycleway": null, "name": null}, "geometry": {"type": "LineString", "coordinates": [[-74.2021465, 4.5921657], [-74.2022693, 4.5921564], [-74.2040789, 4.5929173], [-74.2047918, 4.5932115], [-74.2049522, 4.5932937], [-74.2050371, 4.5933831], [-74.2050988, 4.5934666], [-74.205186, 4.5936456], [-74.2051917, 4.5937488], [-74.2051947, 4.5938693], [-74.2050536, 4.5945056], [-74.2050229, 4.5946249], [-74.2050022, 4.5947031], [-74.2046983, 4.595959], [-74.2046659, 4.5960985]]}}, {"type": "Feature", "properties": {"highway": "cycleway", "cycleway": null, "name": null}, "geometry": {"type": "LineString", "coordinates": [[-74.2266544, 4.6123354], [-74.2265936, 4.6123732], [-74.2265291, 4.6123097], [-74.2264513, 4.6122241], [-74.2263215, 4.6120512], [-74.2262675, 4.6119596], [-74.2261886, 4.6118255], [-74.2261777, 4.6118071], [-74.2260787, 4.6116319], [-74.2260515, 4.6116194], [-74.2260189, 4.6116016], [-74.2260087, 4.6115612], [-74.2260021, 4.611524], [-74.2260297, 4.6114878], [-74.2260331, 4.6114382], [-74.2260119, 4.6113005], [-74.2259974, 4.6111866], [-74.2259501, 4.6100861], [-74.2259418, 4.6099808], [-74.2259275, 4.6099579], [-74.2259065, 4.609931], [-74.2258819, 4.6099191], [-74.2258628, 4.6099126], [-74.225853, 4.6098711], [-74.225845, 4.6098285], [-74.2258651, 4.6098166], [-74.2258865, 4.6097918], [-74.2259014, 4.6097648], [-74.2258995, 4.6097057], [-74.2258746, 4.6095974], [-74.2258212, 4.6094079], [-74.2257472, 4.6092077], [-74.2256319, 4.6089442], [-74.2255552, 4.6088212], [-74.2255052, 4.608743], [-74.2254934, 4.6087277], [-74.225431, 4.6086469], [-74.2252908, 4.6084759], [-74.2251399, 4.608313], [-74.2247262, 4.6079043], [-74.2241676, 4.6073572], [-74.2240645, 4.6072718], [-74.2240028, 4.6072377], [-74.2239254, 4.6071967], [-74.2238532, 4.6071365], [-74.2238732, 4.6071046], [-74.2238678, 4.607057], [-74.2238496, 4.6070185], [-74.2238045, 4.6069694], [-74.2236465, 4.6067769], [-74.2235262, 4.6066061], [-74.2233709, 4.6063443], [-74.2232631, 4.6060857], [-74.2231968, 4.6058417], [-74.22315, 4.605601], [-74.2231029, 4.6053491], [-74.2230273, 4.6048529], [-74.2230226, 4.6048241], [-74.222991, 4.6047914], [-74.2229572, 4.6047684], [-74.2229248, 4.6047595], [-74.2229138, 4.6047357]]}}, {"type": "Feature", "properties": {"highway": "cycleway", "cycleway": null, "name": null}, "geometry": {"type": "LineString", "coordinates": [[-74.1989037, 4.5896081], [-74.1987309, 4.5896891], [-74.1982203, 4.5899285], [-74.1973145, 4.5903579], [-74.1972896, 4.5903697], [-74.197269, 4.5903279], [-74.1971336, 4.5903943], [-74.1969681, 4.5904753], [-74.1969928, 4.5905254], [-74.1969802, 4.5905318], [-74.196304, 4.5908764], [-74.1947497, 4.5916731], [-74.193953, 4.5920746]]}}, {"type": "Feature", "properties": {"highway": "cycleway", "cycleway": null, "name": "Ciclov\u00eda la Despensa"}, "geometry": {"type": "LineString", "coordinates": [[-74.1915417, 4.5935893], [-74.1913595, 4.5945582], [-74.1912605, 4.5950848], [-74.191135, 4.595752], [-74.1910234, 4.5963456], [-74.1909, 4.5970014], [-74.1907772, 4.5976544]]}}, {"type": "Feature", "properties": {"highway": "cycleway", "cycleway": null, "name": null}, "geometry": {"type": "LineString", "coordinates": [[-74.1104793, 4.6647758], [-74.1106316, 4.6650167], [-74.1109675, 4.6655499], [-74.1111516, 4.6658305], [-74.1112271, 4.6659456]]}}, {"type": "Feature", "properties": {"highway": "cycleway", "cycleway": null, "name": null}, "geometry": {"type": "LineString", "coordinates": [[-74.1103742, 4.6644811], [-74.1104793, 4.6647758]]}}, {"type": "Feature", "properties": {"highway": "cycleway", "cycleway": null, "name": null}, "geometry": {"type": "LineString", "coordinates": [[-74.2253946, 4.5859417], [-74.2254128, 4.5860201], [-74.2254348, 4.5860954], [-74.225691, 4.5860326], [-74.2257588, 4.5860486], [-74.2258114, 4.5860819], [-74.2258598, 4.5861299], [-74.2258908, 4.5861939], [-74.2258954, 4.5862553], [-74.2258987, 4.5869402], [-74.225909, 4.5874553], [-74.2258942, 4.5881224], [-74.2258918, 4.5882072], [-74.2258794, 4.5891703], [-74.2258793, 4.5892327], [-74.2258789, 4.589444], [-74.2258785, 4.5896391], [-74.2258769, 4.5904494], [-74.2258774, 4.5905936], [-74.2258721, 4.5906571], [-74.2258775, 4.5907777], [-74.2258498, 4.5918108], [-74.2258052, 4.5918761], [-74.2258115, 4.5919615], [-74.2258107, 4.5920036], [-74.225824, 4.5920579], [-74.2257705, 4.5936871], [-74.2257658, 4.5937367], [-74.2257631, 4.5937772], [-74.2257572, 4.5938511], [-74.22576, 4.5947151], [-74.2257645, 4.5949399], [-74.2257765, 4.5949854], [-74.2258202, 4.5950267]]}}, {"type": "Feature", "properties": {"highway": "cycleway", "cycleway": null, "name": null}, "geometry": {"type": "LineString", "coordinates": [[-74.0863188, 4.646729], [-74.0864024, 4.6464919], [-74.0865187, 4.646204], [-74.086605, 4.6459837], [-74.0867106, 4.6457455], [-74.0868098, 4.6455759], [-74.0869029, 4.6454156], [-74.0869811, 4.6452936], [-74.0873371, 4.6448012], [-74.0876161, 4.6444617], [-74.0877977, 4.6442651], [-74.088004, 4.6440807], [-74.0882349, 4.6438978], [-74.0885058, 4.6437119], [-74.0888579, 4.6434717], [-74.0891663, 4.6432718], [-74.089564, 4.6430244], [-74.0902401, 4.642583], [-74.0903221, 4.6425296], [-74.0903711, 4.6424977], [-74.0906424, 4.6423211], [-74.0906927, 4.6422884], [-74.0908355, 4.6421954], [-74.091298, 4.6418845], [-74.0917721, 4.6415712], [-74.0921771, 4.6413194], [-74.0929449, 4.6408692], [-74.0932498, 4.6406634], [-74.0934693, 4.6405178], [-74.0937242, 4.6403652]]}}, {"type": "Feature", "properties": {"highway": "cycleway", "cycleway": null, "name": null}, "geometry": {"type": "LineString", "coordinates": [[-74.1003453, 4.7029816], [-74.100298, 4.7028919], [-74.1002431, 4.7028059], [-74.1001925, 4.7027493], [-74.1001323, 4.7026908], [-74.1000062, 4.7025775], [-74.099905, 4.702492], [-74.0995556, 4.7021922], [-74.0989762, 4.7017068], [-74.0983205, 4.7011907], [-74.097989, 4.7009226], [-74.0976903, 4.7006848], [-74.0975051, 4.7005298], [-74.097404, 4.7004544], [-74.0973231, 4.7003835], [-74.0971416, 4.7002457], [-74.0970433, 4.7001697], [-74.0969286, 4.7000862], [-74.0967467, 4.6999489], [-74.0965953, 4.6998421], [-74.0959592, 4.6993885], [-74.095881, 4.6993396], [-74.0952755, 4.6989611], [-74.0952071, 4.6989416], [-74.0950109, 4.6989195], [-74.0944238, 4.698712], [-74.0941902, 4.6986249], [-74.0939438, 4.6985314]]}}, {"type": "Feature", "properties": {"highway": "cycleway", "cycleway": null, "name": null}, "geometry": {"type": "LineString", "coordinates": [[-74.133873, 4.570288], [-74.133977, 4.570194], [-74.134089, 4.57011], [-74.134213, 4.570045], [-74.134323, 4.570002], [-74.134436, 4.569977], [-74.1344888, 4.5699745], [-74.134565, 4.5699708], [-74.134666, 4.569966], [-74.134819, 4.569983], [-74.134962, 4.57002], [-74.135084, 4.570073], [-74.135211, 4.570131], [-74.135357, 4.570186], [-74.1354801, 4.570208], [-74.1355738, 4.5702126], [-74.135708, 4.570214], [-74.13584, 4.570186], [-74.135949, 4.570157], [-74.1360365, 4.570118], [-74.136144, 4.5700775], [-74.1364, 4.569999], [-74.136488, 4.569984], [-74.136589, 4.569959], [-74.136699, 4.569961], [-74.136786, 4.569969], [-74.136885, 4.569983], [-74.137022, 4.570034], [-74.137138, 4.570101], [-74.137268, 4.570208], [-74.137342, 4.570297], [-74.137416, 4.57041], [-74.137457, 4.570516], [-74.137484, 4.570604], [-74.137492, 4.570683], [-74.1374841, 4.570902]]}}, {"type": "Feature", "properties": {"highway": "cycleway", "cycleway": null, "name": null}, "geometry": {"type": "LineString", "coordinates": [[-74.1128164, 4.7569914], [-74.1117607, 4.7579863], [-74.1117319, 4.7580042], [-74.1116947, 4.7580155], [-74.1116566, 4.7580164], [-74.1116265, 4.7580096], [-74.1103124, 4.7576695], [-74.1102312, 4.7576434], [-74.1101737, 4.7576146], [-74.1101132, 4.7575729], [-74.1093743, 4.7569882], [-74.1093118, 4.7569362], [-74.1092983, 4.7569169], [-74.1092923, 4.7568951], [-74.1092943, 4.7568707], [-74.1093041, 4.7568496], [-74.1093582, 4.7567404], [-74.1097884, 4.7558533], [-74.1104161, 4.7544789], [-74.110565, 4.7541607], [-74.1105771, 4.7541468], [-74.1105931, 4.7541399], [-74.1106096, 4.75414], [-74.1106405, 4.754149], [-74.111704, 4.7544199], [-74.1117732, 4.7544333], [-74.1118955, 4.7544663], [-74.1120593, 4.7545058], [-74.1125714, 4.7546336], [-74.1136841, 4.7549121], [-74.1138755, 4.7547541]]}}, {"type": "Feature", "properties": {"highway": "cycleway", "cycleway": null, "name": null}, "geometry": {"type": "LineString", "coordinates": [[-74.066744, 4.6053879], [-74.065964, 4.6049008]]}}, {"type": "Feature", "properties": {"highway": "cycleway", "cycleway": null, "name": null}, "geometry": {"type": "LineString", "coordinates": [[-74.2083407, 4.7117628], [-74.2079017, 4.7110562], [-74.2076898, 4.7107151], [-74.2076284, 4.7106163], [-74.2070076, 4.7096368]]}}, {"type": "Feature", "properties": {"highway": "cycleway", "cycleway": null, "name": null}, "geometry": {"type": "LineString", "coordinates": [[-74.2083407, 4.7117628], [-74.2088246, 4.7125344], [-74.2092771, 4.7132559]]}}, {"type": "Feature", "properties": {"highway": "cycleway", "cycleway": null, "name": null}, "geometry": {"type": "LineString", "coordinates": [[-74.2070076, 4.7096368], [-74.2064468, 4.708693], [-74.2062861, 4.7084198], [-74.2059918, 4.7079496], [-74.205786, 4.7076128], [-74.2056703, 4.7074184], [-74.2055643, 4.7072404], [-74.2053402, 4.7068621], [-74.2046497, 4.7056792], [-74.2036827, 4.7040408], [-74.2035189, 4.7037759], [-74.2032014, 4.7031384], [-74.2031058, 4.7029649], [-74.2029156, 4.7028258], [-74.2024229, 4.7026543], [-74.2021914, 4.7025155], [-74.2020263, 4.7023512], [-74.2017275, 4.7020059]]}}, {"type": "Feature", "properties": {"highway": "cycleway", "cycleway": null, "name": null}, "geometry": {"type": "LineString", "coordinates": [[-74.1967343, 4.5793924], [-74.1967597, 4.5794452], [-74.197175, 4.5803488], [-74.1974145, 4.5808708], [-74.1975621, 4.5811925], [-74.1980752, 4.5823816], [-74.1981042, 4.5824489], [-74.1981682, 4.5825664], [-74.1981878, 4.5826116], [-74.1984318, 4.5831725], [-74.198757, 4.5838794], [-74.1987978, 4.5839617], [-74.1991902, 4.5848179], [-74.1994614, 4.5854097], [-74.1995055, 4.5855064], [-74.1995344, 4.585569], [-74.2001567, 4.5868845], [-74.2001888, 4.5869214], [-74.200261, 4.5869121], [-74.2003143, 4.5869017], [-74.2017845, 4.5865904], [-74.2025857, 4.5863792], [-74.2026767, 4.5862664]]}}, {"type": "Feature", "properties": {"highway": "cycleway", "cycleway": null, "name": null}, "geometry": {"type": "LineString", "coordinates": [[-74.1434389, 4.6033278], [-74.1433943, 4.6034509], [-74.1432288, 4.6039073], [-74.1429427, 4.6046965], [-74.142921, 4.6047543], [-74.1428456, 4.6049556], [-74.1427736, 4.6051478], [-74.1426418, 4.6054995], [-74.1425299, 4.6057982], [-74.1424146, 4.6061058], [-74.1422777, 4.6064714]]}}, {"type": "Feature", "properties": {"highway": "cycleway", "cycleway": null, "name": null}, "geometry": {"type": "LineString", "coordinates": [[-74.1229376, 4.6119332], [-74.1228951, 4.6119964], [-74.1228609, 4.6120389], [-74.1228112, 4.6121215], [-74.1227982, 4.6122017], [-74.1227985, 4.6122522], [-74.1228344, 4.6123569], [-74.1231703, 4.6127991], [-74.1235041, 4.6132385], [-74.1236589, 4.6134231], [-74.1239178, 4.613772], [-74.1240909, 4.6140151], [-74.1242376, 4.6142761], [-74.1243548, 4.6145609], [-74.1244274, 4.6148351], [-74.1244388, 4.6149453], [-74.1244523, 4.6151139], [-74.124467, 4.6152052], [-74.1245026, 4.6154361], [-74.1245714, 4.6159381], [-74.1246189, 4.616359], [-74.1246508, 4.6166411], [-74.12468, 4.6167504], [-74.1247134, 4.6168756], [-74.1247455, 4.6171143], [-74.1247901, 4.6179073], [-74.1248013, 4.6180112], [-74.1248104, 4.6180947], [-74.1248266, 4.6182445], [-74.1248349, 4.6183213]]}}, {"type": "Feature", "properties": {"highway": "cycleway", "cycleway": null, "name": "Alameda el Porvenir"}, "geometry": {"type": "LineString", "coordinates": [[-74.2055382, 4.6141769], [-74.205641, 4.6137465]]}}, {"type": "Feature", "properties": {"highway": "cycleway", "cycleway": null, "name": null}, "geometry": {"type": "LineString", "coordinates": [[-74.0648284, 4.6665766], [-74.0647772, 4.666651], [-74.0643576, 4.6672603], [-74.0638969, 4.6679763], [-74.0635883, 4.6684658], [-74.0634914, 4.6686385], [-74.0634412, 4.6687286], [-74.063425, 4.6687676], [-74.063399, 4.6688286], [-74.0633827, 4.6689065], [-74.0633781, 4.6689402], [-74.0633723, 4.6689828], [-74.0633633, 4.6690785], [-74.0633583, 4.6691317], [-74.0633545, 4.6692025], [-74.0633487, 4.6693091]]}}, {"type": "Feature", "properties": {"highway": "cycleway", "cycleway": null, "name": null}, "geometry": {"type": "LineString", "coordinates": [[-74.0645993, 4.7088218], [-74.0645809, 4.7087844], [-74.0645721, 4.7087606], [-74.0645651, 4.7087207], [-74.0645651, 4.7086669], [-74.064565, 4.708573], [-74.0645796, 4.7083988], [-74.064614, 4.7081514], [-74.0646864, 4.7077289], [-74.0647375, 4.7074047], [-74.0648198, 4.7068445], [-74.0650274, 4.705703], [-74.065069, 4.7054701], [-74.0651659, 4.7049542], [-74.0652417, 4.7045954], [-74.0652865, 4.7043998], [-74.0653187, 4.7042883], [-74.0653751, 4.7041394], [-74.0654296, 4.7040107], [-74.0655863, 4.7036574], [-74.0657301, 4.7033537], [-74.065783, 4.7032548], [-74.065859, 4.7031456], [-74.0659484, 4.703039], [-74.0660185, 4.7029717], [-74.0660829, 4.7029154], [-74.0666199, 4.7025049]]}}, {"type": "Feature", "properties": {"highway": "cycleway", "cycleway": null, "name": null}, "geometry": {"type": "LineString", "coordinates": [[-74.066532, 4.7023734], [-74.0663862, 4.7024737], [-74.0660728, 4.7026891], [-74.0659511, 4.7027975], [-74.0658596, 4.7028962], [-74.0657895, 4.7029749], [-74.0657301, 4.7030577], [-74.0656482, 4.7031815], [-74.0655108, 4.703432], [-74.0652951, 4.7038883], [-74.0652103, 4.7041175], [-74.0651462, 4.7042984], [-74.0651055, 4.7044541], [-74.0650046, 4.7049133], [-74.0649628, 4.7051378], [-74.0648281, 4.7059572], [-74.064695, 4.7067122], [-74.064584, 4.7073643], [-74.0644834, 4.7080018], [-74.0644353, 4.7083045], [-74.0643997, 4.70852], [-74.0643824, 4.7085517], [-74.0643544, 4.7085889], [-74.0643147, 4.7086296], [-74.0642389, 4.7086772]]}}, {"type": "Feature", "properties": {"highway": "cycleway", "cycleway": null, "name": null}, "geometry": {"type": "LineString", "coordinates": [[-74.0490741, 4.7386768], [-74.0490215, 4.7387049], [-74.0489806, 4.7387449], [-74.0489453, 4.7387974], [-74.0489346, 4.7388498], [-74.0488915, 4.7391023], [-74.0488438, 4.7393236], [-74.0487918, 4.7395654], [-74.0487324, 4.7398953], [-74.0486375, 4.7403981], [-74.0484821, 4.7413532]]}}, {"type": "Feature", "properties": {"highway": "cycleway", "cycleway": null, "name": null}, "geometry": {"type": "LineString", "coordinates": [[-74.0480783, 4.7374147], [-74.0480422, 4.7373934], [-74.0480176, 4.7373722], [-74.0479926, 4.7373425], [-74.047979, 4.7373129], [-74.0479758, 4.7372577], [-74.0479804, 4.7372146], [-74.0479964, 4.7371773], [-74.048019, 4.7371476], [-74.0480615, 4.7371194], [-74.0481062, 4.7370972], [-74.0481614, 4.7370884], [-74.0482194, 4.737091], [-74.0482594, 4.7371113], [-74.0482965, 4.7371431]]}}, {"type": "Feature", "properties": {"highway": "cycleway", "cycleway": null, "name": null}, "geometry": {"type": "LineString", "coordinates": [[-74.0476011, 4.7417665], [-74.0457274, 4.7413374], [-74.0456734, 4.741325], [-74.0434169, 4.7408081], [-74.0429518, 4.7407014], [-74.0429348, 4.7406977]]}}, {"type": "Feature", "properties": {"highway": "cycleway", "cycleway": null, "name": "Alameda el Porvenir"}, "geometry": {"type": "LineString", "coordinates": [[-74.2033388, 4.600686], [-74.2032903, 4.6007242], [-74.2032748, 4.6007374], [-74.2032413, 4.6007406], [-74.2018597, 4.6004455], [-74.2017447, 4.6004285], [-74.2016376, 4.600432], [-74.2015346, 4.6004455], [-74.2014139, 4.6004808], [-74.2012978, 4.6005601], [-74.2012122, 4.6006718], [-74.2011602, 4.6007918], [-74.2011651, 4.600899], [-74.2012097, 4.601207], [-74.2012872, 4.6016987], [-74.2013071, 4.6017606], [-74.2013412, 4.6018225], [-74.2013752, 4.6018773], [-74.2014341, 4.6019322], [-74.201489, 4.6019707], [-74.2015757, 4.6020092], [-74.201799, 4.6020728], [-74.202046, 4.6021431], [-74.2023568, 4.6022316], [-74.202436, 4.6022601], [-74.202487, 4.6022922], [-74.2025499, 4.6023599], [-74.2026059, 4.6024158], [-74.2029624, 4.6037314], [-74.2031332, 4.6043283], [-74.2031389, 4.6043483], [-74.2034464, 4.6053811], [-74.2034856, 4.6054689], [-74.2035331, 4.6055487], [-74.2035979, 4.6056321], [-74.203683, 4.6057154], [-74.2037531, 4.6057603], [-74.2038313, 4.6057929], [-74.2038926, 4.6058121], [-74.2039661, 4.6058151], [-74.2040275, 4.6058058], [-74.2040807, 4.6057883], [-74.20428, 4.6056891]]}}, {"type": "Feature", "properties": {"highway": "cycleway", "cycleway": null, "name": null}, "geometry": {"type": "LineString", "coordinates": [[-74.1219718, 4.5202868], [-74.1219852, 4.5202199], [-74.1219503, 4.5201611], [-74.1219208, 4.5201397], [-74.1215587, 4.520113], [-74.121202, 4.5200809], [-74.121151, 4.5201103], [-74.1211081, 4.5201665], [-74.1210754, 4.52069], [-74.1210592, 4.5209509], [-74.1210571, 4.5209847], [-74.1210791, 4.5210645], [-74.1211215, 4.5211077], [-74.1216197, 4.5210792], [-74.1216854, 4.5210622], [-74.1217212, 4.5210015], [-74.121769, 4.5207917], [-74.1218779, 4.5203643], [-74.1219718, 4.5202868]]}}, {"type": "Feature", "properties": {"highway": "cycleway", "cycleway": null, "name": null}, "geometry": {"type": "LineString", "coordinates": [[-74.0720742, 4.6688675], [-74.0713871, 4.6696212], [-74.0713488, 4.6696631], [-74.0711096, 4.66994], [-74.0709817, 4.6700894], [-74.0708796, 4.6702129], [-74.0707428, 4.6703925], [-74.070557, 4.6706366], [-74.070497, 4.6707128], [-74.0704435, 4.6707803], [-74.0704058, 4.670828], [-74.0703736, 4.6708687], [-74.0703532, 4.6708961], [-74.0701914, 4.6711133], [-74.0697642, 4.6716308], [-74.0696247, 4.6717742], [-74.0693491, 4.6720938], [-74.0691387, 4.6723127], [-74.0689653, 4.672357], [-74.0687754, 4.6725105], [-74.0687509, 4.6725303], [-74.0685729, 4.6726791], [-74.0684385, 4.6727875], [-74.0681824, 4.6729777], [-74.0677208, 4.6733215], [-74.0676921, 4.6733032], [-74.0676743, 4.673293], [-74.0675814, 4.6734033]]}}, {"type": "Feature", "properties": {"highway": "cycleway", "cycleway": null, "name": null}, "geometry": {"type": "LineString", "coordinates": [[-74.0675814, 4.6734033], [-74.0674352, 4.6734654], [-74.0672743, 4.6735337], [-74.0670781, 4.6736607], [-74.0668686, 4.6736363], [-74.0668295, 4.6736261], [-74.0667562, 4.6736067]]}}, {"type": "Feature", "properties": {"highway": "cycleway", "cycleway": null, "name": null}, "geometry": {"type": "LineString", "coordinates": [[-74.0606392, 4.6773114], [-74.060572, 4.6773468], [-74.0604142, 4.6774298], [-74.0603183, 4.6774672], [-74.0602428, 4.6774833], [-74.0601636, 4.6774815], [-74.0595903, 4.6773901], [-74.0594212, 4.6773603], [-74.0593896, 4.6775073], [-74.059438, 4.6775334], [-74.0594688, 4.6775595], [-74.0594973, 4.6776023], [-74.0595117, 4.6776451], [-74.0595156, 4.6777252], [-74.0594942, 4.6778081], [-74.0594468, 4.6779216], [-74.0593604, 4.678028], [-74.0592778, 4.6780968], [-74.0589865, 4.6782836], [-74.0587512, 4.678419], [-74.0583918, 4.6786408], [-74.0583316, 4.6786616], [-74.0582389, 4.6786783], [-74.0581574, 4.678664], [-74.0580758, 4.6786335], [-74.0580162, 4.6786064], [-74.0579386, 4.67857], [-74.0579165, 4.6786083], [-74.0579001, 4.6786366], [-74.0578809, 4.6786689], [-74.0575904, 4.6785323], [-74.0571301, 4.6783428], [-74.0564391, 4.6779775], [-74.056383, 4.6779478]]}}, {"type": "Feature", "properties": {"highway": "cycleway", "cycleway": null, "name": null}, "geometry": {"type": "LineString", "coordinates": [[-74.0808027, 4.6699718], [-74.0808536, 4.6699062], [-74.0817021, 4.6688119], [-74.0823644, 4.6679576]]}}, {"type": "Feature", "properties": {"highway": "cycleway", "cycleway": null, "name": null}, "geometry": {"type": "LineString", "coordinates": [[-74.0795904, 4.665247], [-74.079563, 4.6652262], [-74.0797266, 4.6650229], [-74.0797603, 4.6649811], [-74.0801456, 4.6644943], [-74.0801668, 4.6644676], [-74.0802111, 4.6644089], [-74.080677, 4.6637916], [-74.0810014, 4.6633618]]}}, {"type": "Feature", "properties": {"highway": "cycleway", "cycleway": null, "name": null}, "geometry": {"type": "LineString", "coordinates": [[-74.0799518, 4.6626508], [-74.0794484, 4.6622887], [-74.0789339, 4.6619237], [-74.0784684, 4.6615951], [-74.0780039, 4.6612547], [-74.0775566, 4.6609414]]}}, {"type": "Feature", "properties": {"highway": "cycleway", "cycleway": null, "name": null}, "geometry": {"type": "LineString", "coordinates": [[-74.1008722, 4.6504286], [-74.1008663, 4.6504613], [-74.1008569, 4.6504906], [-74.1008388, 4.6505175], [-74.1008164, 4.650542], [-74.1007499, 4.6506004], [-74.1006681, 4.6506686], [-74.1006356, 4.6507051], [-74.1006042, 4.6507448], [-74.0998928, 4.6517482], [-74.099819, 4.6518658], [-74.0992855, 4.6526409], [-74.0990077, 4.6530449], [-74.0989543, 4.6531227], [-74.098902, 4.6531977], [-74.0988137, 4.6533243], [-74.0985748, 4.6536614], [-74.0979487, 4.654561], [-74.0976783, 4.6549333]]}}, {"type": "Feature", "properties": {"highway": "cycleway", "cycleway": null, "name": null}, "geometry": {"type": "LineString", "coordinates": [[-74.0977213, 4.654964], [-74.0979999, 4.6545756], [-74.0986056, 4.6536989], [-74.0989397, 4.6532242], [-74.098995, 4.6531509], [-74.099049, 4.6530744], [-74.0993334, 4.6526709], [-74.0998618, 4.6518939], [-74.0999388, 4.6517811], [-74.1005403, 4.6509172], [-74.1006517, 4.6507664], [-74.100685, 4.6507273], [-74.1007212, 4.6506866], [-74.100834, 4.6505851], [-74.1008627, 4.6505726], [-74.1008831, 4.6505691], [-74.1009087, 4.6505646], [-74.1009351, 4.6505622], [-74.1009599, 4.6505622]]}}, {"type": "Feature", "properties": {"highway": "cycleway", "cycleway": null, "name": null}, "geometry": {"type": "LineString", "coordinates": [[-74.0628805, 4.6828234], [-74.0630469, 4.6825598], [-74.0632582, 4.6822138], [-74.0632931, 4.682147], [-74.0633548, 4.6817834], [-74.0634062, 4.6817761], [-74.0634457, 4.6817705], [-74.0635539, 4.6817553], [-74.0635717, 4.6817073], [-74.0635975, 4.6816593], [-74.0636857, 4.6815464], [-74.0637739, 4.6814477], [-74.0638651, 4.6813501], [-74.0639563, 4.6812706], [-74.0639679, 4.681259], [-74.0640055, 4.6812211], [-74.0640511, 4.6811723], [-74.0640911, 4.6811296], [-74.064128, 4.6810889], [-74.0641406, 4.681075], [-74.0642106, 4.680992], [-74.0642654, 4.680916], [-74.0644941, 4.6806061], [-74.0648753, 4.6799684], [-74.065122, 4.6795675], [-74.0652878, 4.6792982], [-74.0654388, 4.6790433], [-74.0654595, 4.6790005], [-74.0654861, 4.6789457], [-74.0655709, 4.6787708], [-74.0657008, 4.6785028], [-74.0657722, 4.6783852], [-74.0658841, 4.6782012], [-74.0659422, 4.6781126], [-74.0660155, 4.6780007], [-74.0661308, 4.6778216], [-74.0661819, 4.6777379], [-74.0662364, 4.6776488], [-74.0664224, 4.677324], [-74.0666276, 4.6769746], [-74.0666395, 4.6769597], [-74.0666624, 4.6769198], [-74.0666717, 4.6769042], [-74.0669911, 4.6763742], [-74.0672405, 4.675942], [-74.0673117, 4.6758298], [-74.0674003, 4.675702], [-74.0675399, 4.6755224], [-74.067775, 4.6752962], [-74.0678553, 4.6751855], [-74.0679063, 4.6750976], [-74.0679332, 4.6750174], [-74.0679311, 4.6749533], [-74.0678884, 4.6748592], [-74.0678314, 4.6747775], [-74.0677019, 4.6746115], [-74.0675753, 4.6744167], [-74.0675024, 4.6743044], [-74.0674808, 4.674271]]}}, {"type": "Feature", "properties": {"highway": "cycleway", "cycleway": null, "name": null}, "geometry": {"type": "LineString", "coordinates": [[-74.2253946, 4.5859417], [-74.2253647, 4.5858477], [-74.2253517, 4.5858067], [-74.2254348, 4.5857586], [-74.225539, 4.5856944], [-74.2255971, 4.5856423], [-74.2256846, 4.585544], [-74.2257809, 4.5853954], [-74.2258732, 4.5852047], [-74.2258903, 4.5850511], [-74.2258994, 4.5842539], [-74.225899, 4.5841608]]}}, {"type": "Feature", "properties": {"highway": "cycleway", "cycleway": null, "name": null}, "geometry": {"type": "LineString", "coordinates": [[-74.225899, 4.5841608], [-74.2259001, 4.5840723], [-74.2259023, 4.5832746], [-74.2258761, 4.5830324], [-74.2258231, 4.5829375], [-74.2257534, 4.5828453], [-74.2256541, 4.5827664], [-74.225612, 4.5827154], [-74.2255828, 4.5826398]]}}, {"type": "Feature", "properties": {"highway": "cycleway", "cycleway": null, "name": null}, "geometry": {"type": "LineString", "coordinates": [[-74.047207, 4.7529496], [-74.0470138, 4.7530565], [-74.0469422, 4.7531278], [-74.046928, 4.753142], [-74.0468449, 4.7532837], [-74.0467993, 4.7534414], [-74.0467857, 4.7535009], [-74.0466973, 4.7538859], [-74.0466066, 4.7543381], [-74.0466019, 4.7543645], [-74.0465394, 4.7546889], [-74.0465331, 4.7547219], [-74.0465143, 4.754822], [-74.0464519, 4.7551371], [-74.0461929, 4.7564239], [-74.046149, 4.7566419], [-74.0461187, 4.7568327], [-74.0460041, 4.7574262], [-74.0459537, 4.7576937], [-74.0459297, 4.757818], [-74.0458705, 4.7581762], [-74.0458212, 4.7584749], [-74.0456861, 4.7591482], [-74.0456687, 4.7592427], [-74.0456648, 4.7592641], [-74.0456581, 4.7593093], [-74.0456257, 4.7595266], [-74.0456226, 4.759547], [-74.045632, 4.7595894], [-74.0456406, 4.7596213], [-74.0456774, 4.7596636]]}}, {"type": "Feature", "properties": {"highway": "cycleway", "cycleway": null, "name": null}, "geometry": {"type": "LineString", "coordinates": [[-74.0738488, 4.7590148], [-74.0736195, 4.7592634], [-74.0733714, 4.7595158], [-74.0732534, 4.7596523], [-74.073156, 4.7597802], [-74.0730576, 4.7598942], [-74.072488, 4.7604845], [-74.0721725, 4.7608217], [-74.0718092, 4.7611942], [-74.0715757, 4.7614552], [-74.0713678, 4.7616731], [-74.0713369, 4.7617087], [-74.0711904, 4.7618538], [-74.0710647, 4.7619564], [-74.0709709, 4.7620085], [-74.0708724, 4.7620539], [-74.0707402, 4.7621074], [-74.0704572, 4.762217], [-74.0700358, 4.7623725], [-74.0698953, 4.7624268], [-74.0697735, 4.7624645], [-74.0696713, 4.7624883], [-74.0695522, 4.7625048], [-74.0694085, 4.7625124], [-74.0692464, 4.7625048], [-74.0691336, 4.7624816], [-74.069037, 4.7624603], [-74.0688719, 4.7624031], [-74.0687312, 4.76234], [-74.0685955, 4.7622519], [-74.0683691, 4.7620807], [-74.0681332, 4.7619041], [-74.0678936, 4.761727], [-74.0677434, 4.761629], [-74.0676282, 4.7615783], [-74.0675645, 4.7615434], [-74.0674352, 4.7614576], [-74.0668, 4.7609821], [-74.0660629, 4.7604411]]}}, {"type": "Feature", "properties": {"highway": "cycleway", "cycleway": null, "name": null}, "geometry": {"type": "LineString", "coordinates": [[-74.1003466, 4.661053], [-74.1003272, 4.6610891], [-74.1003212, 4.6611297], [-74.1003218, 4.6611383], [-74.1003229, 4.6611468], [-74.1003348, 4.6611817], [-74.1003568, 4.6612114], [-74.1003868, 4.661233], [-74.100422, 4.6612444], [-74.1004609, 4.6612442], [-74.1004978, 4.6612316], [-74.1005286, 4.6612079], [-74.1005497, 4.6611766], [-74.1005599, 4.6611403], [-74.1005583, 4.6611026], [-74.100545, 4.6610673], [-74.1005213, 4.6610379], [-74.1004896, 4.6610174], [-74.100453, 4.6610077], [-74.1004152, 4.6610099], [-74.1003771, 4.6610255], [-74.1003466, 4.661053]]}}, {"type": "Feature", "properties": {"highway": "cycleway", "cycleway": null, "name": null}, "geometry": {"type": "LineString", "coordinates": [[-74.1005583, 4.6611026], [-74.1004955, 4.6607573], [-74.1003853, 4.6601517], [-74.1003676, 4.6600811], [-74.1003357, 4.6600194], [-74.1002773, 4.6599647], [-74.1001729, 4.6598871], [-74.1001446, 4.6598871], [-74.1001145, 4.6599065], [-74.1000986, 4.65994], [-74.1000951, 4.6599929], [-74.1002055, 4.660548], [-74.1003212, 4.6611297], [-74.1003229, 4.6611468]]}}, {"type": "Feature", "properties": {"highway": "cycleway", "cycleway": null, "name": null}, "geometry": {"type": "LineString", "coordinates": [[-74.1003853, 4.6601517], [-74.1003817, 4.6602451], [-74.1003499, 4.6602875], [-74.1003216, 4.6603351], [-74.1003021, 4.6603827], [-74.1003021, 4.6604339], [-74.1002968, 4.6604974], [-74.1002667, 4.6605291], [-74.1002349, 4.6605432], [-74.1002055, 4.660548]]}}, {"type": "Feature", "properties": {"highway": "cycleway", "cycleway": null, "name": null}, "geometry": {"type": "LineString", "coordinates": [[-74.100422, 4.6612444], [-74.1004543, 4.6612893], [-74.1004738, 4.6613404], [-74.1005352, 4.6616518], [-74.1005463, 4.6616896], [-74.1005799, 4.6617196], [-74.1006313, 4.6617443], [-74.1006684, 4.6617814], [-74.1006843, 4.6618184], [-74.1007728, 4.6623175], [-74.1007551, 4.6623493], [-74.100725, 4.6623987], [-74.100695, 4.6624445], [-74.1006861, 4.6624851], [-74.1006967, 4.6625327], [-74.100725, 4.6626315], [-74.1007321, 4.6626826], [-74.1007197, 4.6627303], [-74.1006861, 4.6627814], [-74.1006649, 4.6628343], [-74.1006596, 4.6628837], [-74.1006808, 4.6629313], [-74.1007162, 4.6629613], [-74.1007463, 4.6629895], [-74.1008595, 4.6630565], [-74.1008914, 4.663053], [-74.1009109, 4.6630283], [-74.1009109, 4.6630019], [-74.1007923, 4.6623122], [-74.1007074, 4.6618166], [-74.1006932, 4.661769], [-74.1006702, 4.6617478], [-74.1006401, 4.6617267], [-74.1006083, 4.6617161], [-74.1005729, 4.6616826], [-74.1005644, 4.6616477], [-74.1005605, 4.6616314], [-74.1004932, 4.6613298], [-74.1004985, 4.6612893], [-74.1005109, 4.6612522], [-74.1005286, 4.6612079]]}}, {"type": "Feature", "properties": {"highway": "cycleway", "cycleway": null, "name": null}, "geometry": {"type": "LineString", "coordinates": [[-74.1581597, 4.6392209], [-74.1580798, 4.6393039], [-74.1580088, 4.6393775], [-74.1577382, 4.6396321], [-74.1575713, 4.6397867], [-74.1574228, 4.6399179], [-74.157361, 4.6399862], [-74.1573208, 4.6400373], [-74.157261, 4.6401264], [-74.1572134, 4.6402237], [-74.157168, 4.6403447], [-74.1571547, 4.6403939], [-74.1571304, 4.6404838], [-74.1571197, 4.640596], [-74.1571202, 4.6406237], [-74.1571224, 4.6407564], [-74.1571545, 4.6409275], [-74.1572162, 4.6410986], [-74.1573208, 4.6412858], [-74.15775, 4.6419755], [-74.1577887, 4.6420225], [-74.1578586, 4.6421052], [-74.1580797, 4.642329]]}}, {"type": "Feature", "properties": {"highway": "cycleway", "cycleway": null, "name": null}, "geometry": {"type": "LineString", "coordinates": [[-74.1576861, 4.6426264], [-74.1577953, 4.6425454]]}}, {"type": "Feature", "properties": {"highway": "cycleway", "cycleway": null, "name": null}, "geometry": {"type": "LineString", "coordinates": [[-74.0845038, 4.6513565], [-74.0845412, 4.6512573], [-74.0845507, 4.651232], [-74.0846114, 4.651065], [-74.0854603, 4.6488841], [-74.0859144, 4.6477311], [-74.0861192, 4.6472208]]}}, {"type": "Feature", "properties": {"highway": "cycleway", "cycleway": null, "name": null}, "geometry": {"type": "LineString", "coordinates": [[-74.1262397, 4.68594], [-74.1263555, 4.6860705], [-74.1266541, 4.6862968], [-74.1267205, 4.6863395], [-74.1267443, 4.6863734], [-74.1267569, 4.6863882], [-74.1267713, 4.6863951], [-74.1267871, 4.686402], [-74.1268139, 4.6864131], [-74.1268575, 4.6864301], [-74.1268875, 4.6864449], [-74.1269422, 4.6864594]]}}, {"type": "Feature", "properties": {"highway": "cycleway", "cycleway": null, "name": null}, "geometry": {"type": "LineString", "coordinates": [[-74.1308757, 4.6894587], [-74.1300802, 4.688862], [-74.1295393, 4.6884495], [-74.129154, 4.6882322], [-74.1286228, 4.6879042], [-74.1285206, 4.6878434], [-74.1284563, 4.687815], [-74.1284123, 4.6877931]]}}, {"type": "Feature", "properties": {"highway": "cycleway", "cycleway": null, "name": null}, "geometry": {"type": "LineString", "coordinates": [[-74.1262397, 4.68594], [-74.1253228, 4.6852343], [-74.1247346, 4.6847832]]}}, {"type": "Feature", "properties": {"highway": "cycleway", "cycleway": null, "name": null}, "geometry": {"type": "LineString", "coordinates": [[-74.0924114, 4.613198], [-74.0924938, 4.6131003], [-74.0925473, 4.6130021], [-74.0926235, 4.6128622], [-74.0930672, 4.6123038], [-74.0931596, 4.6121853], [-74.093996, 4.61116], [-74.0947387, 4.6102551], [-74.0947601, 4.6101433], [-74.0947662, 4.6101119], [-74.0947776, 4.6100579], [-74.09499, 4.609804], [-74.0950575, 4.6097342], [-74.095166, 4.6096897], [-74.0953437, 4.6094757], [-74.0953592, 4.6094574], [-74.0953815, 4.609431], [-74.0954184, 4.6093849], [-74.0961223, 4.6085048], [-74.0968749, 4.6075813], [-74.0971688, 4.6072195], [-74.0973841, 4.6069351]]}}, {"type": "Feature", "properties": {"highway": "cycleway", "cycleway": null, "name": null}, "geometry": {"type": "LineString", "coordinates": [[-74.0663801, 4.6321129], [-74.0644289, 4.6313528]]}}, {"type": "Feature", "properties": {"highway": "cycleway", "cycleway": null, "name": null}, "geometry": {"type": "LineString", "coordinates": [[-74.0634603, 4.6494314], [-74.0634512, 4.6494823], [-74.0633635, 4.6499706], [-74.0628273, 4.6498749]]}}, {"type": "Feature", "properties": {"highway": "cycleway", "cycleway": null, "name": null}, "geometry": {"type": "LineString", "coordinates": [[-74.1311369, 4.6896587], [-74.1310146, 4.6896101], [-74.1309955, 4.6896026], [-74.1309822, 4.6895925], [-74.1309704, 4.6895769], [-74.130945, 4.6895405], [-74.1309162, 4.6895023], [-74.1308757, 4.6894587]]}}, {"type": "Feature", "properties": {"highway": "cycleway", "cycleway": null, "name": null}, "geometry": {"type": "LineString", "coordinates": [[-74.1308757, 4.6894587], [-74.1309338, 4.6894854], [-74.1309843, 4.6895042], [-74.1310195, 4.6895183], [-74.131036, 4.6895278], [-74.1310477, 4.6895405], [-74.1310642, 4.6895633], [-74.1311369, 4.6896587]]}}, {"type": "Feature", "properties": {"highway": "cycleway", "cycleway": null, "name": null}, "geometry": {"type": "LineString", "coordinates": [[-74.0954778, 4.7483167], [-74.0960965, 4.7486354], [-74.0961582, 4.748647], [-74.0964046, 4.7487756], [-74.0971593, 4.7491667], [-74.0974076, 4.7492922], [-74.0975005, 4.7493653], [-74.0984192, 4.7498385]]}}, {"type": "Feature", "properties": {"highway": "cycleway", "cycleway": null, "name": null}, "geometry": {"type": "LineString", "coordinates": [[-74.0963149, 4.7470246], [-74.096273, 4.7470384], [-74.0962353, 4.7470593], [-74.0961999, 4.747089], [-74.0959139, 4.7475075], [-74.0958219, 4.7476821], [-74.095491, 4.7482923], [-74.0954778, 4.7483167], [-74.0954374, 4.7483915], [-74.0953623, 4.7485177], [-74.095085, 4.7490517], [-74.0946227, 4.7499328], [-74.0943085, 4.7505311], [-74.093868, 4.7513663], [-74.0938196, 4.7514633], [-74.0937658, 4.7515566], [-74.0935726, 4.7519005], [-74.0933511, 4.7523326], [-74.0932536, 4.7525168], [-74.093139, 4.7527334], [-74.093022, 4.7529574], [-74.0926064, 4.7537407], [-74.0923687, 4.7542133], [-74.0923646, 4.7542638], [-74.0923687, 4.7543062]]}}, {"type": "Feature", "properties": {"highway": "cycleway", "cycleway": null, "name": null}, "geometry": {"type": "LineString", "coordinates": [[-74.0780644, 4.6826147], [-74.0780295, 4.6825654]]}}, {"type": "Feature", "properties": {"highway": "cycleway", "cycleway": null, "name": null}, "geometry": {"type": "LineString", "coordinates": [[-74.0800568, 4.6851785], [-74.0799934, 4.6850893]]}}, {"type": "Feature", "properties": {"highway": "cycleway", "cycleway": null, "name": null}, "geometry": {"type": "LineString", "coordinates": [[-74.0823815, 4.6884774], [-74.0823187, 4.688399], [-74.0817965, 4.6877482], [-74.0813738, 4.6872276], [-74.0813131, 4.6871491], [-74.0808023, 4.6865212], [-74.0802366, 4.6857925]]}}, {"type": "Feature", "properties": {"highway": "cycleway", "cycleway": null, "name": null}, "geometry": {"type": "LineString", "coordinates": [[-74.1237051, 4.6839743], [-74.1236613, 4.6840342]]}}, {"type": "Feature", "properties": {"highway": "cycleway", "cycleway": null, "name": null}, "geometry": {"type": "LineString", "coordinates": [[-74.1170671, 4.6749721], [-74.1168929, 4.6746945]]}}, {"type": "Feature", "properties": {"highway": "cycleway", "cycleway": null, "name": null}, "geometry": {"type": "LineString", "coordinates": [[-74.1168929, 4.6746945], [-74.1168468, 4.6746247], [-74.1137673, 4.66981], [-74.1137054, 4.6697123]]}}, {"type": "Feature", "properties": {"highway": "cycleway", "cycleway": null, "name": null}, "geometry": {"type": "LineString", "coordinates": [[-74.1454719, 4.5945618], [-74.1454685, 4.5936991]]}}, {"type": "Feature", "properties": {"highway": "cycleway", "cycleway": "crossing", "name": "Cicloruta Avenida C\u00f3rdoba"}, "geometry": {"type": "LineString", "coordinates": [[-74.0645017, 4.7090009], [-74.0645138, 4.7089339], [-74.0645252, 4.7088703]]}}, {"type": "Feature", "properties": {"highway": "cycleway", "cycleway": null, "name": null}, "geometry": {"type": "LineString", "coordinates": [[-74.0643642, 4.7091559], [-74.0643999, 4.7089707]]}}, {"type": "Feature", "properties": {"highway": "cycleway", "cycleway": null, "name": null}, "geometry": {"type": "LineString", "coordinates": [[-74.0645017, 4.7090009], [-74.0646757, 4.7090766], [-74.0650727, 4.7092699], [-74.065216, 4.7094135], [-74.0652464, 4.7094439]]}}, {"type": "Feature", "properties": {"highway": "cycleway", "cycleway": null, "name": null}, "geometry": {"type": "LineString", "coordinates": [[-74.1581762, 4.602313], [-74.1582365, 4.602393], [-74.158266, 4.6024552], [-74.1582774, 4.6025047], [-74.1582842, 4.6025555]]}}, {"type": "Feature", "properties": {"highway": "cycleway", "cycleway": null, "name": null}, "geometry": {"type": "LineString", "coordinates": [[-74.0494385, 4.7377318], [-74.0493605, 4.7377136], [-74.0493001, 4.7376996], [-74.048168, 4.7374356], [-74.0480783, 4.7374147]]}}, {"type": "Feature", "properties": {"highway": "cycleway", "cycleway": null, "name": null}, "geometry": {"type": "LineString", "coordinates": [[-74.0494385, 4.7377318], [-74.0494842, 4.7377388], [-74.0495417, 4.73773], [-74.0496051, 4.7376927], [-74.0496373, 4.7376451], [-74.0496531, 4.7376025], [-74.0496616, 4.7375616], [-74.0496575, 4.7375069], [-74.0496372, 4.7374562], [-74.0496013, 4.7374047], [-74.0495574, 4.7373704], [-74.0495056, 4.7373461], [-74.0494512, 4.7373334], [-74.0494032, 4.7373277]]}}, {"type": "Feature", "properties": {"highway": "cycleway", "cycleway": null, "name": null}, "geometry": {"type": "LineString", "coordinates": [[-74.1112369, 4.7335272], [-74.111123, 4.7337185], [-74.1110353, 4.7338962], [-74.110922, 4.7340056], [-74.1108247, 4.7341167], [-74.1107769, 4.7342525], [-74.1107468, 4.7344324], [-74.110738, 4.7353504], [-74.110711, 4.7355022], [-74.1106654, 4.7356195], [-74.1106284, 4.7356879], [-74.1104867, 4.7359808], [-74.1102779, 4.7365169], [-74.1102425, 4.7367074], [-74.1102, 4.7369648], [-74.1100567, 4.7372117], [-74.109947, 4.7373652], [-74.1097739, 4.7378394], [-74.1097127, 4.7379703], [-74.1096445, 4.7380509], [-74.1095849, 4.738104], [-74.1095658, 4.7381464], [-74.1095722, 4.7382101], [-74.109619, 4.7382631], [-74.1098361, 4.738454], [-74.1098745, 4.7385431], [-74.1099043, 4.7388529], [-74.109916, 4.738888], [-74.110049, 4.7390184], [-74.1102491, 4.7390948], [-74.1104407, 4.7390969], [-74.1106366, 4.7390438], [-74.1107439, 4.7390363], [-74.1108906, 4.7390338]]}}, {"type": "Feature", "properties": {"highway": "cycleway", "cycleway": null, "name": null}, "geometry": {"type": "LineString", "coordinates": [[-74.1169481, 4.6748], [-74.1169233, 4.6747617], [-74.116899, 4.6747774], [-74.1168772, 4.6747438], [-74.1168136, 4.6746461], [-74.1168468, 4.6746247]]}}, {"type": "Feature", "properties": {"highway": "cycleway", "cycleway": null, "name": "Transversal 68A"}, "geometry": {"type": "LineString", "coordinates": [[-74.1263869, 4.622179], [-74.1265844, 4.6236185], [-74.1267285, 4.6246685]]}}, {"type": "Feature", "properties": {"highway": "cycleway", "cycleway": null, "name": null}, "geometry": {"type": "LineString", "coordinates": [[-74.0741046, 4.6326741], [-74.0740876, 4.6326597], [-74.0734947, 4.6321596], [-74.072924, 4.6316837], [-74.0723914, 4.6312378]]}}, {"type": "Feature", "properties": {"highway": "cycleway", "cycleway": null, "name": null}, "geometry": {"type": "LineString", "coordinates": [[-74.1137054, 4.6697123], [-74.1136066, 4.6695512], [-74.1135362, 4.6694354], [-74.1133185, 4.6691011]]}}, {"type": "Feature", "properties": {"highway": "cycleway", "cycleway": null, "name": null}, "geometry": {"type": "LineString", "coordinates": [[-74.1309704, 4.6895769], [-74.1309654, 4.6895562], [-74.1309679, 4.689544], [-74.1309749, 4.6895322], [-74.1309854, 4.6895236], [-74.1309975, 4.6895193], [-74.1310195, 4.6895183]]}}, {"type": "Feature", "properties": {"highway": "cycleway", "cycleway": null, "name": null}, "geometry": {"type": "LineString", "coordinates": [[-74.128053, 4.6870464], [-74.1277085, 4.6868063], [-74.127643, 4.6867669], [-74.1275645, 4.6867299], [-74.1269422, 4.6864594]]}}, {"type": "Feature", "properties": {"highway": "cycleway", "cycleway": null, "name": null}, "geometry": {"type": "LineString", "coordinates": [[-74.1133185, 4.6691011], [-74.1126276, 4.6680155]]}}, {"type": "Feature", "properties": {"highway": "cycleway", "cycleway": null, "name": null}, "geometry": {"type": "LineString", "coordinates": [[-74.1126276, 4.6680155], [-74.112436, 4.667838]]}}, {"type": "Feature", "properties": {"highway": "cycleway", "cycleway": null, "name": null}, "geometry": {"type": "LineString", "coordinates": [[-74.112436, 4.667838], [-74.1123892, 4.6677749], [-74.1122086, 4.6674715], [-74.1120424, 4.6671858], [-74.1119686, 4.6670759]]}}, {"type": "Feature", "properties": {"highway": "cycleway", "cycleway": null, "name": null}, "geometry": {"type": "LineString", "coordinates": [[-74.1086562, 4.6617995], [-74.1087433, 4.6619333], [-74.1089855, 4.6623056], [-74.1090705, 4.6624368]]}}, {"type": "Feature", "properties": {"highway": "cycleway", "cycleway": null, "name": null}, "geometry": {"type": "LineString", "coordinates": [[-74.1092265, 4.6626902], [-74.1093223, 4.6628501], [-74.109389, 4.6629837], [-74.1103742, 4.6644811]]}}, {"type": "Feature", "properties": {"highway": "cycleway", "cycleway": null, "name": null}, "geometry": {"type": "LineString", "coordinates": [[-74.1064658, 4.6584053], [-74.1064374, 4.6583224], [-74.1064288, 4.6582839], [-74.1064173, 4.6582569], [-74.1063837, 4.6582141], [-74.1061598, 4.6578826], [-74.1060645, 4.6577717], [-74.105972, 4.6576467]]}}, {"type": "Feature", "properties": {"highway": "cycleway", "cycleway": null, "name": null}, "geometry": {"type": "LineString", "coordinates": [[-74.1063699, 4.6583215], [-74.1063958, 4.6583211], [-74.1064119, 4.658309], [-74.1064288, 4.6582839]]}}, {"type": "Feature", "properties": {"highway": "cycleway", "cycleway": null, "name": null}, "geometry": {"type": "LineString", "coordinates": [[-74.1056427, 4.6571272], [-74.105972, 4.6576467]]}}, {"type": "Feature", "properties": {"highway": "cycleway", "cycleway": null, "name": null}, "geometry": {"type": "LineString", "coordinates": [[-74.1064658, 4.6584053], [-74.1069389, 4.6591548], [-74.107869, 4.6605635], [-74.1079487, 4.6607047], [-74.10809, 4.6609222], [-74.1082395, 4.661152], [-74.1086562, 4.6617995]]}}, {"type": "Feature", "properties": {"highway": "cycleway", "cycleway": null, "name": null}, "geometry": {"type": "LineString", "coordinates": [[-74.1021219, 4.6726382], [-74.1027624, 4.6732035], [-74.1030399, 4.6734511], [-74.1034385, 4.6738139]]}}, {"type": "Feature", "properties": {"highway": "cycleway", "cycleway": null, "name": null}, "geometry": {"type": "LineString", "coordinates": [[-74.0963062, 4.6424783], [-74.0965982, 4.6429453]]}}, {"type": "Feature", "properties": {"highway": "cycleway", "cycleway": null, "name": null}, "geometry": {"type": "LineString", "coordinates": [[-74.0965982, 4.6429453], [-74.0973392, 4.6441129], [-74.0979994, 4.645156], [-74.0982465, 4.645544], [-74.0984426, 4.6458491], [-74.0985976, 4.6461367], [-74.0986889, 4.646295], [-74.0988225, 4.6465095]]}}, {"type": "Feature", "properties": {"highway": "cycleway", "cycleway": null, "name": null}, "geometry": {"type": "LineString", "coordinates": [[-74.0988225, 4.6465095], [-74.0990005, 4.6467943]]}}, {"type": "Feature", "properties": {"highway": "cycleway", "cycleway": null, "name": null}, "geometry": {"type": "LineString", "coordinates": [[-74.0990005, 4.6467943], [-74.0997615, 4.6480397], [-74.1000344, 4.6484857], [-74.1001769, 4.6487044], [-74.1006927, 4.6494176]]}}, {"type": "Feature", "properties": {"highway": "cycleway", "cycleway": null, "name": null}, "geometry": {"type": "LineString", "coordinates": [[-74.1015276, 4.6506766], [-74.1016421, 4.6508505], [-74.1019683, 4.6513655]]}}, {"type": "Feature", "properties": {"highway": "cycleway", "cycleway": null, "name": null}, "geometry": {"type": "LineString", "coordinates": [[-74.0932821, 4.7130512], [-74.0933211, 4.7120376], [-74.0933184, 4.7117547], [-74.0933228, 4.7115858], [-74.0933498, 4.7114638], [-74.0933862, 4.7113419], [-74.0934344, 4.7112229], [-74.0934897, 4.7111096], [-74.0935622, 4.7109777]]}}, {"type": "Feature", "properties": {"highway": "cycleway", "cycleway": null, "name": null}, "geometry": {"type": "LineString", "coordinates": [[-74.0849409, 4.6964761], [-74.0856023, 4.696309]]}}, {"type": "Feature", "properties": {"highway": "cycleway", "cycleway": null, "name": null}, "geometry": {"type": "LineString", "coordinates": [[-74.1032904, 4.6542524], [-74.1029397, 4.6539185], [-74.1028762, 4.6538439], [-74.1028481, 4.6537824], [-74.1028199, 4.6537049], [-74.1027957, 4.6535739], [-74.102779, 4.6535103], [-74.1027501, 4.6534376], [-74.1027242, 4.6533847], [-74.102675, 4.6533306], [-74.1025589, 4.6532493], [-74.1025136, 4.6532323], [-74.1024667, 4.6531962], [-74.1024401, 4.6531466], [-74.1024412, 4.6531067], [-74.1024309, 4.6530392], [-74.1023827, 4.6529109], [-74.1023183, 4.65282], [-74.1022351, 4.6527184], [-74.1021229, 4.6526355], [-74.1020818, 4.6525533], [-74.1020393, 4.6523923], [-74.1020044, 4.6522372], [-74.1018274, 4.6519779], [-74.1017912, 4.6519044], [-74.101688, 4.6517119], [-74.1012119, 4.6509607], [-74.1011247, 4.650819], [-74.1010332, 4.6506775]]}}, {"type": "Feature", "properties": {"highway": "cycleway", "cycleway": null, "name": null}, "geometry": {"type": "LineString", "coordinates": [[-74.0789285, 4.6390461], [-74.0788133, 4.6390459], [-74.0787664, 4.6390142], [-74.0786965, 4.6389807], [-74.0785479, 4.6389401], [-74.0783444, 4.638889], [-74.0779914, 4.6388202], [-74.0772278, 4.6386614], [-74.0771066, 4.638627], [-74.0770269, 4.6385926], [-74.0769561, 4.6385274], [-74.076865, 4.638381], [-74.0767368, 4.6381086], [-74.0767234, 4.6380803], [-74.076581, 4.6377972], [-74.0764492, 4.6375044], [-74.0764208, 4.6373756], [-74.0764182, 4.6372442], [-74.0764421, 4.6370987], [-74.0764792, 4.6368456], [-74.0765022, 4.6365916], [-74.0764952, 4.6364055], [-74.0764607, 4.6362], [-74.0763943, 4.6360087], [-74.0762952, 4.6358243], [-74.0762358, 4.635725], [-74.076097, 4.6354928], [-74.0758687, 4.6350809], [-74.0756334, 4.6346664], [-74.0755349, 4.6345259], [-74.0754201, 4.6343442], [-74.0754089, 4.6343122], [-74.0754122, 4.6342719], [-74.0754246, 4.6342451], [-74.0754478, 4.6342148], [-74.0754897, 4.6341699], [-74.0755507, 4.6341075]]}}, {"type": "Feature", "properties": {"highway": "cycleway", "cycleway": null, "name": null}, "geometry": {"type": "LineString", "coordinates": [[-74.0786971, 4.5924505], [-74.0784304, 4.592871], [-74.0782995, 4.5930898], [-74.0782815, 4.59312], [-74.078156, 4.593346], [-74.0781516, 4.593354], [-74.0775296, 4.5944399], [-74.0775179, 4.5944604]]}}, {"type": "Feature", "properties": {"highway": "cycleway", "cycleway": null, "name": null}, "geometry": {"type": "LineString", "coordinates": [[-74.1314862, 4.6086925], [-74.1316431, 4.6090195], [-74.131692, 4.6091247]]}}, {"type": "Feature", "properties": {"highway": "cycleway", "cycleway": null, "name": null}, "geometry": {"type": "LineString", "coordinates": [[-74.1299958, 4.6029519], [-74.1299636, 4.6029834], [-74.1296642, 4.6032761], [-74.1293404, 4.6035926], [-74.1290526, 4.603874], [-74.1290172, 4.6039087], [-74.1286945, 4.6042241], [-74.1283732, 4.6045385], [-74.1280465, 4.6048582], [-74.1277136, 4.6051839], [-74.1273763, 4.6055139], [-74.127357, 4.6055328], [-74.1272648, 4.6056231], [-74.1270402, 4.6058493], [-74.1267157, 4.6061765], [-74.1263995, 4.6064945], [-74.1263731, 4.6065218]]}}, {"type": "Feature", "properties": {"highway": "cycleway", "cycleway": null, "name": null}, "geometry": {"type": "LineString", "coordinates": [[-74.0958077, 4.7467302], [-74.0957933, 4.7468325], [-74.0957753, 4.7469262], [-74.0957573, 4.7470046], [-74.0957073, 4.7471518], [-74.095613, 4.7473904], [-74.095384, 4.7478224], [-74.0951756, 4.7482141], [-74.095031, 4.7484824], [-74.0949952, 4.7485443], [-74.0949467, 4.748628], [-74.0949016, 4.7486724], [-74.094873, 4.7486926], [-74.0948118, 4.7487168], [-74.0947666, 4.7487485], [-74.0947336, 4.7487923], [-74.0947056, 4.7488647], [-74.094698, 4.748925], [-74.0946916, 4.7489784], [-74.0946934, 4.7490358], [-74.0946922, 4.7490882], [-74.0946788, 4.7491405], [-74.0945439, 4.7494294], [-74.0945222, 4.7494759], [-74.0943701, 4.7497676], [-74.0942446, 4.7500085], [-74.0941184, 4.7502513], [-74.0939682, 4.7505395], [-74.0939128, 4.7506459], [-74.0937556, 4.7509437], [-74.0936331, 4.7511852], [-74.09354, 4.7513633], [-74.0934415, 4.751557], [-74.0932738, 4.7518691], [-74.0930699, 4.7522476], [-74.0926468, 4.7530606], [-74.0924669, 4.7533984], [-74.0923968, 4.7535174], [-74.0922354, 4.7537815], [-74.0920987, 4.7540173], [-74.092055, 4.7540577], [-74.0919972, 4.7540946]]}}, {"type": "Feature", "properties": {"highway": "cycleway", "cycleway": null, "name": null}, "geometry": {"type": "LineString", "coordinates": [[-74.2137969, 4.6014346], [-74.2137625, 4.6014428], [-74.2132443, 4.6015997], [-74.2132107, 4.6016301], [-74.2131771, 4.6016498], [-74.2131372, 4.6016642], [-74.2130528, 4.6016809], [-74.213021, 4.6016836], [-74.2130142, 4.6016827], [-74.2129733, 4.6016773], [-74.2129282, 4.6016722], [-74.2128989, 4.6016736], [-74.2128723, 4.6016804], [-74.2125586, 4.6018163], [-74.2123375, 4.6019238], [-74.2120697, 4.6021101], [-74.211877, 4.6022674], [-74.2118461, 4.6022926], [-74.2117839, 4.6023596], [-74.2116054, 4.6025521], [-74.2114043, 4.6027817], [-74.2110614, 4.6031781], [-74.2107273, 4.6035637], [-74.2106988, 4.6035966], [-74.2106657, 4.6036341], [-74.21022, 4.6041403], [-74.2100238, 4.6043652]]}}, {"type": "Feature", "properties": {"highway": "cycleway", "cycleway": null, "name": null}, "geometry": {"type": "LineString", "coordinates": [[-74.2130528, 4.6016809], [-74.2130439, 4.6017158], [-74.2130242, 4.6017926], [-74.212886, 4.602333], [-74.2127455, 4.6028822], [-74.2127324, 4.602974], [-74.2127355, 4.6030496], [-74.2127666, 4.6031171], [-74.2129359, 4.6033507], [-74.2129844, 4.6034217], [-74.2133851, 4.6040241], [-74.2134014, 4.604074], [-74.2134019, 4.6041037], [-74.2133902, 4.6041495], [-74.2133684, 4.6041762], [-74.2133315, 4.6042025], [-74.2133569, 4.6042454]]}}, {"type": "Feature", "properties": {"highway": "cycleway", "cycleway": null, "name": null}, "geometry": {"type": "LineString", "coordinates": [[-74.2294511, 4.5809921], [-74.2294735, 4.5809976], [-74.2295142, 4.5810209], [-74.2295328, 4.5810506], [-74.2295356, 4.5810884], [-74.2295403, 4.5811299], [-74.2295437, 4.5811813], [-74.229547, 4.5812335], [-74.2295678, 4.5812916], [-74.2295893, 4.5813551], [-74.2296081, 4.5814033], [-74.2296108, 4.5814447], [-74.2296115, 4.5815002], [-74.2295859, 4.5815677], [-74.2295538, 4.5816212], [-74.2295196, 4.5816539], [-74.2294646, 4.5816894], [-74.2294281, 4.5816995], [-74.2294069, 4.5817054], [-74.2293351, 4.5817174], [-74.2292534, 4.581708], [-74.2292011, 4.5817263], [-74.2291508, 4.5817608], [-74.2291021, 4.5818143], [-74.2290609, 4.5818587], [-74.2290023, 4.5818819], [-74.228946, 4.5818982], [-74.2289117, 4.5818992], [-74.2288792, 4.5819032], [-74.2288296, 4.5818912], [-74.22878, 4.5818638], [-74.2287364, 4.5818064], [-74.2287182, 4.5817468], [-74.2286934, 4.581688], [-74.2286264, 4.5816252], [-74.22856, 4.5816058], [-74.2284864, 4.5816047], [-74.2284118, 4.5816131], [-74.2283768, 4.5816349], [-74.2283432, 4.5816716], [-74.2283108, 4.5817308], [-74.2282882, 4.5817774], [-74.2281791, 4.5819928], [-74.2281597, 4.5820329], [-74.228128, 4.5820695], [-74.228094, 4.5820937], [-74.2280705, 4.5821017], [-74.2280296, 4.5821038], [-74.2279786, 4.5820964], [-74.2279451, 4.5820931], [-74.2278941, 4.5820917], [-74.2277593, 4.5820964], [-74.227591, 4.5821191], [-74.2275394, 4.5821118], [-74.2275213, 4.5820964], [-74.2275025, 4.5820717], [-74.2274945, 4.5820469], [-74.2274938, 4.5820068], [-74.2275092, 4.5819748], [-74.22753, 4.5819547], [-74.2276353, 4.5819206], [-74.2277999, 4.5818891], [-74.2279665, 4.5818356], [-74.2294511, 4.5809921]]}}, {"type": "Feature", "properties": {"highway": "cycleway", "cycleway": null, "name": null}, "geometry": {"type": "LineString", "coordinates": [[-74.1807294, 4.6124283], [-74.1802975, 4.6121744], [-74.1802607, 4.612136], [-74.1802385, 4.6120942], [-74.180238, 4.6120478], [-74.180252, 4.6120113], [-74.1802672, 4.6119786], [-74.1803083, 4.6119578], [-74.1803807, 4.6119578], [-74.1804558, 4.6119845], [-74.1808072, 4.6121851], [-74.1808796, 4.6122679], [-74.1808796, 4.6123535], [-74.1808554, 4.6124123], [-74.1807964, 4.6124337], [-74.1807294, 4.6124283]]}}, {"type": "Feature", "properties": {"highway": "cycleway", "cycleway": null, "name": null}, "geometry": {"type": "LineString", "coordinates": [[-74.2022482, 4.5901372], [-74.2023796, 4.5894795], [-74.2023233, 4.5894047], [-74.2021623, 4.5893833], [-74.2021194, 4.5893806], [-74.202098, 4.5892496], [-74.2020363, 4.5890999], [-74.2019397, 4.5890785], [-74.2018592, 4.5892068], [-74.2017788, 4.5893539], [-74.2016608, 4.5894154], [-74.2014891, 4.5894849], [-74.2013121, 4.5894555], [-74.201178, 4.5894421], [-74.2010653, 4.5895009], [-74.2009848, 4.5895892], [-74.2010197, 4.5896266], [-74.2015535, 4.5898565], [-74.2020631, 4.5900757], [-74.2022482, 4.5901372]]}}, {"type": "Feature", "properties": {"highway": "cycleway", "cycleway": null, "name": null}, "geometry": {"type": "LineString", "coordinates": [[-74.2021194, 4.5893806], [-74.2019317, 4.5893565], [-74.2017841, 4.5893806], [-74.2016742, 4.5894581], [-74.2016474, 4.5896079], [-74.2015696, 4.5897923], [-74.2015535, 4.5898565]]}}, {"type": "Feature", "properties": {"highway": "cycleway", "cycleway": null, "name": null}, "geometry": {"type": "LineString", "coordinates": [[-74.2174964, 4.6060139], [-74.2175498, 4.6060299], [-74.2176372, 4.6060551], [-74.2177732, 4.6060874], [-74.2178771, 4.6060999], [-74.2179736, 4.6061033], [-74.2180712, 4.6060919], [-74.2181667, 4.6060659], [-74.2182903, 4.6060186], [-74.2183622, 4.6059687], [-74.2184647, 4.6058732], [-74.2185284, 4.6058149], [-74.2186103, 4.6057579], [-74.218732, 4.6056879], [-74.218841, 4.6056499], [-74.2189461, 4.6056221], [-74.2190249, 4.6056188], [-74.2192593, 4.6056217], [-74.2193506, 4.6056185], [-74.2194656, 4.6056011], [-74.2196354, 4.6055481], [-74.2197608, 4.6054786], [-74.2198239, 4.6054423], [-74.2198486, 4.6054282], [-74.2199233, 4.6054], [-74.2200983, 4.6053619], [-74.220185, 4.6053578], [-74.2201942, 4.6053574], [-74.2203101, 4.605374], [-74.2203849, 4.6054009], [-74.2204263, 4.6054223], [-74.2204382, 4.6054373], [-74.2204625, 4.6054679], [-74.220502, 4.6054892], [-74.2205356, 4.6055109], [-74.2205655, 4.6055282], [-74.2206041, 4.6055506]]}}, {"type": "Feature", "properties": {"highway": "cycleway", "cycleway": null, "name": null}, "geometry": {"type": "LineString", "coordinates": [[-74.1972776, 4.5897657], [-74.1972894, 4.589688], [-74.1972923, 4.5896397], [-74.1972734, 4.589527], [-74.1972049, 4.5893992], [-74.1969784, 4.5890407], [-74.1968435, 4.5887989], [-74.1967712, 4.5886724], [-74.1964462, 4.5880047]]}}, {"type": "Feature", "properties": {"highway": "cycleway", "cycleway": null, "name": null}, "geometry": {"type": "LineString", "coordinates": [[-74.196421, 4.5868567], [-74.1960027, 4.5858038], [-74.1958691, 4.5855328], [-74.1958082, 4.5854178], [-74.1957405, 4.5853068], [-74.1951428, 4.5843095], [-74.1949658, 4.5840382], [-74.1948831, 4.5839328], [-74.1948059, 4.5838279], [-74.1946294, 4.5835691], [-74.1942849, 4.5830425], [-74.194187, 4.5828473], [-74.1940301, 4.582473], [-74.1939537, 4.5822584], [-74.1937264, 4.5815706], [-74.1937197, 4.5815519], [-74.1936777, 4.5815633]]}}, {"type": "Feature", "properties": {"highway": "cycleway", "cycleway": null, "name": "Ciclov\u00eda Rafa\u00e9l Mart\u00ednez"}, "geometry": {"type": "LineString", "coordinates": [[-74.2148359, 4.574013], [-74.2148755, 4.5740262], [-74.2149589, 4.5740539], [-74.2155409, 4.5739148], [-74.2156174, 4.5738801], [-74.215667, 4.57384], [-74.2156616, 4.573717], [-74.2156205, 4.5736366], [-74.2155677, 4.5735699], [-74.2154551, 4.5734469], [-74.2153746, 4.5733774], [-74.2153022, 4.5733266], [-74.2152003, 4.573225], [-74.2151279, 4.5731368], [-74.2150313, 4.5730459], [-74.2149374, 4.5729603], [-74.214873, 4.5729202], [-74.2147899, 4.5728766], [-74.2147578, 4.5728598]]}}, {"type": "Feature", "properties": {"highway": "cycleway", "cycleway": null, "name": "Ciclov\u00eda Juan Pablo II"}, "geometry": {"type": "LineString", "coordinates": [[-74.2115328, 4.581981], [-74.2114717, 4.5817803], [-74.2114126, 4.5815889]]}}, {"type": "Feature", "properties": {"highway": "cycleway", "cycleway": null, "name": "Ciclov\u00eda Juan Pablo II"}, "geometry": {"type": "LineString", "coordinates": [[-74.2104051, 4.5777357], [-74.2104093, 4.577806], [-74.2104071, 4.5779906], [-74.21042, 4.5782765], [-74.2104599, 4.5785779], [-74.2105437, 4.5789014], [-74.2106038, 4.5791341], [-74.2107241, 4.5794937], [-74.2107799, 4.5796614], [-74.2107969, 4.5797124], [-74.2108794, 4.5799576], [-74.2109588, 4.580195], [-74.2110521, 4.5804626], [-74.2114126, 4.5815889]]}}, {"type": "Feature", "properties": {"highway": "cycleway", "cycleway": null, "name": null}, "geometry": {"type": "LineString", "coordinates": [[-74.2422026, 4.568886], [-74.2426156, 4.5688913], [-74.2426633, 4.5688783], [-74.2429241, 4.5687589], [-74.2429781, 4.568763], [-74.243372, 4.5688592], [-74.2434579, 4.5688646], [-74.2435276, 4.568886], [-74.2439889, 4.5689341], [-74.2443183, 4.5688109], [-74.244339, 4.5688124], [-74.2444503, 4.5689287], [-74.2445522, 4.5689287], [-74.244917, 4.5689287], [-74.2450665, 4.5692101]]}}, {"type": "Feature", "properties": {"highway": "cycleway", "cycleway": null, "name": null}, "geometry": {"type": "LineString", "coordinates": [[-74.2417223, 4.5765864], [-74.2416274, 4.5766043], [-74.2415585, 4.576243], [-74.2415157, 4.5760181], [-74.2414647, 4.575751], [-74.241419, 4.5755045], [-74.2413696, 4.5752386], [-74.2413277, 4.5750024], [-74.2412905, 4.5747442]]}}, {"type": "Feature", "properties": {"highway": "cycleway", "cycleway": null, "name": "Ciclov\u00eda Indumil"}, "geometry": {"type": "LineString", "coordinates": [[-74.2288689, 4.5822657], [-74.2288727, 4.5824003], [-74.2279448, 4.5824759], [-74.2277039, 4.5825004], [-74.227661, 4.5825185], [-74.2275901, 4.582553], [-74.2275065, 4.5825737], [-74.2267368, 4.5826549], [-74.2266821, 4.5826672], [-74.2265579, 4.5826952]]}}, {"type": "Feature", "properties": {"highway": "cycleway", "cycleway": null, "name": null}, "geometry": {"type": "LineString", "coordinates": [[-74.2276416, 4.5823625], [-74.227661, 4.5825185], [-74.2278615, 4.5838334], [-74.2278856, 4.5839297], [-74.227923, 4.5841274], [-74.2279421, 4.5843517], [-74.2279384, 4.5844755], [-74.2279262, 4.5845729], [-74.2279007, 4.5846847], [-74.2278768, 4.5849211], [-74.2278875, 4.5850047], [-74.227909, 4.5851221], [-74.2279087, 4.585164], [-74.227902, 4.5852101], [-74.2278625, 4.5853759], [-74.2278451, 4.5854623], [-74.2277962, 4.5856865], [-74.2276849, 4.5863792], [-74.2276305, 4.5866952], [-74.227644, 4.586801], [-74.2276477, 4.5868794], [-74.2276548, 4.5870281], [-74.2276722, 4.5871174], [-74.2276709, 4.5872129], [-74.2276555, 4.5872785], [-74.2276311, 4.5873328], [-74.2276074, 4.5874199], [-74.2275943, 4.5874832], [-74.2275981, 4.5875823], [-74.2276131, 4.5876553], [-74.2276371, 4.5877179], [-74.227648, 4.5877463], [-74.2276766, 4.5878141], [-74.2276849, 4.5878915], [-74.2276755, 4.5879594], [-74.2276553, 4.5880227], [-74.2276469, 4.5881256], [-74.2276333, 4.5882433], [-74.227639, 4.5883523], [-74.2276561, 4.5884048], [-74.2276702, 4.5884536], [-74.2276849, 4.588507], [-74.2276989, 4.5885418], [-74.2277089, 4.5885743], [-74.2277183, 4.5886333], [-74.2277151, 4.5886926], [-74.2276965, 4.5887508], [-74.2276655, 4.5887902], [-74.227674, 4.5888772], [-74.2276961, 4.5889327], [-74.2277059, 4.588974], [-74.2277078, 4.5890038], [-74.2277077, 4.5890475], [-74.227694, 4.5891118], [-74.2276503, 4.5893355], [-74.2276343, 4.5894889], [-74.2276292, 4.589583], [-74.2276177, 4.5896367], [-74.2276142, 4.5901682], [-74.2276152, 4.5902276], [-74.2276159, 4.5902977], [-74.2276166, 4.5903835], [-74.2276385, 4.5904446], [-74.2276886, 4.5905308], [-74.2277192, 4.5905858], [-74.2277404, 4.5906759], [-74.2277406, 4.590773], [-74.2277004, 4.5908585], [-74.2276628, 4.5909508], [-74.2276521, 4.5910484], [-74.2276693, 4.5911465], [-74.2277125, 4.5912275], [-74.2277379, 4.5913024], [-74.2277359, 4.5913966], [-74.2277198, 4.5914768], [-74.2276806, 4.5915498], [-74.2276919, 4.5916737], [-74.2276968, 4.5917267], [-74.2277406, 4.5918798], [-74.227746, 4.5919961], [-74.2277793, 4.5920943], [-74.2278157, 4.5921713], [-74.2278893, 4.5922668], [-74.2279471, 4.5923678], [-74.2279686, 4.5924573], [-74.227982, 4.5925536], [-74.227971, 4.5926384], [-74.2279606, 4.5927541], [-74.2279713, 4.5928357], [-74.2279979, 4.5928924], [-74.2280583, 4.5930222], [-74.2280977, 4.5931372], [-74.2281291, 4.5932606], [-74.2281375, 4.5932935]]}}, {"type": "Feature", "properties": {"highway": "cycleway", "cycleway": null, "name": "Ciclov\u00eda Casalinda"}, "geometry": {"type": "LineString", "coordinates": [[-74.2025185, 4.5842092], [-74.2024437, 4.5840453], [-74.2024179, 4.5839886], [-74.2019359, 4.5829594], [-74.2019093, 4.5829158], [-74.2016073, 4.5826866], [-74.201567, 4.582662]]}}, {"type": "Feature", "properties": {"highway": "cycleway", "cycleway": null, "name": null}, "geometry": {"type": "LineString", "coordinates": [[-74.2013828, 4.6181439], [-74.2014029, 4.6181252], [-74.201419, 4.6180891], [-74.2014177, 4.618049], [-74.2014177, 4.6180062], [-74.2014271, 4.6179554], [-74.2014432, 4.6179073], [-74.2014767, 4.6178552], [-74.2014915, 4.6178191], [-74.2014915, 4.6177776], [-74.201466, 4.6177456], [-74.2014338, 4.6177402], [-74.2013989, 4.6177576], [-74.2013775, 4.6177964], [-74.2013734, 4.6178405], [-74.2013708, 4.6178966], [-74.2013587, 4.6179528], [-74.2013359, 4.6179969], [-74.2013064, 4.6180396], [-74.2012997, 4.6180851], [-74.2013225, 4.6181265], [-74.2013439, 4.6181412], [-74.2013828, 4.6181439]]}}, {"type": "Feature", "properties": {"highway": "cycleway", "cycleway": null, "name": null}, "geometry": {"type": "LineString", "coordinates": [[-74.2225172, 4.6104432], [-74.222452, 4.6104718], [-74.2224154, 4.6104889], [-74.2220316, 4.6107078], [-74.2218236, 4.6108731], [-74.2217729, 4.6109186], [-74.2216959, 4.610982], [-74.2215863, 4.6110763], [-74.2214375, 4.6111812], [-74.2213575, 4.6112276], [-74.2211297, 4.6113143], [-74.2204994, 4.6115375], [-74.2204323, 4.6115375], [-74.2204224, 4.6115319], [-74.220376, 4.6115054], [-74.2203063, 4.6113597]]}}, {"type": "Feature", "properties": {"highway": "cycleway", "cycleway": null, "name": "Alameda el Porvenir"}, "geometry": {"type": "LineString", "coordinates": [[-74.2045094, 4.6223637], [-74.2045705, 4.6227247], [-74.2046171, 4.6230042], [-74.2046746, 4.6232892], [-74.2047545, 4.6235992], [-74.2048212, 4.6238761], [-74.2048919, 4.624164], [-74.204962, 4.6244375], [-74.2050424, 4.6246634], [-74.2050833, 4.6247784], [-74.2051247, 4.6247967], [-74.2051966, 4.624819], [-74.2052352, 4.6248345], [-74.2052522, 4.6248413], [-74.2052983, 4.6248664], [-74.2053323, 4.6249077], [-74.2059503, 4.6264345], [-74.2061687, 4.6269666], [-74.2061959, 4.6270329], [-74.2063181, 4.6273307], [-74.2063365, 4.6273703], [-74.2063826, 4.6274405], [-74.206424, 4.6274861], [-74.2064611, 4.6275407], [-74.2066604, 4.6280354], [-74.2068609, 4.6285331], [-74.2069239, 4.6286896], [-74.2071285, 4.6291974]]}}, {"type": "Feature", "properties": {"highway": "cycleway", "cycleway": null, "name": null}, "geometry": {"type": "LineString", "coordinates": [[-74.1914704, 4.6162074], [-74.1917796, 4.6161206]]}}, {"type": "Feature", "properties": {"highway": "cycleway", "cycleway": null, "name": null}, "geometry": {"type": "LineString", "coordinates": [[-74.1931785, 4.615197], [-74.1934918, 4.6148679], [-74.1942803, 4.6140339], [-74.1946801, 4.6136252], [-74.1947255, 4.6135888], [-74.1947708, 4.6135643], [-74.1948375, 4.6135386]]}}, {"type": "Feature", "properties": {"highway": "cycleway", "cycleway": null, "name": null}, "geometry": {"type": "LineString", "coordinates": [[-74.1539086, 4.6847763], [-74.1539414, 4.6847435], [-74.153977, 4.6847202], [-74.1539951, 4.6847041], [-74.1540018, 4.6846767], [-74.1539857, 4.6846453], [-74.1539642, 4.6846326], [-74.1539401, 4.6846333], [-74.1539126, 4.6846486], [-74.1538931, 4.6846787], [-74.153869, 4.6847262], [-74.1538328, 4.6847803], [-74.1538107, 4.6847957], [-74.1537543, 4.6848251], [-74.1537336, 4.6848264], [-74.1537262, 4.6848344], [-74.1537229, 4.6848736], [-74.1537255, 4.6849126], [-74.1537329, 4.6849447], [-74.153745, 4.6849641], [-74.1537637, 4.6849741], [-74.1537872, 4.6849708], [-74.1538107, 4.6849494], [-74.1538241, 4.684914], [-74.1538496, 4.6848632], [-74.1538797, 4.6848057], [-74.1539086, 4.6847763]]}}, {"type": "Feature", "properties": {"highway": "cycleway", "cycleway": null, "name": null}, "geometry": {"type": "LineString", "coordinates": [[-74.1547823, 4.6849408], [-74.1547649, 4.6849427], [-74.1547401, 4.684938], [-74.1547173, 4.6849113], [-74.1547193, 4.6848906], [-74.1547421, 4.6848779], [-74.1547575, 4.6848752], [-74.1547763, 4.6848872], [-74.1547863, 4.6849073], [-74.1547823, 4.6849408]]}}, {"type": "Feature", "properties": {"highway": "cycleway", "cycleway": null, "name": null}, "geometry": {"type": "LineString", "coordinates": [[-74.092353, 4.613269], [-74.0919287, 4.6137842], [-74.0915759, 4.614228], [-74.0913702, 4.614461], [-74.0908933, 4.6150251]]}}, {"type": "Feature", "properties": {"highway": "cycleway", "cycleway": "crossing", "name": null}, "geometry": {"type": "LineString", "coordinates": [[-74.1676055, 4.5964823], [-74.167516, 4.5964654], [-74.1674702, 4.5964567], [-74.1674004, 4.5964435]]}}, {"type": "Feature", "properties": {"highway": "cycleway", "cycleway": null, "name": null}, "geometry": {"type": "LineString", "coordinates": [[-74.1547823, 4.6849408], [-74.154785, 4.6849621], [-74.154793, 4.6849902], [-74.1548064, 4.6850049], [-74.1548286, 4.6850022], [-74.1548447, 4.6849828], [-74.1548386, 4.6849574], [-74.1548165, 4.684938], [-74.1547823, 4.6849408]]}}, {"type": "Feature", "properties": {"highway": "cycleway", "cycleway": null, "name": null}, "geometry": {"type": "LineString", "coordinates": [[-74.0852151, 4.7508211], [-74.0852774, 4.7508164], [-74.0854275, 4.7507399], [-74.0855037, 4.7506376], [-74.0856205, 4.7504647], [-74.0856612, 4.7503835], [-74.0856595, 4.7503465], [-74.0856329, 4.7503271], [-74.0855763, 4.7503235], [-74.0854895, 4.7503853], [-74.0853691, 4.7505476], [-74.0852894, 4.7506411], [-74.0852115, 4.750717], [-74.0851761, 4.7507629], [-74.0851744, 4.7507911], [-74.0851885, 4.750807], [-74.0852151, 4.7508211]]}}, {"type": "Feature", "properties": {"highway": "cycleway", "cycleway": null, "name": null}, "geometry": {"type": "LineString", "coordinates": [[-74.0963239, 4.6425885], [-74.0962836, 4.6425259], [-74.0961258, 4.642281], [-74.0961628, 4.6422587]]}}, {"type": "Feature", "properties": {"highway": "cycleway", "cycleway": null, "name": null}, "geometry": {"type": "LineString", "coordinates": [[-74.0986889, 4.646295], [-74.0987204, 4.6462757], [-74.0988705, 4.6465189], [-74.0988892, 4.6465492], [-74.0988689, 4.6465616]]}}, {"type": "Feature", "properties": {"highway": "cycleway", "cycleway": null, "name": null}, "geometry": {"type": "LineString", "coordinates": [[-74.101251, 4.6502587], [-74.1012341, 4.6502684], [-74.1014067, 4.6505445], [-74.1014265, 4.6505761], [-74.1014452, 4.6505629]]}}, {"type": "Feature", "properties": {"highway": "cycleway", "cycleway": null, "name": null}, "geometry": {"type": "LineString", "coordinates": [[-74.1052136, 4.6564516], [-74.1052562, 4.6564226], [-74.1054531, 4.6567314], [-74.1054733, 4.6567631], [-74.1054393, 4.6567853]]}}, {"type": "Feature", "properties": {"highway": "cycleway", "cycleway": null, "name": null}, "geometry": {"type": "LineString", "coordinates": [[-74.1137673, 4.66981], [-74.1137426, 4.6698257], [-74.1135532, 4.669523], [-74.1135157, 4.6694492], [-74.1135362, 4.6694354], [-74.1135202, 4.6694066]]}}, {"type": "Feature", "properties": {"highway": "cycleway", "cycleway": null, "name": null}, "geometry": {"type": "LineString", "coordinates": [[-74.0426109, 4.703846], [-74.0426112, 4.7039839], [-74.0426118, 4.7042387], [-74.0426119, 4.7042502], [-74.0426119, 4.7042675]]}}, {"type": "Feature", "properties": {"highway": "cycleway", "cycleway": null, "name": null}, "geometry": {"type": "LineString", "coordinates": [[-74.1359362, 4.6302958], [-74.1372784, 4.6304382]]}}, {"type": "Feature", "properties": {"highway": "cycleway", "cycleway": null, "name": null}, "geometry": {"type": "LineString", "coordinates": [[-74.1084759, 4.7251589], [-74.1085779, 4.7252376], [-74.1086279, 4.7252904], [-74.1089536, 4.7256319], [-74.1089706, 4.7256496], [-74.1090307, 4.7256818], [-74.1091013, 4.7257277], [-74.1091575, 4.7257614], [-74.1092189, 4.7257769], [-74.1092835, 4.7258093], [-74.1095064, 4.7259255]]}}, {"type": "Feature", "properties": {"highway": "cycleway", "cycleway": null, "name": null}, "geometry": {"type": "LineString", "coordinates": [[-74.0558324, 4.6996257], [-74.0550731, 4.6994961], [-74.0548334, 4.6994552], [-74.0544069, 4.6993824]]}}, {"type": "Feature", "properties": {"highway": "cycleway", "cycleway": null, "name": null}, "geometry": {"type": "LineString", "coordinates": [[-74.0463791, 4.6974729], [-74.0468554, 4.6976492], [-74.0472759, 4.6978294], [-74.0475227, 4.6979327], [-74.0475636, 4.6979497], [-74.0476044, 4.697967], [-74.0477712, 4.6980365], [-74.0484445, 4.6983162], [-74.0486616, 4.6983811], [-74.0489152, 4.6984501], [-74.049204, 4.6985133], [-74.0498008, 4.6986299]]}}, {"type": "Feature", "properties": {"highway": "cycleway", "cycleway": null, "name": null}, "geometry": {"type": "LineString", "coordinates": [[-74.0428453, 4.7406076], [-74.0428231, 4.7406396], [-74.0427948, 4.7406803]]}}, {"type": "Feature", "properties": {"highway": "cycleway", "cycleway": null, "name": null}, "geometry": {"type": "LineString", "coordinates": [[-74.0660502, 4.6785562], [-74.0659147, 4.6787866]]}}, {"type": "Feature", "properties": {"highway": "cycleway", "cycleway": null, "name": null}, "geometry": {"type": "LineString", "coordinates": [[-74.1696281, 4.6135267], [-74.169203, 4.6135865], [-74.168478, 4.6136892], [-74.1677813, 4.6137896], [-74.1675161, 4.6138252], [-74.1667205, 4.6139588], [-74.1662021, 4.6140415], [-74.1660928, 4.614059], [-74.1660693, 4.6140598], [-74.165761, 4.6140891], [-74.1656556, 4.6141007], [-74.1655939, 4.6141102], [-74.1652055, 4.6141776], [-74.1648265, 4.6142674], [-74.1645723, 4.6143329]]}}, {"type": "Feature", "properties": {"highway": "cycleway", "cycleway": null, "name": null}, "geometry": {"type": "LineString", "coordinates": [[-74.0851037, 4.6327467], [-74.0850761, 4.6327932], [-74.0850644, 4.632813], [-74.0850436, 4.6328482], [-74.0849715, 4.6329699]]}}, {"type": "Feature", "properties": {"highway": "cycleway", "cycleway": null, "name": null}, "geometry": {"type": "LineString", "coordinates": [[-74.104905, 4.4867048], [-74.10529, 4.486837], [-74.1055534, 4.4869274], [-74.1057327, 4.486989], [-74.1060103, 4.4870844], [-74.1062797, 4.4871769], [-74.1063835, 4.4872235], [-74.1065144, 4.4872913], [-74.1065645, 4.4873217], [-74.1067208, 4.4874163], [-74.1068301, 4.4874853], [-74.1069128, 4.4875427], [-74.1070868, 4.4876822], [-74.1072827, 4.4878801], [-74.107573, 4.4881994], [-74.1079987, 4.4886971], [-74.1086081, 4.4893491], [-74.1087607, 4.4895172], [-74.1087737, 4.4895425], [-74.1088354, 4.4896631], [-74.1090542, 4.4898896], [-74.1092621, 4.4901136], [-74.1095462, 4.4904204], [-74.1097225, 4.4906486], [-74.1098048, 4.490755], [-74.1098709, 4.4908614]]}}, {"type": "Feature", "properties": {"highway": "cycleway", "cycleway": null, "name": null}, "geometry": {"type": "LineString", "coordinates": [[-74.1365458, 4.5611196], [-74.1372837, 4.5616718], [-74.1374888, 4.561826], [-74.1375368, 4.561867], [-74.1376589, 4.5620157], [-74.1377655, 4.5621952], [-74.1378464, 4.5623315], [-74.1379611, 4.5625144], [-74.1380411, 4.562642], [-74.138185, 4.5628647], [-74.1384876, 4.5633329], [-74.1385474, 4.5634254]]}}, {"type": "Feature", "properties": {"highway": "cycleway", "cycleway": null, "name": null}, "geometry": {"type": "LineString", "coordinates": [[-74.106837, 4.6464757], [-74.1068002, 4.6462958], [-74.1064717, 4.6459604], [-74.1063449, 4.645831], [-74.1063019, 4.6457892], [-74.1060621, 4.6455185], [-74.1056935, 4.6451213], [-74.1056633, 4.6450975], [-74.1056105, 4.6450711], [-74.1055625, 4.6450353], [-74.1055337, 4.6449962], [-74.1054752, 4.6449616], [-74.105433, 4.6449609], [-74.1053784, 4.6449686], [-74.1053324, 4.6449588], [-74.1052794, 4.644928], [-74.1051453, 4.6448043], [-74.1049096, 4.644518], [-74.104835, 4.6444383], [-74.104822, 4.6444244], [-74.1047845, 4.6443866], [-74.1046535, 4.644255], [-74.1043449, 4.6439232], [-74.1042858, 4.6438347], [-74.1042358, 4.6437471], [-74.104145, 4.6436517], [-74.1040674, 4.64357]]}}, {"type": "Feature", "properties": {"highway": "cycleway", "cycleway": null, "name": null}, "geometry": {"type": "LineString", "coordinates": [[-74.106837, 4.6464757], [-74.1068424, 4.6464916], [-74.1068525, 4.6465049], [-74.1068664, 4.6465142], [-74.1068826, 4.6465185], [-74.1068994, 4.6465174], [-74.106915, 4.6465109], [-74.1069277, 4.6464996], [-74.1069359, 4.6464849], [-74.1069389, 4.6464682], [-74.1069363, 4.6464515], [-74.1069283, 4.6464366], [-74.1069159, 4.646425], [-74.1069004, 4.6464182], [-74.1068835, 4.6464168], [-74.106867, 4.6464209], [-74.106853, 4.6464301], [-74.1068426, 4.6464432], [-74.1068371, 4.646459], [-74.106837, 4.6464757]]}}, {"type": "Feature", "properties": {"highway": "cycleway", "cycleway": null, "name": null}, "geometry": {"type": "LineString", "coordinates": [[-74.1069159, 4.646425], [-74.1068739, 4.646376], [-74.1068002, 4.6462958]]}}, {"type": "Feature", "properties": {"highway": "cycleway", "cycleway": null, "name": null}, "geometry": {"type": "LineString", "coordinates": [[-74.1377401, 4.5946172], [-74.1377303, 4.594656], [-74.1377223, 4.5946771], [-74.1377126, 4.594693], [-74.1376958, 4.5947062], [-74.1376736, 4.59471], [-74.1376701, 4.5947106], [-74.1376468, 4.594709], [-74.1365668, 4.5944926], [-74.1355247, 4.5942852], [-74.1354533, 4.5942713], [-74.1354055, 4.594262], [-74.1353809, 4.5942566], [-74.1352593, 4.5942297], [-74.1342403, 4.5940282], [-74.1340021, 4.5939815], [-74.1334544, 4.5938802], [-74.1328724, 4.5937886], [-74.132222, 4.5936714], [-74.1318885, 4.5936029], [-74.1316395, 4.5935555], [-74.1311633, 4.5934624], [-74.1310922, 4.5934471], [-74.1307872, 4.5933822], [-74.1305847, 4.5933389], [-74.130501, 4.5933129], [-74.1303392, 4.5932625], [-74.1302781, 4.5932435], [-74.1299566, 4.5931434], [-74.1296509, 4.5930421], [-74.1288733, 4.5927877], [-74.1288052, 4.5927667], [-74.1285112, 4.5926644]]}}, {"type": "Feature", "properties": {"highway": "cycleway", "cycleway": null, "name": null}, "geometry": {"type": "LineString", "coordinates": [[-74.0973637, 4.7352485], [-74.0971258, 4.7351871], [-74.0970365, 4.7351641], [-74.0969011, 4.7351447], [-74.0967026, 4.7350856], [-74.0965805, 4.7350237], [-74.0963151, 4.7349383], [-74.0954713, 4.7346669], [-74.095386, 4.7346395], [-74.0952508, 4.7346073], [-74.0951523, 4.7345899], [-74.0950484, 4.7345825], [-74.0948338, 4.7345731], [-74.0946903, 4.7345557], [-74.0946025, 4.7345403], [-74.0945201, 4.7345223], [-74.0943183, 4.7344679], [-74.0942432, 4.7344477], [-74.093541, 4.7342643], [-74.0933929, 4.734226], [-74.093323, 4.7342042], [-74.0932482, 4.73418], [-74.0931441, 4.7341481], [-74.0930508, 4.734102], [-74.0929738, 4.7340585], [-74.0928734, 4.7339941], [-74.0927865, 4.733927], [-74.0927334, 4.7338474], [-74.0925326, 4.7336932], [-74.0924097, 4.7335989], [-74.0922987, 4.7335315], [-74.0922343, 4.7334928], [-74.0920724, 4.7333944], [-74.0919488, 4.7333204], [-74.0918308, 4.7332545], [-74.0917577, 4.7332137], [-74.091672, 4.7331658], [-74.0914765, 4.7330566], [-74.0913628, 4.7329769], [-74.0913175, 4.7329411], [-74.0912786, 4.7329191], [-74.0909052, 4.7327084], [-74.0907726, 4.7326325], [-74.0903657, 4.7324039], [-74.0902098, 4.7323156], [-74.0899563, 4.7321613], [-74.0896704, 4.7319874], [-74.0890833, 4.7316323], [-74.088936, 4.7315563], [-74.0886936, 4.7314313], [-74.0884269, 4.7312936], [-74.0882585, 4.7312068]]}}, {"type": "Feature", "properties": {"highway": "cycleway", "cycleway": null, "name": null}, "geometry": {"type": "LineString", "coordinates": [[-74.03927, 4.7603583], [-74.0397432, 4.7603872], [-74.0400775, 4.7604128]]}}, {"type": "Feature", "properties": {"highway": "cycleway", "cycleway": null, "name": null}, "geometry": {"type": "LineString", "coordinates": [[-74.0334193, 4.7025591], [-74.0339968, 4.7013573], [-74.0345043, 4.7003011], [-74.0345294, 4.7002488], [-74.0356876, 4.6979012]]}}, {"type": "Feature", "properties": {"highway": "cycleway", "cycleway": null, "name": null}, "geometry": {"type": "LineString", "coordinates": [[-74.0404902, 4.6885117], [-74.0401903, 4.689255], [-74.0400811, 4.6894921], [-74.0400159, 4.6896441], [-74.0398929, 4.6898454], [-74.0397668, 4.6900302], [-74.0396032, 4.6902779], [-74.0392783, 4.6907764], [-74.0389948, 4.6912257]]}}, {"type": "Feature", "properties": {"highway": "cycleway", "cycleway": null, "name": null}, "geometry": {"type": "LineString", "coordinates": [[-74.0432151, 4.6828382], [-74.0430262, 4.6832338], [-74.0428423, 4.6836336], [-74.0425539, 4.6842336], [-74.0423425, 4.6846625], [-74.0420044, 4.6853375], [-74.0417264, 4.6859116], [-74.0414882, 4.6864182], [-74.041181, 4.6870361], [-74.0408597, 4.6876855]]}}, {"type": "Feature", "properties": {"highway": "cycleway", "cycleway": null, "name": null}, "geometry": {"type": "LineString", "coordinates": [[-74.0565334, 4.6933398], [-74.0565402, 4.6932981], [-74.0567818, 4.6919422], [-74.0567936, 4.691876], [-74.0568956, 4.6912178], [-74.0569725, 4.6907544], [-74.0572214, 4.6892817], [-74.0572399, 4.6891447], [-74.0572636, 4.6889702], [-74.0572928, 4.688755], [-74.0573118, 4.688615], [-74.0574424, 4.6879179], [-74.0574809, 4.6877506]]}}, {"type": "Feature", "properties": {"highway": "cycleway", "cycleway": null, "name": null}, "geometry": {"type": "LineString", "coordinates": [[-74.067093, 4.7019361], [-74.0668759, 4.7020963], [-74.0667774, 4.702169]]}}, {"type": "Feature", "properties": {"highway": "cycleway", "cycleway": null, "name": null}, "geometry": {"type": "LineString", "coordinates": [[-74.0667002, 4.7022537], [-74.066532, 4.7023734]]}}, {"type": "Feature", "properties": {"highway": "cycleway", "cycleway": null, "name": null}, "geometry": {"type": "LineString", "coordinates": [[-74.0429283, 4.7407278], [-74.0429444, 4.7407315], [-74.0434094, 4.7408401], [-74.045664, 4.7413663], [-74.0457177, 4.7413788], [-74.0475926, 4.7418162]]}}, {"type": "Feature", "properties": {"highway": "cycleway", "cycleway": null, "name": null}, "geometry": {"type": "LineString", "coordinates": [[-74.0669005, 4.7023392], [-74.0673911, 4.7019763]]}}, {"type": "Feature", "properties": {"highway": "cycleway", "cycleway": null, "name": null}, "geometry": {"type": "LineString", "coordinates": [[-74.0774572, 4.6822086], [-74.0775821, 4.682378], [-74.0778506, 4.6827271]]}}, {"type": "Feature", "properties": {"highway": "cycleway", "cycleway": null, "name": null}, "geometry": {"type": "LineString", "coordinates": [[-74.085633, 4.6961073], [-74.085576, 4.6961391], [-74.0856527, 4.6962881]]}}, {"type": "Feature", "properties": {"highway": "cycleway", "cycleway": null, "name": null}, "geometry": {"type": "LineString", "coordinates": [[-74.1140567, 4.740625], [-74.1140135, 4.7406864], [-74.1132038, 4.7418363], [-74.1131714, 4.7418828], [-74.113119, 4.7419229], [-74.1123171, 4.7424683], [-74.1123022, 4.7424784], [-74.1122539, 4.7425113], [-74.1122116, 4.7425431], [-74.112159, 4.7425827], [-74.1121048, 4.7426234], [-74.1119109, 4.7427672], [-74.1112607, 4.7432494], [-74.1109908, 4.7434497], [-74.1097121, 4.7444131], [-74.1096562, 4.7444552], [-74.1095996, 4.7444966], [-74.1092309, 4.7447662], [-74.1088838, 4.7450196], [-74.1084058, 4.7453728]]}}, {"type": "Feature", "properties": {"highway": "cycleway", "cycleway": null, "name": null}, "geometry": {"type": "LineString", "coordinates": [[-74.1249253, 4.7399073], [-74.1258204, 4.7386275], [-74.1260928, 4.7382345], [-74.1262026, 4.7380238], [-74.1262432, 4.7378374], [-74.1262391, 4.7376907], [-74.12622, 4.7375581], [-74.126189, 4.7374168]]}}, {"type": "Feature", "properties": {"highway": "cycleway", "cycleway": null, "name": null}, "geometry": {"type": "LineString", "coordinates": [[-74.1247005, 4.7402266], [-74.1249253, 4.7399073]]}}, {"type": "Feature", "properties": {"highway": "cycleway", "cycleway": null, "name": null}, "geometry": {"type": "LineString", "coordinates": [[-74.0928223, 4.6977156], [-74.0928308, 4.6976679], [-74.0928251, 4.6976287], [-74.0928109, 4.6975983], [-74.0923702, 4.6973671], [-74.0921452, 4.6972491], [-74.0918027, 4.6970694], [-74.0915317, 4.6969272], [-74.0912531, 4.6967811], [-74.0909453, 4.6966197], [-74.090712, 4.6964973], [-74.0903519, 4.6963469]]}}, {"type": "Feature", "properties": {"highway": "cycleway", "cycleway": "crossing", "name": null}, "geometry": {"type": "LineString", "coordinates": [[-74.1097655, 4.7070374], [-74.1097382, 4.7070787], [-74.1096837, 4.7071614], [-74.1096249, 4.7072504], [-74.1095698, 4.7073338], [-74.1095075, 4.7074282], [-74.109447, 4.7075199], [-74.1094036, 4.7075843]]}}, {"type": "Feature", "properties": {"highway": "cycleway", "cycleway": null, "name": null}, "geometry": {"type": "LineString", "coordinates": [[-74.1149514, 4.713496], [-74.1148423, 4.7132068], [-74.1147128, 4.7130239], [-74.1144602, 4.7126708], [-74.1141759, 4.7123207], [-74.1140872, 4.7122269], [-74.113962, 4.7121975], [-74.1138088, 4.7121159], [-74.1137148, 4.7120286], [-74.113663, 4.7119586], [-74.1136239, 4.7118855], [-74.1136004, 4.7118233], [-74.1135862, 4.7117719], [-74.1135861, 4.7117323], [-74.1135732, 4.7116753], [-74.1135434, 4.7116209], [-74.1134946, 4.7115732], [-74.1134447, 4.711548], [-74.1134015, 4.711535], [-74.1133748, 4.7115116], [-74.1133323, 4.7114444], [-74.1132767, 4.7113474], [-74.1131752, 4.7112228], [-74.1126327, 4.7106591], [-74.1123001, 4.7103312], [-74.1121606, 4.7101891], [-74.111983, 4.7100942], [-74.1118935, 4.7100465], [-74.1116983, 4.7098791], [-74.1116217, 4.7097445], [-74.111259, 4.7093984], [-74.1108408, 4.7090195], [-74.1107841, 4.7089839], [-74.1107093, 4.7089653], [-74.110643, 4.7089553]]}}, {"type": "Feature", "properties": {"highway": "cycleway", "cycleway": null, "name": null}, "geometry": {"type": "LineString", "coordinates": [[-74.1171353, 4.7165221], [-74.1167583, 4.71598], [-74.1164972, 4.7156049], [-74.1164624, 4.7155562], [-74.1160184, 4.7149336], [-74.1152495, 4.7138552], [-74.1151643, 4.7137618], [-74.1150489, 4.7136633], [-74.1150118, 4.7136106], [-74.1149514, 4.713496]]}}, {"type": "Feature", "properties": {"highway": "cycleway", "cycleway": null, "name": null}, "geometry": {"type": "LineString", "coordinates": [[-74.1252632, 4.7281917], [-74.125331, 4.728169], [-74.1253747, 4.7281578], [-74.1254397, 4.7281446], [-74.125711, 4.7281424], [-74.1258431, 4.7281461], [-74.1259409, 4.7281569], [-74.1260143, 4.7281697], [-74.1261358, 4.7282222], [-74.1262564, 4.7282943], [-74.1263595, 4.7283903], [-74.1265129, 4.7285478]]}}, {"type": "Feature", "properties": {"highway": "cycleway", "cycleway": null, "name": null}, "geometry": {"type": "LineString", "coordinates": [[-74.1271941, 4.7293544], [-74.127369, 4.7295654], [-74.1275471, 4.7297662], [-74.1277579, 4.7299717], [-74.1283901, 4.7304631], [-74.1291861, 4.7311254]]}}, {"type": "Feature", "properties": {"highway": "cycleway", "cycleway": null, "name": null}, "geometry": {"type": "LineString", "coordinates": [[-74.1265129, 4.7285478], [-74.1271941, 4.7293544]]}}, {"type": "Feature", "properties": {"highway": "cycleway", "cycleway": null, "name": null}, "geometry": {"type": "LineString", "coordinates": [[-74.0607023, 4.6784116], [-74.0606888, 4.6787209], [-74.0606879, 4.678741]]}}, {"type": "Feature", "properties": {"highway": "cycleway", "cycleway": null, "name": null}, "geometry": {"type": "LineString", "coordinates": [[-74.0659147, 4.6787866], [-74.0662273, 4.678947], [-74.0663883, 4.6789897], [-74.0665465, 4.6790753], [-74.0669676, 4.6793266], [-74.0671661, 4.6795351], [-74.0675067, 4.6799013], [-74.0681049, 4.6805322], [-74.069049, 4.6813823], [-74.0696954, 4.6819677], [-74.0703016, 4.6825131], [-74.0707066, 4.682866], [-74.0709937, 4.6830852], [-74.0710016, 4.6831627]]}}, {"type": "Feature", "properties": {"highway": "cycleway", "cycleway": null, "name": null}, "geometry": {"type": "LineString", "coordinates": [[-74.1102708, 4.7086256], [-74.1102795, 4.7085053], [-74.1102732, 4.7084452], [-74.1102537, 4.7083996], [-74.1102196, 4.7083556], [-74.1098358, 4.7079878], [-74.1097373, 4.7079094], [-74.10965, 4.7078629], [-74.1095259, 4.7077891], [-74.1094026, 4.7076668]]}}, {"type": "Feature", "properties": {"highway": "cycleway", "cycleway": null, "name": null}, "geometry": {"type": "LineString", "coordinates": [[-74.1074223, 4.7063576], [-74.1071972, 4.706154], [-74.1071277, 4.7060947], [-74.1070365, 4.7060488], [-74.1068578, 4.7059655], [-74.1064533, 4.7057719], [-74.1059016, 4.7055121], [-74.1049482, 4.7051043], [-74.1040141, 4.7046896]]}}, {"type": "Feature", "properties": {"highway": "cycleway", "cycleway": null, "name": null}, "geometry": {"type": "LineString", "coordinates": [[-74.1233484, 4.7223895], [-74.1233834, 4.7224347], [-74.1234402, 4.7225082], [-74.1234837, 4.7225644], [-74.1236722, 4.7228081], [-74.1239032, 4.7231135], [-74.1243087, 4.7236697], [-74.1244622, 4.7238838], [-74.1245146, 4.723957], [-74.124763, 4.7243035], [-74.1253225, 4.7250843], [-74.1254731, 4.7252815], [-74.1255068, 4.7253043], [-74.1255542, 4.7253089], [-74.1256049, 4.7252978]]}}, {"type": "Feature", "properties": {"highway": "cycleway", "cycleway": null, "name": null}, "geometry": {"type": "LineString", "coordinates": [[-74.1271357, 4.7241864], [-74.1270855, 4.7241287], [-74.12705, 4.724088], [-74.1268873, 4.7238856], [-74.1265093, 4.7234045], [-74.1263557, 4.723213], [-74.1263222, 4.7231713], [-74.1263149, 4.7231622], [-74.1262425, 4.723072], [-74.1259484, 4.7226789], [-74.1258379, 4.7225472], [-74.1257119, 4.7224122], [-74.125607, 4.7223113], [-74.1254449, 4.7221679], [-74.1252589, 4.722029], [-74.1250881, 4.7219182]]}}, {"type": "Feature", "properties": {"highway": "cycleway", "cycleway": null, "name": null}, "geometry": {"type": "LineString", "coordinates": [[-74.1263557, 4.723213], [-74.1265437, 4.7231153], [-74.1267822, 4.7229865], [-74.1269411, 4.7228773], [-74.1271025, 4.722738], [-74.1272297, 4.722611], [-74.1273397, 4.7224743], [-74.1274375, 4.7223288], [-74.1274939, 4.7222243], [-74.1275364, 4.7221241], [-74.12757, 4.722045], [-74.1275883, 4.7220018], [-74.1276197, 4.72192], [-74.1276839, 4.721753], [-74.1277805, 4.7214831], [-74.1278725, 4.7212361], [-74.1279112, 4.7211322], [-74.1280307, 4.7208178], [-74.1280658, 4.7207158], [-74.1281581, 4.7204471], [-74.1281824, 4.7203762]]}}, {"type": "Feature", "properties": {"highway": "cycleway", "cycleway": null, "name": null}, "geometry": {"type": "LineString", "coordinates": [[-74.0839029, 4.6448988], [-74.0837035, 4.6447333], [-74.0833716, 4.6444753], [-74.0829866, 4.644125], [-74.0827151, 4.6439402], [-74.0826945, 4.6439242], [-74.082678, 4.6439114], [-74.0824634, 4.6437493], [-74.0820746, 4.6434404], [-74.0814958, 4.642952], [-74.0808385, 4.6423972], [-74.0800244, 4.6417464], [-74.0798891, 4.6415903], [-74.0798443, 4.6415261], [-74.079562, 4.6412882], [-74.0795418, 4.6412675], [-74.0795156, 4.6412406], [-74.0794951, 4.641193], [-74.0794938, 4.6411455], [-74.0794594, 4.6411418]]}}, {"type": "Feature", "properties": {"highway": "cycleway", "cycleway": null, "name": null}, "geometry": {"type": "LineString", "coordinates": [[-74.1051534, 4.6298747], [-74.1046453, 4.6305217], [-74.1040763, 4.6312449], [-74.1035205, 4.6319679], [-74.1031665, 4.6324475], [-74.1027775, 4.6329468], [-74.1027377, 4.6330005], [-74.1027013, 4.6330491], [-74.102614, 4.6331532], [-74.1025652, 4.6332115], [-74.1023441, 4.633489], [-74.1021719, 4.63371], [-74.1019436, 4.6340055], [-74.1016518, 4.634377], [-74.1012008, 4.6349574], [-74.1009525, 4.6352847], [-74.10078, 4.6354947], [-74.1007634, 4.6355137], [-74.1007471, 4.6355317], [-74.1007243, 4.6355573], [-74.1005749, 4.6357255], [-74.1003867, 4.6359041], [-74.1001699, 4.6361055], [-74.0998816, 4.6363395], [-74.0994747, 4.6366134]]}}, {"type": "Feature", "properties": {"highway": "cycleway", "cycleway": null, "name": null}, "geometry": {"type": "LineString", "coordinates": [[-74.0937242, 4.6403652], [-74.0944201, 4.639918], [-74.0954443, 4.6392599]]}}, {"type": "Feature", "properties": {"highway": "cycleway", "cycleway": null, "name": null}, "geometry": {"type": "LineString", "coordinates": [[-74.095508, 4.6421517], [-74.0953547, 4.6419185], [-74.0953185, 4.6417809], [-74.0953122, 4.6417712], [-74.0951617, 4.641538], [-74.094833, 4.6410283], [-74.0946694, 4.6407997], [-74.0945914, 4.6406961], [-74.0945398, 4.6406276]]}}, {"type": "Feature", "properties": {"highway": "cycleway", "cycleway": null, "name": null}, "geometry": {"type": "LineString", "coordinates": [[-74.0936281, 4.666959], [-74.093533, 4.6669927], [-74.0933974, 4.667095], [-74.0930447, 4.6674308], [-74.0925303, 4.6679045], [-74.0922049, 4.6683422], [-74.0920287, 4.6685796]]}}, {"type": "Feature", "properties": {"highway": "cycleway", "cycleway": null, "name": null}, "geometry": {"type": "LineString", "coordinates": [[-74.1051652, 4.6754594], [-74.1029825, 4.6736405], [-74.1030143, 4.6736027], [-74.103228, 4.6737808]]}}, {"type": "Feature", "properties": {"highway": "cycleway", "cycleway": null, "name": null}, "geometry": {"type": "LineString", "coordinates": [[-74.1134455, 4.6829492], [-74.113469, 4.6829195], [-74.1134987, 4.6828805]]}}, {"type": "Feature", "properties": {"highway": "cycleway", "cycleway": null, "name": null}, "geometry": {"type": "LineString", "coordinates": [[-74.1157954, 4.6851093], [-74.1156535, 4.6849577]]}}, {"type": "Feature", "properties": {"highway": "cycleway", "cycleway": null, "name": null}, "geometry": {"type": "LineString", "coordinates": [[-74.1289379, 4.7034611], [-74.1290938, 4.7037497], [-74.1292562, 4.7041045], [-74.1292935, 4.7041761], [-74.1296457, 4.7047686], [-74.1296799, 4.7048578], [-74.1297005, 4.7049133], [-74.1297168, 4.7050522], [-74.1297235, 4.705109], [-74.1297306, 4.7052695], [-74.1297107, 4.7054097], [-74.1297058, 4.7054441], [-74.1296298, 4.7056046], [-74.1295944, 4.7056998], [-74.1296121, 4.7058092], [-74.1296651, 4.7059185], [-74.1297235, 4.7060755], [-74.1297374, 4.7061489], [-74.1297412, 4.7061919], [-74.1297395, 4.7063383], [-74.1297495, 4.7063522], [-74.1297253, 4.7064635], [-74.1296899, 4.7065711], [-74.1295218, 4.7068356], [-74.129313, 4.7071372], [-74.1292316, 4.7072801], [-74.1291113, 4.7075481], [-74.1290157, 4.7076416], [-74.12886, 4.7077298], [-74.1286901, 4.7077651], [-74.1285857, 4.7077897], [-74.128476, 4.7079044], [-74.1284119, 4.7079988], [-74.1283185, 4.7081284], [-74.1282123, 4.7083012], [-74.1282636, 4.7083435], [-74.1283026, 4.7083876], [-74.1283203, 4.7084352], [-74.1283203, 4.7084864], [-74.1282919, 4.7085358], [-74.1282449, 4.7086088], [-74.1280651, 4.7088883], [-74.1279008, 4.7091437], [-74.1278743, 4.7091848], [-74.127734, 4.7093889], [-74.1275823, 4.7096098], [-74.1275735, 4.7096468], [-74.1275788, 4.7096909], [-74.127599, 4.709739], [-74.1276354, 4.7097844], [-74.1276885, 4.7098197], [-74.1285507, 4.7104013], [-74.1285741, 4.7104171], [-74.1285908, 4.7104283]]}}, {"type": "Feature", "properties": {"highway": "cycleway", "cycleway": null, "name": null}, "geometry": {"type": "LineString", "coordinates": [[-74.1343825, 4.711884], [-74.1342873, 4.7118179], [-74.1342431, 4.7117738], [-74.1342254, 4.7117297], [-74.1342289, 4.7116768], [-74.1343705, 4.7111424], [-74.1344006, 4.7109449], [-74.134393, 4.7107128], [-74.1343811, 4.7106362], [-74.1343378, 4.7106392]]}}, {"type": "Feature", "properties": {"highway": "cycleway", "cycleway": null, "name": null}, "geometry": {"type": "LineString", "coordinates": [[-74.1285507, 4.7104013], [-74.1284222, 4.7105862], [-74.1282799, 4.7107563], [-74.1281458, 4.7108536], [-74.1279466, 4.7109549], [-74.1277605, 4.71105], [-74.1275461, 4.7111595], [-74.1271555, 4.7113541], [-74.1271477, 4.711358], [-74.1269755, 4.7114614], [-74.1268066, 4.7115699], [-74.1267053, 4.7116389], [-74.1266798, 4.7116564], [-74.1266481, 4.7116668], [-74.1266075, 4.7116732]]}}, {"type": "Feature", "properties": {"highway": "cycleway", "cycleway": null, "name": null}, "geometry": {"type": "LineString", "coordinates": [[-74.1277605, 4.71105], [-74.1276396, 4.7110643], [-74.1275075, 4.7110622], [-74.127414, 4.711042], [-74.1272737, 4.710963], [-74.1271924, 4.7108941], [-74.1270075, 4.7107057], [-74.1265135, 4.7103005], [-74.1264789, 4.7102661], [-74.1264241, 4.7102134], [-74.1263753, 4.7100939], [-74.1263164, 4.7099857], [-74.1262996, 4.7099451], [-74.1260814, 4.709829], [-74.1259619, 4.7097593]]}}, {"type": "Feature", "properties": {"highway": "cycleway", "cycleway": null, "name": null}, "geometry": {"type": "LineString", "coordinates": [[-74.0802678, 4.6282005], [-74.0801938, 4.6283427], [-74.0801168, 4.6285301], [-74.080029, 4.6287896], [-74.0799787, 4.6289647]]}}, {"type": "Feature", "properties": {"highway": "cycleway", "cycleway": null, "name": null}, "geometry": {"type": "LineString", "coordinates": [[-74.0969518, 4.6424592], [-74.0970042, 4.6424259], [-74.098467, 4.641496], [-74.0985998, 4.6414105], [-74.0987238, 4.6413306], [-74.0995366, 4.6407841]]}}, {"type": "Feature", "properties": {"highway": "cycleway", "cycleway": null, "name": null}, "geometry": {"type": "LineString", "coordinates": [[-74.1014422, 4.6392588], [-74.1022264, 4.6400365], [-74.1029923, 4.6408488], [-74.1033145, 4.6412584], [-74.103364, 4.6413114], [-74.1039405, 4.6419288]]}}, {"type": "Feature", "properties": {"highway": "cycleway", "cycleway": null, "name": null}, "geometry": {"type": "LineString", "coordinates": [[-74.1006022, 4.6399353], [-74.1006815, 4.6400113], [-74.1007324, 4.6400786], [-74.1007954, 4.6401434], [-74.1008808, 4.6401961], [-74.1009824, 4.640265], [-74.1011064, 4.6403724], [-74.1012629, 4.6405344], [-74.1013137, 4.6405993], [-74.1013442, 4.6406661], [-74.1013519, 4.6406814], [-74.101393, 4.6407634], [-74.1014581, 4.6409275], [-74.10158, 4.6410815], [-74.1017121, 4.6411848], [-74.1018443, 4.641276], [-74.1019919, 4.6413866], [-74.1020462, 4.6414408]]}}, {"type": "Feature", "properties": {"highway": "cycleway", "cycleway": null, "name": null}, "geometry": {"type": "LineString", "coordinates": [[-74.1010425, 4.6423488], [-74.1012507, 4.6422019], [-74.1014215, 4.6420763], [-74.1015699, 4.6419466], [-74.1018748, 4.6416346], [-74.1019228, 4.6415852], [-74.1020222, 4.6415033]]}}, {"type": "Feature", "properties": {"highway": "cycleway", "cycleway": null, "name": null}, "geometry": {"type": "LineString", "coordinates": [[-74.0321194, 4.725555], [-74.0320746, 4.7267315], [-74.0320158, 4.7281806]]}}, {"type": "Feature", "properties": {"highway": "cycleway", "cycleway": null, "name": null}, "geometry": {"type": "LineString", "coordinates": [[-74.1088839, 4.6473549], [-74.1088957, 4.6473621], [-74.1089045, 4.6473727], [-74.1089095, 4.6473856], [-74.10891, 4.6473993], [-74.108906, 4.6474125], [-74.1088979, 4.6474238], [-74.1088867, 4.6474318], [-74.1088732, 4.6474358], [-74.1088592, 4.6474352], [-74.1088461, 4.6474301], [-74.1088355, 4.647421], [-74.1088284, 4.6474089], [-74.1088257, 4.6473952], [-74.1088276, 4.6473813], [-74.108834, 4.6473689], [-74.1088441, 4.6473591], [-74.1088566, 4.6473533], [-74.1088704, 4.6473518], [-74.1088839, 4.6473549]]}}, {"type": "Feature", "properties": {"highway": "cycleway", "cycleway": null, "name": null}, "geometry": {"type": "LineString", "coordinates": [[-74.1088867, 4.6474318], [-74.1091022, 4.6476381], [-74.1094571, 4.6479616], [-74.1098844, 4.6483922], [-74.109953, 4.6484585], [-74.1101529, 4.6486877], [-74.1104005, 4.6489321], [-74.1106226, 4.6491007], [-74.1106643, 4.6491323], [-74.1109328, 4.6492929], [-74.1112317, 4.6494278], [-74.1115049, 4.6495349], [-74.1117944, 4.6495884], [-74.112147, 4.6496396], [-74.1124482, 4.6497187], [-74.1129433, 4.6498305], [-74.1132208, 4.6498936]]}}, {"type": "Feature", "properties": {"highway": "cycleway", "cycleway": null, "name": null}, "geometry": {"type": "LineString", "coordinates": [[-74.113305, 4.6498713], [-74.1132934, 4.6498609], [-74.113279, 4.6498548], [-74.1132634, 4.6498537], [-74.1132482, 4.6498577], [-74.1132352, 4.6498664], [-74.1132257, 4.6498788], [-74.1132208, 4.6498936], [-74.113221, 4.6499092], [-74.1132262, 4.6499239], [-74.113236, 4.6499361], [-74.1132492, 4.6499445], [-74.1132644, 4.6499482], [-74.11328, 4.6499467], [-74.1132943, 4.6499403], [-74.1133057, 4.6499296], [-74.113313, 4.6499158], [-74.1133154, 4.6499004], [-74.1133126, 4.649885], [-74.113305, 4.6498713]]}}, {"type": "Feature", "properties": {"highway": "cycleway", "cycleway": null, "name": null}, "geometry": {"type": "LineString", "coordinates": [[-74.1065732, 4.6528176], [-74.1065402, 4.6530526], [-74.1065394, 4.6531229], [-74.1065465, 4.6534789], [-74.1065435, 4.6535167], [-74.1065731, 4.6536023], [-74.1065911, 4.6536539], [-74.1066188, 4.6537327], [-74.1067409, 4.653816], [-74.106939, 4.6542083], [-74.1069681, 4.6542544], [-74.1070291, 4.6543505], [-74.1070912, 4.6544521], [-74.1073347, 4.6547988], [-74.1076147, 4.6552188], [-74.1076193, 4.6552557], [-74.1076446, 4.6554587], [-74.1079259, 4.6558642], [-74.1079609, 4.6559144], [-74.1079813, 4.655949], [-74.1082436, 4.6564009], [-74.1083745, 4.6565213], [-74.1084339, 4.6566092], [-74.1084799, 4.6566812], [-74.1085371, 4.6567374], [-74.1086452, 4.6568438], [-74.1087345, 4.6569586], [-74.1090226, 4.6574147], [-74.1090315, 4.6574288], [-74.1090609, 4.6575291], [-74.109074, 4.657586], [-74.1091187, 4.6577809], [-74.1093104, 4.6580657], [-74.109386, 4.6581772], [-74.1094408, 4.6582629], [-74.1095088, 4.6583695], [-74.1096386, 4.6585733], [-74.1097386, 4.6586883], [-74.1099074, 4.6588227], [-74.1101038, 4.659111], [-74.1102675, 4.6594182], [-74.1103566, 4.6595601], [-74.110363, 4.6595705], [-74.1104075, 4.6596415], [-74.1104659, 4.6597225], [-74.1105212, 4.6597989], [-74.1109577, 4.6604297], [-74.1110298, 4.6605798], [-74.1110396, 4.6606058], [-74.1111603, 4.6608549], [-74.1111692, 4.6609826], [-74.1112054, 4.6610445], [-74.1112404, 4.661076], [-74.1112981, 4.6611014]]}}, {"type": "Feature", "properties": {"highway": "cycleway", "cycleway": null, "name": null}, "geometry": {"type": "LineString", "coordinates": [[-74.1065185, 4.6527526], [-74.1065167, 4.652769], [-74.1065202, 4.6527852], [-74.1065287, 4.6527994], [-74.1065413, 4.6528102], [-74.1065566, 4.6528165], [-74.1065732, 4.6528176], [-74.1065902, 4.652813], [-74.1066047, 4.652803], [-74.106615, 4.6527887], [-74.1066199, 4.6527717], [-74.1066187, 4.6527542], [-74.1066117, 4.652738], [-74.1065997, 4.6527251], [-74.106584, 4.652717], [-74.1065676, 4.6527146], [-74.1065513, 4.6527175], [-74.1065367, 4.6527254], [-74.1065254, 4.6527375], [-74.1065185, 4.6527526]]}}, {"type": "Feature", "properties": {"highway": "cycleway", "cycleway": null, "name": null}, "geometry": {"type": "LineString", "coordinates": [[-74.1285795, 4.6480514], [-74.1288709, 4.647829]]}}, {"type": "Feature", "properties": {"highway": "cycleway", "cycleway": null, "name": null}, "geometry": {"type": "LineString", "coordinates": [[-74.1293283, 4.6523799], [-74.1292528, 4.6523707], [-74.1290409, 4.6523329], [-74.1288109, 4.6522928], [-74.1284619, 4.6522298], [-74.1282573, 4.6521933], [-74.128222, 4.652187], [-74.1278588, 4.6523854], [-74.1276951, 4.6524747], [-74.1276446, 4.6525022], [-74.1276099, 4.652522], [-74.1274287, 4.6526255], [-74.127251, 4.6527286], [-74.1269831, 4.6528762], [-74.1265481, 4.6531334], [-74.1260627, 4.6534018], [-74.1258959, 4.653495], [-74.1258659, 4.6535096], [-74.1258114, 4.6535362], [-74.1257973, 4.6535442], [-74.1257323, 4.653581], [-74.1256996, 4.6535996], [-74.1256717, 4.6536154], [-74.1255893, 4.6536625], [-74.1252771, 4.6538406], [-74.1252209, 4.6538768]]}}, {"type": "Feature", "properties": {"highway": "cycleway", "cycleway": null, "name": null}, "geometry": {"type": "LineString", "coordinates": [[-74.1370615, 4.6582508], [-74.1372546, 4.6579547]]}}, {"type": "Feature", "properties": {"highway": "cycleway", "cycleway": null, "name": null}, "geometry": {"type": "LineString", "coordinates": [[-74.1367248, 4.6596168], [-74.1366952, 4.6595932], [-74.1367115, 4.6595715], [-74.136789, 4.6594781], [-74.1368314, 4.6594132], [-74.1369024, 4.6592884], [-74.1369499, 4.6592022], [-74.136972, 4.6591485], [-74.1369847, 4.6590979], [-74.1369831, 4.6590506], [-74.1369752, 4.6590065], [-74.1369496, 4.6589231], [-74.1368813, 4.658809], [-74.1368553, 4.6587587], [-74.1368386, 4.6587052], [-74.136839, 4.6586422], [-74.1368597, 4.6585823], [-74.136953, 4.6584331], [-74.1370615, 4.6582508]]}}, {"type": "Feature", "properties": {"highway": "cycleway", "cycleway": null, "name": null}, "geometry": {"type": "LineString", "coordinates": [[-74.130205, 4.6659547], [-74.1302017, 4.6659836], [-74.1301988, 4.6660305], [-74.1301917, 4.6660624], [-74.1301681, 4.6660906], [-74.129896, 4.6664156], [-74.1292652, 4.6671792], [-74.1287055, 4.6678925], [-74.1284219, 4.6682435], [-74.1282984, 4.6683785], [-74.1281031, 4.6685429], [-74.1280542, 4.6685906], [-74.1280057, 4.6686475], [-74.1279635, 4.668723], [-74.1279003, 4.6688106], [-74.1278554, 4.6688598], [-74.1277998, 4.6689395], [-74.127387, 4.6694126], [-74.1270709, 4.6697888], [-74.1266016, 4.6702971], [-74.1262668, 4.6706839], [-74.1262012, 4.6707653], [-74.1256592, 4.6714484], [-74.1253854, 4.6717842], [-74.125351, 4.6718082], [-74.125317, 4.6718205]]}}, {"type": "Feature", "properties": {"highway": "cycleway", "cycleway": null, "name": null}, "geometry": {"type": "LineString", "coordinates": [[-74.1381374, 4.6812834], [-74.1382137, 4.681215]]}}, {"type": "Feature", "properties": {"highway": "cycleway", "cycleway": null, "name": null}, "geometry": {"type": "LineString", "coordinates": [[-74.1481389, 4.6736595], [-74.1482331, 4.6735977], [-74.1484696, 4.6734261], [-74.1489412, 4.6730119], [-74.1496269, 4.6723872], [-74.150007, 4.6720034], [-74.1500308, 4.6720221], [-74.150281, 4.6722194], [-74.1505059, 4.6723963], [-74.1507495, 4.6725882], [-74.150795, 4.672624], [-74.1511492, 4.6720484], [-74.1512873, 4.6718741], [-74.1513921, 4.6717406], [-74.1519092, 4.6712208]]}}, {"type": "Feature", "properties": {"highway": "cycleway", "cycleway": null, "name": null}, "geometry": {"type": "LineString", "coordinates": [[-74.0908933, 4.6150251], [-74.0908698, 4.6150039], [-74.0908559, 4.6149915], [-74.0907645, 4.6151037], [-74.0906522, 4.6152415], [-74.0902142, 4.6157707], [-74.0900724, 4.6159387], [-74.0900562, 4.6159507], [-74.0894854, 4.6166611], [-74.0890052, 4.6172393], [-74.0889303, 4.6173163], [-74.0888117, 4.6174273], [-74.0887514, 4.6174858], [-74.0886699, 4.6175813], [-74.0884224, 4.6178713], [-74.0882895, 4.618027], [-74.0882644, 4.6180564], [-74.0879242, 4.6184492], [-74.0878305, 4.6185725], [-74.0877996, 4.6186132], [-74.0876494, 4.6188109], [-74.0876183, 4.6188407], [-74.0875722, 4.6188899], [-74.0875418, 4.6189526], [-74.0874695, 4.6190478], [-74.0872371, 4.619337], [-74.0871264, 4.6194754], [-74.0869384, 4.6197034], [-74.0869037, 4.6197432], [-74.0867504, 4.6199188], [-74.0866012, 4.620088], [-74.0862486, 4.620516], [-74.0861832, 4.6205929], [-74.0856719, 4.621256], [-74.0851947, 4.6218585], [-74.0847961, 4.6222814], [-74.0847645, 4.6223169]]}}, {"type": "Feature", "properties": {"highway": "cycleway", "cycleway": "separate", "name": null}, "geometry": {"type": "LineString", "coordinates": [[-74.2257705, 4.5936871], [-74.2257463, 4.5936937], [-74.2252086, 4.5937098], [-74.2251808, 4.593707], [-74.2249592, 4.5936293], [-74.2248932, 4.593605], [-74.2248325, 4.5935984], [-74.2247499, 4.5936176], [-74.2246177, 4.5936778], [-74.2244815, 4.5937446], [-74.2243641, 4.593765], [-74.2239705, 4.5938068], [-74.223891, 4.5938153], [-74.2238343, 4.593798], [-74.2237847, 4.5937829], [-74.2236385, 4.593738], [-74.2234254, 4.5938078], [-74.2233162, 4.5938209], [-74.2232151, 4.5938153], [-74.2229398, 4.5937262], [-74.2228009, 4.5936932], [-74.2227148, 4.5936857], [-74.2225552, 4.5936924], [-74.2224332, 4.5937338], [-74.2221315, 4.5938046], [-74.2220564, 4.5938113], [-74.2219839, 4.5938046], [-74.221756, 4.5937244], [-74.2217083, 4.5937077], [-74.2216278, 4.5936926]]}}, {"type": "Feature", "properties": {"highway": "cycleway", "cycleway": "crossing", "name": null}, "geometry": {"type": "LineString", "coordinates": [[-74.2216139, 4.5940376], [-74.2217184, 4.5940372], [-74.2219327, 4.5939499], [-74.2220751, 4.5939382], [-74.2223514, 4.5940319], [-74.2225407, 4.5940804], [-74.2227, 4.5940893], [-74.2229442, 4.5940559], [-74.2231882, 4.5939757], [-74.223384, 4.5939838], [-74.2236228, 4.5940292], [-74.223678, 4.594046], [-74.2237332, 4.5940628], [-74.2237909, 4.5940247], [-74.2238097, 4.5940149], [-74.2238513, 4.5940243], [-74.2238933, 4.594028]]}}, {"type": "Feature", "properties": {"highway": "cycleway", "cycleway": null, "name": null}, "geometry": {"type": "LineString", "coordinates": [[-74.1232094, 4.6294563], [-74.1238514, 4.6295177]]}}, {"type": "Feature", "properties": {"highway": "cycleway", "cycleway": null, "name": null}, "geometry": {"type": "LineString", "coordinates": [[-74.1260477, 4.6290006], [-74.1262854, 4.6290302]]}}, {"type": "Feature", "properties": {"highway": "cycleway", "cycleway": null, "name": null}, "geometry": {"type": "LineString", "coordinates": [[-74.1262854, 4.6290302], [-74.1263808, 4.6290387], [-74.1270076, 4.6290923], [-74.1272859, 4.6291155], [-74.1278551, 4.6291632], [-74.128655, 4.6292257], [-74.1288283, 4.6292392], [-74.1289224, 4.629246], [-74.1303821, 4.6293618]]}}, {"type": "Feature", "properties": {"highway": "cycleway", "cycleway": null, "name": null}, "geometry": {"type": "LineString", "coordinates": [[-74.1259726, 4.6295617], [-74.1262451, 4.6295821]]}}, {"type": "Feature", "properties": {"highway": "cycleway", "cycleway": null, "name": null}, "geometry": {"type": "LineString", "coordinates": [[-74.1286035, 4.6300061], [-74.1286153, 4.6300086], [-74.129024, 4.6300576], [-74.1295418, 4.6301102], [-74.1303363, 4.6301847], [-74.1310162, 4.6302572], [-74.1316639, 4.6303256], [-74.1318081, 4.6303404], [-74.1330791, 4.6304705], [-74.1335878, 4.6305199], [-74.1341211, 4.6305708], [-74.1342675, 4.6305853], [-74.1348704, 4.6306447], [-74.1350104, 4.630607], [-74.1353592, 4.6306383]]}}, {"type": "Feature", "properties": {"highway": "cycleway", "cycleway": null, "name": null}, "geometry": {"type": "LineString", "coordinates": [[-74.1292571, 4.6409032], [-74.1291759, 4.6409534], [-74.1290556, 4.6410279], [-74.1286866, 4.6412561], [-74.1284837, 4.641422], [-74.1283624, 4.6415297], [-74.1282733, 4.6415968], [-74.1280245, 4.6417698], [-74.1278326, 4.6419408], [-74.1276699, 4.6420413], [-74.1275565, 4.6420923], [-74.1274207, 4.642127], [-74.1273118, 4.642137], [-74.1272412, 4.6421425], [-74.1271699, 4.6421404], [-74.1271469, 4.6421398], [-74.1270287, 4.6421515], [-74.1269466, 4.642188], [-74.1268991, 4.6422401], [-74.1268742, 4.6423076], [-74.1268653, 4.6423901]]}}, {"type": "Feature", "properties": {"highway": "cycleway", "cycleway": null, "name": null}, "geometry": {"type": "LineString", "coordinates": [[-74.127327, 4.6422046], [-74.1272744, 4.6421719], [-74.1272205, 4.6421458], [-74.1271699, 4.6421404]]}}, {"type": "Feature", "properties": {"highway": "cycleway", "cycleway": null, "name": null}, "geometry": {"type": "LineString", "coordinates": [[-74.1275107, 4.6424997], [-74.1274801, 4.6424814], [-74.1274593, 4.6424822], [-74.1274386, 4.6424924]]}}, {"type": "Feature", "properties": {"highway": "cycleway", "cycleway": null, "name": null}, "geometry": {"type": "LineString", "coordinates": [[-74.1270869, 4.6426993], [-74.1270502, 4.6426734], [-74.1269901, 4.642622], [-74.1269285, 4.6425499]]}}, {"type": "Feature", "properties": {"highway": "cycleway", "cycleway": null, "name": null}, "geometry": {"type": "LineString", "coordinates": [[-74.1494892, 4.6057122], [-74.1493725, 4.6056969], [-74.1490895, 4.6055679], [-74.1490982, 4.6058219], [-74.1488703, 4.6058219], [-74.1487093, 4.6058232], [-74.1486144, 4.6058269], [-74.1484626, 4.6058386], [-74.1483875, 4.6058506], [-74.1482842, 4.6058713], [-74.1481964, 4.6058907], [-74.1481313, 4.6058753], [-74.1480964, 4.6058179], [-74.148073, 4.6057356], [-74.1480555, 4.6056628], [-74.1480455, 4.6055706], [-74.148075, 4.6054382], [-74.1482285, 4.6051475], [-74.1480837, 4.6050739]]}}, {"type": "Feature", "properties": {"highway": "cycleway", "cycleway": null, "name": null}, "geometry": {"type": "LineString", "coordinates": [[-74.1481876, 4.6326793], [-74.1481828, 4.632647], [-74.1481791, 4.6326147], [-74.1481641, 4.6325632], [-74.1481457, 4.6325183], [-74.1480787, 4.6324219], [-74.1478851, 4.6321809], [-74.1478305, 4.632126], [-74.1477845, 4.6320917], [-74.1477254, 4.632063], [-74.1475786, 4.6320189], [-74.1474168, 4.6319822], [-74.1471335, 4.6319571], [-74.1471031, 4.6319549], [-74.1469097, 4.6319409], [-74.1458521, 4.631851], [-74.1454845, 4.6318212], [-74.1454347, 4.6317534], [-74.1454175, 4.6317301], [-74.1453939, 4.6316986]]}}, {"type": "Feature", "properties": {"highway": "cycleway", "cycleway": null, "name": null}, "geometry": {"type": "LineString", "coordinates": [[-74.1562857, 4.643679], [-74.1563174, 4.6436792], [-74.1563174, 4.6436513], [-74.1563314, 4.6436176], [-74.1563657, 4.6435823]]}}, {"type": "Feature", "properties": {"highway": "cycleway", "cycleway": null, "name": null}, "geometry": {"type": "LineString", "coordinates": [[-74.1736138, 4.6055161], [-74.1735434, 4.6055309], [-74.1734609, 4.6055482], [-74.1734368, 4.6055375], [-74.1734287, 4.6055161], [-74.1734274, 4.6054854], [-74.1734408, 4.6054653], [-74.1735233, 4.6054479], [-74.1735923, 4.6054333], [-74.1736111, 4.6054413], [-74.1736245, 4.605464], [-74.1736232, 4.6054947], [-74.1736138, 4.6055161]]}}, {"type": "Feature", "properties": {"highway": "cycleway", "cycleway": null, "name": null}, "geometry": {"type": "LineString", "coordinates": [[-74.1683634, 4.6049173], [-74.1683808, 4.6049032], [-74.1683848, 4.6048878], [-74.1683808, 4.6048598], [-74.1683725, 4.6048445], [-74.1683483, 4.6048373], [-74.1683175, 4.6048383], [-74.1676348, 4.6049068], [-74.1676137, 4.604914], [-74.1676063, 4.6049241], [-74.1676023, 4.6049353], [-74.1676001, 4.6049586], [-74.1676038, 4.6051605], [-74.167607, 4.6051739], [-74.1676109, 4.6051837], [-74.1676191, 4.6051926], [-74.1676305, 4.6051959], [-74.1676462, 4.6051914], [-74.167699, 4.6051712], [-74.1679981, 4.6050569], [-74.1683634, 4.6049173]]}}, {"type": "Feature", "properties": {"highway": "cycleway", "cycleway": null, "name": null}, "geometry": {"type": "LineString", "coordinates": [[-74.1694853, 4.6101543], [-74.1693737, 4.6101561], [-74.1693651, 4.6101627], [-74.1693586, 4.6101742], [-74.1693578, 4.6101844], [-74.1693599, 4.6101943], [-74.1693639, 4.610201], [-74.1693724, 4.6102083], [-74.1694845, 4.6102067], [-74.1694944, 4.6102018], [-74.1695015, 4.6101934], [-74.1695048, 4.6101818], [-74.169504, 4.6101737], [-74.169497, 4.6101613], [-74.1694853, 4.6101543]]}}, {"type": "Feature", "properties": {"highway": "cycleway", "cycleway": null, "name": null}, "geometry": {"type": "LineString", "coordinates": [[-74.0924844, 4.5783247], [-74.0924238, 4.5784139], [-74.0922113, 4.5787107], [-74.0921224, 4.5788349], [-74.0916275, 4.5795263], [-74.091595, 4.5795717], [-74.0907847, 4.5806451], [-74.0903502, 4.5812225], [-74.0902599, 4.5813461], [-74.0900822, 4.5815849], [-74.0899537, 4.581781], [-74.0898948, 4.581875], [-74.0898621, 4.5819048], [-74.0898285, 4.5819207], [-74.0898014, 4.5819272], [-74.0897409, 4.582029], [-74.0896794, 4.5821325], [-74.0896596, 4.5821658], [-74.0896379, 4.5822023], [-74.0895707, 4.5823155], [-74.0895579, 4.5823157], [-74.0894972, 4.5823165], [-74.0894627, 4.582317], [-74.0894436, 4.5823173], [-74.0894399, 4.5823918], [-74.0894258, 4.58247], [-74.0893979, 4.5825417], [-74.0893633, 4.5825957], [-74.0891363, 4.5828931], [-74.0891017, 4.5829383], [-74.0886722, 4.5835144], [-74.0883436, 4.583959], [-74.0882377, 4.5840975], [-74.0880472, 4.5843604], [-74.0875829, 4.5850006], [-74.0875019, 4.5851124], [-74.0872903, 4.5854052], [-74.0868675, 4.5860234], [-74.0864462, 4.5866502], [-74.0864005, 4.5867184], [-74.0862885, 4.5868857], [-74.0861165, 4.5871427], [-74.0854774, 4.5881666]]}}, {"type": "Feature", "properties": {"highway": "cycleway", "cycleway": null, "name": null}, "geometry": {"type": "LineString", "coordinates": [[-74.0668039, 4.7050253], [-74.0668056, 4.7050352], [-74.0668055, 4.7050451], [-74.0668039, 4.7050545], [-74.0667999, 4.7050943], [-74.0667867, 4.705192], [-74.0666867, 4.7060122], [-74.0666653, 4.7061873], [-74.0665948, 4.7067658], [-74.0665738, 4.706915], [-74.0665669, 4.7069451], [-74.0665547, 4.7069734], [-74.0665382, 4.706999], [-74.0665175, 4.7070215], [-74.0664929, 4.7070405], [-74.0664658, 4.7070542], [-74.066436, 4.7070637], [-74.0664061, 4.7070681], [-74.0663627, 4.7070654], [-74.0663336, 4.7070603], [-74.0662923, 4.707051], [-74.0662468, 4.707042], [-74.0661714, 4.7070039], [-74.0661018, 4.7069581], [-74.0660732, 4.7069208], [-74.0660598, 4.706891], [-74.066056, 4.7068596], [-74.066055, 4.7068346], [-74.0660589, 4.7068022], [-74.0660704, 4.70676], [-74.0660846, 4.7067302], [-74.0661225, 4.7066589], [-74.0665807, 4.7057302], [-74.0666366, 4.705624], [-74.0666419, 4.7056146], [-74.0666457, 4.7056045], [-74.0666476, 4.7055938], [-74.0666478, 4.705583], [-74.0666463, 4.7055724], [-74.0666429, 4.7055622], [-74.0666379, 4.7055526], [-74.0665682, 4.7054048], [-74.0665331, 4.705272], [-74.0665164, 4.7052183], [-74.0664979, 4.7051513], [-74.0664908, 4.7051197], [-74.0664878, 4.7050948], [-74.0664889, 4.7050698], [-74.0664939, 4.7050452], [-74.0665027, 4.7050219], [-74.0665153, 4.7050001], [-74.0665375, 4.7049781], [-74.066563, 4.70496], [-74.0665912, 4.7049462], [-74.0666212, 4.7049372], [-74.066652, 4.7049331], [-74.0666642, 4.7049325], [-74.0667018, 4.7049386], [-74.066727, 4.7049486], [-74.0667504, 4.7049624], [-74.0667714, 4.7049794], [-74.0667897, 4.7049994], [-74.0667959, 4.7050072], [-74.0668006, 4.7050159], [-74.0668039, 4.7050253]]}}, {"type": "Feature", "properties": {"highway": "cycleway", "cycleway": null, "name": null}, "geometry": {"type": "LineString", "coordinates": [[-74.2265579, 4.5826952], [-74.2264323, 4.5827965], [-74.2263192, 4.5829377], [-74.2262603, 4.5830714], [-74.2262414, 4.5832773], [-74.2262397, 4.5834309], [-74.2262384, 4.5840616], [-74.2262361, 4.5852344], [-74.2262441, 4.5853012], [-74.226283, 4.585372], [-74.2263393, 4.5854095], [-74.2264238, 4.5854188], [-74.2264815, 4.5854162], [-74.2265079, 4.5854733], [-74.226585, 4.5857281], [-74.226617, 4.585757], [-74.2264855, 4.5858827], [-74.2263876, 4.585987], [-74.2263291, 4.58611], [-74.226276, 4.5862543], [-74.2262628, 4.5869356], [-74.2262616, 4.5870203], [-74.2262589, 4.5881249], [-74.2262577, 4.5882127], [-74.2262569, 4.5892271], [-74.2262508, 4.5898463], [-74.2262237, 4.5905887], [-74.2262167, 4.5907233], [-74.2262161, 4.5907621], [-74.2262004, 4.5918226], [-74.2262028, 4.5918957], [-74.2262025, 4.5920574], [-74.2261865, 4.5927151], [-74.2261637, 4.5932738], [-74.2261535, 4.5934614], [-74.2261408, 4.5936953], [-74.2261386, 4.5937384], [-74.2261354, 4.5938034], [-74.226114, 4.5951107], [-74.2260774, 4.5951859]]}}, {"type": "Feature", "properties": {"highway": "cycleway", "cycleway": null, "name": null}, "geometry": {"type": "LineString", "coordinates": [[-74.118602, 4.6774155], [-74.1186573, 4.6775312], [-74.1188698, 4.6778662]]}}, {"type": "Feature", "properties": {"highway": "cycleway", "cycleway": null, "name": null}, "geometry": {"type": "LineString", "coordinates": [[-74.2210462, 4.5981313], [-74.2209358, 4.5981025], [-74.2208067, 4.5980875], [-74.2207024, 4.5981031], [-74.2205982, 4.5981374], [-74.2192562, 4.5988267], [-74.2181858, 4.5993796], [-74.2171271, 4.5999186], [-74.2169844, 4.5999907], [-74.2169456, 4.6000109], [-74.2168478, 4.6000616], [-74.2167816, 4.600096], [-74.21664, 4.6001694], [-74.2164692, 4.6002573], [-74.2164381, 4.6002752], [-74.2151456, 4.600942]]}}, {"type": "Feature", "properties": {"highway": "cycleway", "cycleway": null, "name": null}, "geometry": {"type": "LineString", "coordinates": [[-74.2166209, 4.5996254], [-74.2167683, 4.599551], [-74.2167911, 4.5995321], [-74.2168027, 4.5995054], [-74.2168077, 4.5994682], [-74.2167895, 4.5994236], [-74.2167783, 4.5993994], [-74.2165941, 4.5990006], [-74.2165851, 4.5989762], [-74.2164994, 4.598682], [-74.2163968, 4.5982478], [-74.216385, 4.5981654], [-74.2163576, 4.5978241], [-74.216349, 4.5978025], [-74.2163358, 4.5977849], [-74.2163054, 4.5977537], [-74.2163012, 4.5977129], [-74.2163003, 4.5976644], [-74.2163216, 4.597622], [-74.2163316, 4.5975821], [-74.2163399, 4.5975314], [-74.2163565, 4.597404], [-74.2164292, 4.5972464], [-74.2164745, 4.5971654], [-74.2165059, 4.5970698], [-74.2165358, 4.5968592], [-74.2165781, 4.5968406], [-74.2166227, 4.5968407]]}}, {"type": "Feature", "properties": {"highway": "cycleway", "cycleway": null, "name": null}, "geometry": {"type": "LineString", "coordinates": [[-74.203789, 4.5988052], [-74.2039235, 4.5988428], [-74.2040657, 4.5988775], [-74.204173, 4.598915], [-74.2042665, 4.5990095]]}}, {"type": "Feature", "properties": {"highway": "cycleway", "cycleway": null, "name": "Alameda El Porvenir"}, "geometry": {"type": "LineString", "coordinates": [[-74.2030414, 4.5942378], [-74.2030032, 4.5932787], [-74.2029877, 4.5928743], [-74.2029159, 4.5927308], [-74.2028167, 4.5926172], [-74.2023911, 4.5924058], [-74.2021942, 4.5922159], [-74.2021465, 4.5921657], [-74.2020955, 4.5921256], [-74.201917, 4.5919615], [-74.2018214, 4.5918738], [-74.2013548, 4.5915173], [-74.200953, 4.5913424], [-74.1990326, 4.5904984], [-74.1985584, 4.5902355]]}}, {"type": "Feature", "properties": {"highway": "cycleway", "cycleway": null, "name": null}, "geometry": {"type": "LineString", "coordinates": [[-74.200595, 4.5923557], [-74.2006178, 4.5922661], [-74.2006124, 4.5922474], [-74.2006043, 4.592238], [-74.2005896, 4.5922287], [-74.2005762, 4.5922274], [-74.2005601, 4.59223], [-74.200544, 4.5922434], [-74.2005199, 4.5923343], [-74.2005252, 4.5923517], [-74.2005413, 4.5923597], [-74.2005655, 4.5923664], [-74.2005762, 4.5923624], [-74.200595, 4.5923557]]}}, {"type": "Feature", "properties": {"highway": "cycleway", "cycleway": null, "name": null}, "geometry": {"type": "LineString", "coordinates": [[-74.1198061, 4.6072461], [-74.1201677, 4.6080279], [-74.1202307, 4.6081639], [-74.1202947, 4.608302], [-74.1206777, 4.6091103], [-74.1207881, 4.6093525], [-74.1212067, 4.6102299], [-74.1213745, 4.6106052], [-74.1215831, 4.6108893], [-74.1218385, 4.6111937], [-74.1220995, 4.6115509], [-74.1222342, 4.6117512], [-74.1222532, 4.6117812], [-74.1222803, 4.611823]]}}, {"type": "Feature", "properties": {"highway": "cycleway", "cycleway": null, "name": null}, "geometry": {"type": "LineString", "coordinates": [[-74.1196621, 4.6070717], [-74.1198061, 4.6072461]]}}, {"type": "Feature", "properties": {"highway": "cycleway", "cycleway": null, "name": null}, "geometry": {"type": "LineString", "coordinates": [[-74.1165693, 4.6014089], [-74.1166053, 4.6014473], [-74.1175932, 4.6029681], [-74.1180794, 4.6037269], [-74.1181964, 4.6039208], [-74.1183047, 4.6041448], [-74.1185507, 4.6046609], [-74.1190972, 4.6058805], [-74.1192147, 4.6061371], [-74.1192416, 4.6061958], [-74.1192978, 4.6063137], [-74.1193097, 4.606344], [-74.1193515, 4.6064279], [-74.1196383, 4.607022], [-74.1196621, 4.6070717]]}}, {"type": "Feature", "properties": {"highway": "cycleway", "cycleway": null, "name": null}, "geometry": {"type": "LineString", "coordinates": [[-74.1163722, 4.6011573], [-74.1165693, 4.6014089]]}}, {"type": "Feature", "properties": {"highway": "cycleway", "cycleway": null, "name": null}, "geometry": {"type": "LineString", "coordinates": [[-74.1128109, 4.5961501], [-74.1125403, 4.5962589], [-74.1124622, 4.5962883], [-74.1119046, 4.5965424], [-74.1114984, 4.5967422], [-74.1109949, 4.5969861], [-74.1105418, 4.5972055], [-74.1104968, 4.5972273]]}}, {"type": "Feature", "properties": {"highway": "cycleway", "cycleway": null, "name": null}, "geometry": {"type": "LineString", "coordinates": [[-74.1281977, 4.6095287], [-74.1270429, 4.60997]]}}, {"type": "Feature", "properties": {"highway": "cycleway", "cycleway": null, "name": null}, "geometry": {"type": "LineString", "coordinates": [[-74.1219799, 4.61194], [-74.1219366, 4.6119583], [-74.1215369, 4.61211], [-74.1210645, 4.6122824], [-74.1199921, 4.6126952], [-74.1197371, 4.6127971], [-74.1191875, 4.6130011], [-74.1191444, 4.6130176], [-74.1181412, 4.6133946], [-74.1171873, 4.6137623], [-74.1165981, 4.6139887], [-74.1164105, 4.6140622], [-74.1163099, 4.6140996], [-74.1161008, 4.6141786], [-74.1160378, 4.6142029], [-74.1159804, 4.6142145], [-74.1159336, 4.614213], [-74.115882, 4.6141935], [-74.115836, 4.6141601]]}}, {"type": "Feature", "properties": {"highway": "cycleway", "cycleway": null, "name": null}, "geometry": {"type": "LineString", "coordinates": [[-74.1222211, 4.6118459], [-74.1219799, 4.61194]]}}, {"type": "Feature", "properties": {"highway": "cycleway", "cycleway": null, "name": null}, "geometry": {"type": "LineString", "coordinates": [[-74.136664, 4.6257464], [-74.1366763, 4.6256636], [-74.1366808, 4.6256332], [-74.1366891, 4.6255771], [-74.136701, 4.6255438], [-74.1367167, 4.6255057], [-74.1367398, 4.6254673], [-74.1367521, 4.6254335], [-74.1368462, 4.6244263], [-74.1369289, 4.6236652], [-74.136979, 4.6231103], [-74.1370602, 4.6222475], [-74.1371428, 4.6213549], [-74.1371557, 4.6212155], [-74.1371634, 4.6210804], [-74.1371557, 4.6209944], [-74.1371588, 4.6209237], [-74.1371793, 4.6207487], [-74.1372095, 4.6205358], [-74.1372111, 4.6205021], [-74.137209, 4.6204894], [-74.1371965, 4.620476], [-74.1371845, 4.6204713], [-74.1371664, 4.6204667], [-74.1371009, 4.6204575], [-74.1370327, 4.620451], [-74.1367639, 4.6204246], [-74.1350598, 4.6202578], [-74.1341347, 4.6201651], [-74.1341093, 4.6201803], [-74.1340789, 4.6201897], [-74.1340463, 4.6201908], [-74.1340313, 4.6201994], [-74.1340275, 4.6202079], [-74.1340241, 4.6202153], [-74.1340206, 4.620242], [-74.1340147, 4.6202851], [-74.1340019, 4.6203037], [-74.1339871, 4.6203111], [-74.1339785, 4.6203258], [-74.1339715, 4.6203968], [-74.1338667, 4.6214622], [-74.1334899, 4.6252156], [-74.1334974, 4.6252375], [-74.1335121, 4.6252509], [-74.133547, 4.6252562], [-74.1337882, 4.6252761], [-74.1338002, 4.6252775], [-74.1338111, 4.6252828], [-74.1338203, 4.6252916], [-74.1338236, 4.6253014], [-74.1338205, 4.6253362]]}}, {"type": "Feature", "properties": {"highway": "cycleway", "cycleway": null, "name": null}, "geometry": {"type": "LineString", "coordinates": [[-74.0844345, 4.7441978], [-74.0844627, 4.7442054], [-74.0851558, 4.7443929], [-74.0852448, 4.7444199], [-74.0854062, 4.7444657], [-74.0855927, 4.744528], [-74.0862784, 4.7447273], [-74.0869786, 4.7449384], [-74.0876085, 4.7451314], [-74.0880458, 4.7452597], [-74.0885461, 4.7454061], [-74.0888066, 4.7454807], [-74.0891389, 4.7455847], [-74.0891911, 4.7456018], [-74.0896014, 4.745742], [-74.08976, 4.7458089], [-74.0898352, 4.7458615], [-74.0898897, 4.745911], [-74.0899978, 4.7460135], [-74.0900913, 4.7461148], [-74.0901296, 4.7461571], [-74.0902072, 4.7462282], [-74.0903007, 4.7462991], [-74.0903881, 4.7463457], [-74.0910222, 4.7465886]]}}, {"type": "Feature", "properties": {"highway": "cycleway", "cycleway": null, "name": null}, "geometry": {"type": "LineString", "coordinates": [[-74.0945439, 4.7494294], [-74.0942049, 4.7492736], [-74.0929604, 4.7487025]]}}, {"type": "Feature", "properties": {"highway": "cycleway", "cycleway": null, "name": null}, "geometry": {"type": "LineString", "coordinates": [[-74.0910467, 4.7465262], [-74.0909616, 4.7464934], [-74.0907668, 4.7464181], [-74.0904505, 4.7463011], [-74.0903386, 4.746247], [-74.0902271, 4.7461553], [-74.0901688, 4.7460982], [-74.0900378, 4.7459701], [-74.089944, 4.7458802], [-74.0898644, 4.745815], [-74.0897918, 4.7457603], [-74.0896909, 4.7457091], [-74.0895721, 4.7456645], [-74.0891561, 4.7455251], [-74.0886469, 4.7453723], [-74.0880652, 4.7451943], [-74.0874772, 4.7450108], [-74.0866278, 4.7447568], [-74.0854775, 4.7444129], [-74.084478, 4.7441284], [-74.0844464, 4.7441195]]}}, {"type": "Feature", "properties": {"highway": "cycleway", "cycleway": null, "name": null}, "geometry": {"type": "LineString", "coordinates": [[-74.1365618, 4.6256213], [-74.1357804, 4.6255442], [-74.1353181, 4.6254985], [-74.1342244, 4.6253905], [-74.1338892, 4.6253574], [-74.1338201, 4.6253506]]}}, {"type": "Feature", "properties": {"highway": "cycleway", "cycleway": null, "name": "Carrera 8A Este"}, "geometry": {"type": "LineString", "coordinates": [[-74.2496423, 4.723925], [-74.2495996, 4.7240021], [-74.2495416, 4.7240834], [-74.2494612, 4.7241422], [-74.2493726, 4.7242465], [-74.2493807, 4.7243053], [-74.2493673, 4.7243775], [-74.2493244, 4.7244443], [-74.2492251, 4.7244844], [-74.2491956, 4.7245512], [-74.2491071, 4.7246688], [-74.2490173, 4.7247931], [-74.248895, 4.7249203], [-74.2487927, 4.7248895], [-74.2487222, 4.7249404], [-74.2486693, 4.7250089], [-74.248682, 4.7250878], [-74.2485194, 4.7251672], [-74.2482911, 4.7252834], [-74.2480363, 4.7253609], [-74.247878, 4.7254679], [-74.2477144, 4.7255427]]}}, {"type": "Feature", "properties": {"highway": "cycleway", "cycleway": null, "name": null}, "geometry": {"type": "LineString", "coordinates": [[-74.1425493, 4.6269701], [-74.1425843, 4.626955], [-74.1425995, 4.6269375], [-74.14261, 4.6269126], [-74.1426924, 4.6262425], [-74.142777, 4.6255836], [-74.1428337, 4.625095], [-74.1428839, 4.6246635], [-74.142889, 4.6246189], [-74.1429818, 4.6238017], [-74.143001, 4.6236364], [-74.1430089, 4.623591], [-74.1430154, 4.6235697], [-74.1430212, 4.6235593], [-74.1430315, 4.6235419], [-74.1430498, 4.6235172], [-74.1430867, 4.6234831], [-74.1432846, 4.6232811], [-74.1442148, 4.6222562]]}}, {"type": "Feature", "properties": {"highway": "cycleway", "cycleway": null, "name": null}, "geometry": {"type": "LineString", "coordinates": [[-74.1481627, 4.6295891], [-74.1481923, 4.6296206], [-74.1482661, 4.6296983], [-74.1482852, 4.6297183], [-74.1483646, 4.6297993], [-74.1484044, 4.6298437], [-74.1488158, 4.6302767], [-74.149256, 4.6307052], [-74.1494894, 4.6309351], [-74.1495565, 4.6309859], [-74.1496262, 4.6310327], [-74.1497308, 4.6310674], [-74.1498703, 4.6310875], [-74.1500366, 4.6310915], [-74.150336, 4.6310937], [-74.150506, 4.6311008], [-74.1506341, 4.6311071], [-74.1508231, 4.6311165], [-74.151527, 4.6311837], [-74.1520026, 4.6312492], [-74.1525506, 4.6312894], [-74.1526222, 4.6312947], [-74.1532136, 4.6313388], [-74.1534376, 4.6313628], [-74.1534817, 4.631363], [-74.153507, 4.6313578], [-74.1535524, 4.6313446], [-74.1535871, 4.6313314], [-74.1536234, 4.6313338], [-74.1536631, 4.6313364], [-74.1540787, 4.6313642], [-74.1542245, 4.6313555], [-74.1542918, 4.6313461], [-74.1543442, 4.6313308], [-74.1544137, 4.6313003], [-74.1545289, 4.6312374], [-74.1546433, 4.6311784], [-74.1547024, 4.6311423], [-74.1547438, 4.6311062], [-74.1548927, 4.6309391], [-74.1552185, 4.6305845], [-74.1554404, 4.6303434], [-74.1555594, 4.6302124], [-74.1566939, 4.6289552], [-74.1569883, 4.6286321], [-74.1570042, 4.6286144], [-74.1570484, 4.6285645], [-74.1579226, 4.6275992], [-74.1579339, 4.627587], [-74.1584794, 4.6269956], [-74.1586595, 4.6267956], [-74.1587055, 4.6267445], [-74.1587343, 4.6267126], [-74.1587974, 4.6266426], [-74.158835, 4.626587]]}}, {"type": "Feature", "properties": {"highway": "cycleway", "cycleway": null, "name": null}, "geometry": {"type": "LineString", "coordinates": [[-74.1481627, 4.6295891], [-74.1481299, 4.6296329], [-74.1480686, 4.6297144], [-74.1480241, 4.6297743], [-74.1480083, 4.6298601], [-74.1479919, 4.6300184], [-74.1479779, 4.6301371], [-74.1479596, 4.6302124], [-74.1479336, 4.6303], [-74.1478962, 4.6303745], [-74.1478425, 4.6304466], [-74.1477818, 4.6305095], [-74.1474479, 4.6308025]]}}, {"type": "Feature", "properties": {"highway": "cycleway", "cycleway": null, "name": null}, "geometry": {"type": "LineString", "coordinates": [[-74.1525204, 4.6163092], [-74.1522983, 4.6159782], [-74.1521329, 4.6157316], [-74.1519753, 4.6154968], [-74.1518176, 4.6152618], [-74.1516523, 4.6150154], [-74.1509955, 4.6140436], [-74.1509764, 4.6140156], [-74.1509661, 4.6140007], [-74.150943, 4.6139675], [-74.150926, 4.613942], [-74.1508629, 4.6138499], [-74.1508396, 4.6138158], [-74.1508081, 4.6137694], [-74.15079, 4.6137434], [-74.1503604, 4.613109], [-74.1502713, 4.6129774], [-74.150235, 4.6129238], [-74.1501029, 4.6127289], [-74.150096, 4.6127186], [-74.1499447, 4.6124949], [-74.1497964, 4.612276], [-74.1496521, 4.6120631], [-74.1495144, 4.611859], [-74.1494551, 4.6117712], [-74.1493625, 4.6116334], [-74.1492571, 4.6114764], [-74.1486284, 4.6105406], [-74.14781, 4.6093459], [-74.1477857, 4.6093103], [-74.1477508, 4.609251]]}}, {"type": "Feature", "properties": {"highway": "cycleway", "cycleway": null, "name": null}, "geometry": {"type": "LineString", "coordinates": [[-74.1565492, 4.6244933], [-74.156604, 4.6245435], [-74.1569, 4.6248145], [-74.1575606, 4.6254087], [-74.157622, 4.6254675], [-74.15786, 4.6256954], [-74.1581863, 4.6259957], [-74.158519, 4.626302], [-74.158835, 4.626587]]}}, {"type": "Feature", "properties": {"highway": "cycleway", "cycleway": null, "name": null}, "geometry": {"type": "LineString", "coordinates": [[-74.1596606, 4.6157401], [-74.1589507, 4.6158494], [-74.1580926, 4.6160073], [-74.1578105, 4.6160555], [-74.1575023, 4.6161193], [-74.1574519, 4.6161309], [-74.1563502, 4.6163049], [-74.1558368, 4.6163918]]}}, {"type": "Feature", "properties": {"highway": "cycleway", "cycleway": null, "name": "Alameda el Porvenir"}, "geometry": {"type": "LineString", "coordinates": [[-74.178523, 4.6434203], [-74.1785554, 4.6434001], [-74.1785749, 4.6433735], [-74.1785749, 4.6433489], [-74.1784075, 4.643012], [-74.1784033, 4.6429874], [-74.178414, 4.6429618], [-74.1786908, 4.6428463], [-74.1787144, 4.6428484], [-74.1787337, 4.6428591], [-74.1788431, 4.6430794], [-74.1788893, 4.6431585], [-74.1789365, 4.6431896], [-74.1790272, 4.6431605], [-74.1791101, 4.6431302], [-74.1792117, 4.6431106], [-74.1793359, 4.6431202], [-74.1794214, 4.6431107], [-74.1794881, 4.6430852], [-74.1797398, 4.6429484], [-74.179842, 4.6428929], [-74.1802872, 4.6426658], [-74.1804669, 4.6425652], [-74.1805807, 4.6424642], [-74.1806996, 4.6423437], [-74.1808802, 4.6421323], [-74.1809978, 4.6419925], [-74.181157, 4.6418547], [-74.1813482, 4.6417196], [-74.1815339, 4.6416197], [-74.1817407, 4.6415312], [-74.1820498, 4.6412852], [-74.1822305, 4.6410643], [-74.182381, 4.6408064], [-74.1824874, 4.640667], [-74.1826226, 4.6405777], [-74.1827231, 4.6405341], [-74.1827706, 4.6404963], [-74.1827766, 4.6404785], [-74.1827952, 4.6404318], [-74.1828077, 4.6403859], [-74.1828104, 4.640365], [-74.1828153, 4.6403335], [-74.1828176, 4.6403183], [-74.1828367, 4.6402111], [-74.18297, 4.6393661], [-74.1830054, 4.6391581], [-74.1830273, 4.6390291], [-74.1830496, 4.6389121], [-74.1830841, 4.6388136], [-74.1831286, 4.6387501], [-74.1832204, 4.6386773], [-74.1837069, 4.6384449], [-74.1837632, 4.6384214], [-74.1838543, 4.6383831], [-74.1841373, 4.6382998], [-74.1842549, 4.638253], [-74.1843277, 4.6382111], [-74.1843736, 4.6381639], [-74.1846108, 4.6380292], [-74.1849726, 4.6378238], [-74.1853556, 4.6376344], [-74.1854417, 4.6376025], [-74.1854975, 4.6375762], [-74.1855313, 4.6375602], [-74.1855604, 4.6375465], [-74.1863853, 4.6371359], [-74.1869409, 4.6368594], [-74.1870517, 4.6368074], [-74.1870608, 4.6368032], [-74.1870821, 4.6367934], [-74.1871405, 4.6367666], [-74.187303, 4.6366918], [-74.1875082, 4.6365974], [-74.1875639, 4.6365829], [-74.1876222, 4.6365737], [-74.1877711, 4.6365608], [-74.1878048, 4.6365526], [-74.1878358, 4.6365418], [-74.1882797, 4.6363386], [-74.1891381, 4.6359456]]}}, {"type": "Feature", "properties": {"highway": "cycleway", "cycleway": null, "name": null}, "geometry": {"type": "LineString", "coordinates": [[-74.1619147, 4.6046212], [-74.1619538, 4.6040791], [-74.1619934, 4.6035301], [-74.162002, 4.6034116], [-74.1620135, 4.6032527], [-74.1620232, 4.6031174], [-74.1620401, 4.6029168], [-74.1620668, 4.6026006], [-74.1620893, 4.6023324], [-74.1620998, 4.6022081], [-74.1621099, 4.6020738], [-74.1621314, 4.6017862], [-74.1621506, 4.6015309], [-74.1621714, 4.6012537], [-74.1622444, 4.6004232], [-74.1622687, 4.6000681], [-74.1623281, 4.5998749], [-74.1623659, 4.5997627]]}}, {"type": "Feature", "properties": {"highway": "cycleway", "cycleway": null, "name": null}, "geometry": {"type": "LineString", "coordinates": [[-74.1616768, 4.6046097], [-74.1617135, 4.6036218], [-74.1617248, 4.6033913]]}}, {"type": "Feature", "properties": {"highway": "cycleway", "cycleway": null, "name": null}, "geometry": {"type": "LineString", "coordinates": [[-74.165384, 4.5960523], [-74.1654746, 4.5960388], [-74.1655428, 4.5960401], [-74.1663149, 4.5961328], [-74.1668076, 4.596192], [-74.1670712, 4.5962164], [-74.1672853, 4.5962341], [-74.1673437, 4.5962429], [-74.1673756, 4.5962641], [-74.1673869, 4.5962813], [-74.1673986, 4.5962993], [-74.1674092, 4.596354], [-74.1674004, 4.5964435]]}}, {"type": "Feature", "properties": {"highway": "cycleway", "cycleway": null, "name": null}, "geometry": {"type": "LineString", "coordinates": [[-74.1607928, 4.624435], [-74.1609036, 4.6243146], [-74.1617042, 4.6234515], [-74.1618511, 4.6232939], [-74.1620059, 4.6231389], [-74.1620875, 4.6230703], [-74.1622366, 4.6229592], [-74.1628478, 4.6225887], [-74.1630715, 4.62246], [-74.1632487, 4.6223518]]}}, {"type": "Feature", "properties": {"highway": "cycleway", "cycleway": null, "name": null}, "geometry": {"type": "LineString", "coordinates": [[-74.1616983, 4.6196608], [-74.161736, 4.6197263], [-74.1619471, 4.6200931], [-74.1621641, 4.62047], [-74.162377, 4.6208399], [-74.1626001, 4.6212273], [-74.1628227, 4.6216141], [-74.1632487, 4.6223518]]}}, {"type": "Feature", "properties": {"highway": "cycleway", "cycleway": null, "name": null}, "geometry": {"type": "LineString", "coordinates": [[-74.1614415, 4.6077011], [-74.1614215, 4.6078331], [-74.1614098, 4.6079182], [-74.1613779, 4.6081212], [-74.1613552, 4.6082709], [-74.1612206, 4.6095664], [-74.1612059, 4.6097082], [-74.1611575, 4.610413], [-74.1611352, 4.6107368]]}}, {"type": "Feature", "properties": {"highway": "cycleway", "cycleway": null, "name": null}, "geometry": {"type": "LineString", "coordinates": [[-74.171715, 4.6165472], [-74.1721773, 4.6162128], [-74.1726356, 4.6158743], [-74.1726951, 4.6158304], [-74.1727471, 4.6157941], [-74.1728033, 4.6157534], [-74.1734057, 4.615317], [-74.1734912, 4.6152566], [-74.1735974, 4.6151836], [-74.1739879, 4.614911], [-74.1742233, 4.6147466], [-74.1744885, 4.6145468]]}}, {"type": "Feature", "properties": {"highway": "cycleway", "cycleway": null, "name": null}, "geometry": {"type": "LineString", "coordinates": [[-74.1292262, 4.5710053], [-74.1292385, 4.5709845], [-74.129271, 4.570959], [-74.1293184, 4.5709386], [-74.1293761, 4.570926], [-74.129444, 4.57092], [-74.129946, 4.570851], [-74.130045, 4.570827], [-74.1300857, 4.5708086], [-74.1302263, 4.570701], [-74.130338, 4.570663], [-74.13036, 4.570652], [-74.1303785, 4.5706455], [-74.1307378, 4.5705242], [-74.1310135, 4.5704141], [-74.1315983, 4.5701559], [-74.131945, 4.570018], [-74.1319845, 4.5700034], [-74.1319982, 4.5699984], [-74.1320285, 4.5699872], [-74.132871, 4.569676], [-74.133734, 4.569324], [-74.1343097, 4.569092]]}}, {"type": "Feature", "properties": {"highway": "cycleway", "cycleway": null, "name": null}, "geometry": {"type": "LineString", "coordinates": [[-74.1307511, 4.5765327], [-74.1307233, 4.576525], [-74.1306994, 4.5765119], [-74.1306795, 4.5764872], [-74.1306646, 4.5764462], [-74.1304195, 4.5756039], [-74.1304146, 4.5755869], [-74.1304035, 4.5755488], [-74.130339, 4.575327], [-74.1301003, 4.5744642], [-74.1300497, 4.5742812], [-74.1296884, 4.5729941], [-74.1296022, 4.5726741], [-74.1294397, 4.5720957], [-74.1293883, 4.5719128], [-74.1293839, 4.5719], [-74.1293434, 4.5717594], [-74.1292965, 4.5715964], [-74.129238, 4.571393], [-74.1291978, 4.5711986], [-74.1291951, 4.5711296], [-74.129203, 4.571064], [-74.1292112, 4.5710307], [-74.1292262, 4.5710053]]}}, {"type": "Feature", "properties": {"highway": "cycleway", "cycleway": null, "name": null}, "geometry": {"type": "LineString", "coordinates": [[-74.1389448, 4.5723711], [-74.1389877, 4.5724095], [-74.1390355, 4.5724676], [-74.1390692, 4.5725373], [-74.1390844, 4.572636], [-74.1390774, 4.5727115], [-74.1390578, 4.5727981], [-74.1389944, 4.5729144], [-74.138908, 4.5730209], [-74.1388006, 4.5731164], [-74.1386876, 4.5732], [-74.1386042, 4.5732512], [-74.138528, 4.5732958], [-74.13842, 4.5733575], [-74.1382992, 4.5734191], [-74.1376343, 4.573736], [-74.1373351, 4.5738661], [-74.1370646, 4.5739713], [-74.1369331, 4.5740309], [-74.1367973, 4.574085], [-74.1362292, 4.574304], [-74.1354347, 4.5746316], [-74.1352099, 4.5747259], [-74.1351419, 4.5747544], [-74.1349137, 4.5748502], [-74.134834, 4.5748822], [-74.1343421, 4.5750805], [-74.1333969, 4.5754649], [-74.1330756, 4.575619], [-74.1328988, 4.5756909], [-74.1322467, 4.5759559], [-74.1322141, 4.5759709], [-74.1321888, 4.5759854], [-74.1321715, 4.575996], [-74.1321202, 4.5760443], [-74.1320781, 4.5760845], [-74.1320575, 4.5760978], [-74.1320234, 4.576111], [-74.1319888, 4.5761219], [-74.1319363, 4.5761342], [-74.1316994, 4.5761895], [-74.1316629, 4.576198], [-74.1316068, 4.5762122], [-74.1312467, 4.5763549], [-74.1308187, 4.5765231], [-74.1307835, 4.5765322], [-74.1307511, 4.5765327]]}}, {"type": "Feature", "properties": {"highway": "cycleway", "cycleway": null, "name": null}, "geometry": {"type": "LineString", "coordinates": [[-74.1611187, 4.612059], [-74.161147, 4.6123168], [-74.1611882, 4.6126165], [-74.1611913, 4.6126388], [-74.1612641, 4.6129462], [-74.1613575, 4.6132581], [-74.1615769, 4.6137732], [-74.1616496, 4.6138991], [-74.1617177, 4.6140169], [-74.1621539, 4.6147589], [-74.1623185, 4.6150606]]}}, {"type": "Feature", "properties": {"highway": "cycleway", "cycleway": null, "name": null}, "geometry": {"type": "LineString", "coordinates": [[-74.1663619, 4.6489381], [-74.166493, 4.6491067], [-74.1667009, 4.6493555], [-74.1669983, 4.6496948], [-74.1670649, 4.6497678], [-74.1671463, 4.6498572], [-74.1672586, 4.6499804], [-74.1674743, 4.6501938], [-74.1677192, 4.6504072], [-74.1678656, 4.6505239], [-74.1680643, 4.6506376], [-74.1681287, 4.6506813], [-74.168206, 4.650745], [-74.1682415, 4.650808], [-74.168263, 4.6508817], [-74.1682861, 4.6509201], [-74.1683308, 4.6509534], [-74.1683755, 4.6509769], [-74.1684232, 4.6509784], [-74.1684664, 4.6509723], [-74.1685157, 4.6509615], [-74.1685804, 4.6509677], [-74.1686389, 4.6509861], [-74.1687267, 4.6510352], [-74.1687856, 4.6510725], [-74.1689021, 4.6511463], [-74.1690333, 4.6512226], [-74.1691658, 4.6512824], [-74.1692714, 4.651324], [-74.1693845, 4.6513638], [-74.1695147, 4.6513931], [-74.1696295, 4.6514099], [-74.1697727, 4.6514191], [-74.16987, 4.6514146], [-74.1700192, 4.6514053], [-74.170201, 4.6513884], [-74.1702931, 4.6513655], [-74.1703797, 4.6513285], [-74.1704783, 4.6512702], [-74.1705063, 4.6512621], [-74.1705463, 4.6512529], [-74.1705909, 4.6512489], [-74.1706423, 4.6512569], [-74.1706877, 4.6512712], [-74.1707171, 4.6512855], [-74.1707787, 4.6513362], [-74.1712853, 4.6518904], [-74.1717025, 4.6523357]]}}, {"type": "Feature", "properties": {"highway": "cycleway", "cycleway": null, "name": null}, "geometry": {"type": "LineString", "coordinates": [[-74.170339, 4.6508676], [-74.1697243, 4.6501854], [-74.1690247, 4.6494089], [-74.1684522, 4.6487735], [-74.1683637, 4.6486753], [-74.1681115, 4.6483916], [-74.1679173, 4.6481799], [-74.167891, 4.6481378], [-74.1678723, 4.6480923], [-74.1678293, 4.6480121], [-74.1676921, 4.6478503]]}}, {"type": "Feature", "properties": {"highway": "cycleway", "cycleway": null, "name": "Alameda el Porvenir"}, "geometry": {"type": "LineString", "coordinates": [[-74.1716657, 4.6462246], [-74.171708, 4.6462066], [-74.1717535, 4.6461949], [-74.1723698, 4.6460713], [-74.1732781, 4.6456948], [-74.1734516, 4.6456299], [-74.1735263, 4.6455936], [-74.1737102, 4.6455628], [-74.1739136, 4.6455338], [-74.1740435, 4.645507], [-74.174184, 4.6454463], [-74.1743176, 4.6453834], [-74.1746305, 4.6452038], [-74.1747528, 4.6451357], [-74.1748295, 4.6450931], [-74.1749506, 4.645026], [-74.1756819, 4.6446187], [-74.1757627, 4.6445814], [-74.175837, 4.6445655], [-74.1759291, 4.6445638], [-74.1759759, 4.6445675]]}}, {"type": "Feature", "properties": {"highway": "cycleway", "cycleway": null, "name": null}, "geometry": {"type": "LineString", "coordinates": [[-74.1716945, 4.6340767], [-74.1722174, 4.6350444]]}}, {"type": "Feature", "properties": {"highway": "cycleway", "cycleway": null, "name": null}, "geometry": {"type": "LineString", "coordinates": [[-74.18537, 4.6269832], [-74.1847665, 4.6272595], [-74.184557, 4.6273487], [-74.184333, 4.6274523], [-74.184174, 4.6275279], [-74.1840596, 4.6275908], [-74.1839226, 4.6276735], [-74.1837979, 4.6277474], [-74.1832708, 4.6280373], [-74.1821832, 4.6284929], [-74.1813627, 4.6288718], [-74.1805987, 4.6292308], [-74.1805273, 4.629286], [-74.1804659, 4.6293329], [-74.1796459, 4.6297108], [-74.1788516, 4.630083], [-74.1785662, 4.6302193], [-74.1783192, 4.6303412], [-74.1780325, 4.6304828], [-74.1780036, 4.6304988], [-74.178119, 4.6307461], [-74.1785015, 4.6315653], [-74.1785092, 4.631593], [-74.178511, 4.6316123], [-74.1785122, 4.6316191], [-74.1785061, 4.6316452], [-74.1784948, 4.6316509], [-74.1778052, 4.6319976], [-74.1776085, 4.6320855], [-74.177543, 4.6321151], [-74.1769607, 4.6323785], [-74.1763239, 4.632668], [-74.1762953, 4.6326819], [-74.1762649, 4.6326968], [-74.1749571, 4.6333414], [-74.1741554, 4.6337418], [-74.1738593, 4.633897]]}}, {"type": "Feature", "properties": {"highway": "cycleway", "cycleway": null, "name": null}, "geometry": {"type": "LineString", "coordinates": [[-74.1924378, 4.629779], [-74.1924755, 4.6298436], [-74.1925451, 4.6299588], [-74.1927737, 4.6303561], [-74.1932845, 4.6312436], [-74.1938288, 4.6321894], [-74.1944101, 4.6331994], [-74.1945006, 4.6333567]]}}, {"type": "Feature", "properties": {"highway": "cycleway", "cycleway": null, "name": null}, "geometry": {"type": "LineString", "coordinates": [[-74.1951284, 4.6344275], [-74.195179, 4.6345077], [-74.1957207, 4.6354485], [-74.196241, 4.6363454], [-74.196459, 4.6367212], [-74.1969942, 4.6376437], [-74.1971447, 4.6379033], [-74.1977182, 4.6388909], [-74.1981247, 4.6395907], [-74.1982665, 4.6398348], [-74.1984015, 4.6400673], [-74.1985305, 4.6402894], [-74.1989166, 4.640954], [-74.1994393, 4.6418539]]}}, {"type": "Feature", "properties": {"highway": "cycleway", "cycleway": null, "name": null}, "geometry": {"type": "LineString", "coordinates": [[-74.201864, 4.6401867], [-74.201932, 4.6401508], [-74.2018306, 4.6399602], [-74.2013512, 4.6390625], [-74.2012384, 4.6388495], [-74.2008434, 4.6381149], [-74.2005769, 4.637614], [-74.200203, 4.636918], [-74.1999559, 4.6364717], [-74.1997235, 4.6360302], [-74.1995575, 4.6357148], [-74.1994741, 4.6355572], [-74.1992553, 4.6351438], [-74.199006, 4.6346857], [-74.1988071, 4.6343222], [-74.1987661, 4.6342476], [-74.1984472, 4.6336669], [-74.1983257, 4.6334453], [-74.1983113, 4.6334018], [-74.198303, 4.6333472], [-74.1983099, 4.6332954], [-74.1983272, 4.6332455]]}}, {"type": "Feature", "properties": {"highway": "cycleway", "cycleway": null, "name": null}, "geometry": {"type": "LineString", "coordinates": [[-74.1847306, 4.6159667], [-74.1847401, 4.6159785], [-74.1851618, 4.6165021], [-74.1854946, 4.6169282], [-74.1855466, 4.6169973], [-74.185563, 4.6170192], [-74.1856819, 4.6171616], [-74.1858492, 4.617361], [-74.1860818, 4.6176473], [-74.1862487, 4.6178519], [-74.1864583, 4.6181004], [-74.1865181, 4.6181552], [-74.1865782, 4.6181964], [-74.1866627, 4.6182263], [-74.1867472, 4.6182413], [-74.1868092, 4.6182616], [-74.1868459, 4.6182837]]}}, {"type": "Feature", "properties": {"highway": "cycleway", "cycleway": null, "name": null}, "geometry": {"type": "LineString", "coordinates": [[-74.1794172, 4.6031921], [-74.1792881, 4.6028562], [-74.1789052, 4.6018362], [-74.1784251, 4.6007648], [-74.178196, 4.6002262], [-74.1776257, 4.5990284], [-74.177549, 4.5988604], [-74.1774903, 4.5986886], [-74.1774492, 4.5985174], [-74.1774317, 4.5984387], [-74.1774266, 4.59836], [-74.1774239, 4.5981014], [-74.1774308, 4.598016], [-74.1774619, 4.597633], [-74.1774725, 4.5975087], [-74.1774876, 4.5973341], [-74.1774928, 4.5972822], [-74.1774957, 4.5972504]]}}, {"type": "Feature", "properties": {"highway": "cycleway", "cycleway": null, "name": null}, "geometry": {"type": "LineString", "coordinates": [[-74.1785771, 4.6108111], [-74.1788093, 4.6106104], [-74.1792885, 4.6101961], [-74.1798547, 4.6097065], [-74.1800998, 4.6094947], [-74.1802347, 4.6093566], [-74.1803162, 4.6092732], [-74.1804695, 4.6091162], [-74.1805333, 4.6090337], [-74.180621, 4.6089018], [-74.180664, 4.6088243], [-74.1806827, 4.6087729], [-74.1807219, 4.6086694], [-74.1807582, 4.6085193], [-74.1807781, 4.6083792], [-74.1807895, 4.6082465], [-74.1807913, 4.6081435], [-74.1807764, 4.6079852], [-74.1807617, 4.6079003], [-74.1807479, 4.6078284]]}}, {"type": "Feature", "properties": {"highway": "cycleway", "cycleway": null, "name": null}, "geometry": {"type": "LineString", "coordinates": [[-74.1762953, 4.6326819], [-74.1762854, 4.6326633], [-74.1762706, 4.6326355], [-74.1760778, 4.6322552], [-74.1760298, 4.6322283], [-74.1759375, 4.6321782], [-74.1755376, 4.6313806], [-74.1753052, 4.6309112], [-74.1750433, 4.6303415], [-74.174677, 4.6295601], [-74.174339, 4.6289005], [-74.1741302, 4.6284366], [-74.1736964, 4.6274792]]}}, {"type": "Feature", "properties": {"highway": "cycleway", "cycleway": null, "name": null}, "geometry": {"type": "LineString", "coordinates": [[-74.0666199, 4.7025049], [-74.0668034, 4.7023782]]}}, {"type": "Feature", "properties": {"highway": "cycleway", "cycleway": "crossing", "name": null}, "geometry": {"type": "LineString", "coordinates": [[-74.0698228, 4.6999579], [-74.0698366, 4.7000125], [-74.069851, 4.7000693], [-74.069868, 4.7001365], [-74.0698815, 4.7001899], [-74.0698879, 4.7002154]]}}, {"type": "Feature", "properties": {"highway": "cycleway", "cycleway": "crossing", "name": null}, "geometry": {"type": "LineString", "coordinates": [[-74.0703208, 4.7001135], [-74.0702956, 4.7000228], [-74.0702794, 4.6999645], [-74.0702638, 4.6999079], [-74.0702413, 4.6998244], [-74.0702248, 4.6997676]]}}, {"type": "Feature", "properties": {"highway": "cycleway", "cycleway": null, "name": null}, "geometry": {"type": "LineString", "coordinates": [[-74.1207241, 4.6563578], [-74.1210511, 4.6559813], [-74.1221328, 4.6547443], [-74.1221967, 4.6546687], [-74.1222857, 4.6545634], [-74.1225596, 4.6542642], [-74.1226291, 4.6541883], [-74.1228793, 4.6539019], [-74.1231571, 4.6535838], [-74.123415, 4.6532886], [-74.1236631, 4.6529998], [-74.1239674, 4.6526881], [-74.1240194, 4.6526367], [-74.1241713, 4.6525269], [-74.1241937, 4.6525142], [-74.1242212, 4.6524932], [-74.124344, 4.6523991], [-74.1245941, 4.6521035], [-74.1246263, 4.6520654], [-74.1246514, 4.6520358], [-74.1246693, 4.6520146], [-74.1247144, 4.6519586], [-74.1250423, 4.6515875], [-74.1254815, 4.6511068], [-74.1258455, 4.6506879], [-74.1259053, 4.6506191], [-74.1261683, 4.6502817], [-74.1261904, 4.650247], [-74.1261987, 4.6501958], [-74.1262035, 4.650171], [-74.1262092, 4.6501409], [-74.126216, 4.6501057], [-74.126223, 4.6500788], [-74.126227, 4.6500636], [-74.1263993, 4.6499054], [-74.1264167, 4.6498895], [-74.126472, 4.6498329], [-74.1264977, 4.6498066], [-74.1271372, 4.6492143], [-74.1271736, 4.6491806], [-74.1272081, 4.6491541], [-74.1273082, 4.6490774], [-74.1273398, 4.6490532], [-74.1273803, 4.6490112], [-74.1274367, 4.6489529], [-74.1275057, 4.6488666], [-74.1284581, 4.6481542], [-74.1285795, 4.6480514]]}}, {"type": "Feature", "properties": {"highway": "cycleway", "cycleway": "crossing", "name": null}, "geometry": {"type": "LineString", "coordinates": [[-74.1804533, 4.6095493], [-74.1804377, 4.6095355], [-74.1803901, 4.6094936], [-74.1802931, 4.6094081], [-74.1802497, 4.6093698], [-74.1802347, 4.6093566]]}}, {"type": "Feature", "properties": {"highway": "cycleway", "cycleway": null, "name": null}, "geometry": {"type": "LineString", "coordinates": [[-74.1680949, 4.6376933], [-74.1679284, 4.6378283], [-74.1671312, 4.6384763]]}}, {"type": "Feature", "properties": {"highway": "cycleway", "cycleway": null, "name": null}, "geometry": {"type": "LineString", "coordinates": [[-74.1742699, 4.6445224], [-74.1741776, 4.6443738], [-74.1741577, 4.6443429], [-74.173877, 4.643907], [-74.1734652, 4.6432517], [-74.1731973, 4.6428207], [-74.1731433, 4.6427387], [-74.1731168, 4.6426984], [-74.1730889, 4.6426541], [-74.1727112, 4.6420542], [-74.1721465, 4.6411647], [-74.1720196, 4.640966], [-74.1719806, 4.640905], [-74.1719572, 4.6408695], [-74.1718427, 4.6406953], [-74.1715856, 4.6402846], [-74.1706414, 4.6387542], [-74.1706311, 4.6387368], [-74.170589, 4.6386913], [-74.1705468, 4.6386622], [-74.1705081, 4.6386426], [-74.1704636, 4.6386199], [-74.1703809, 4.6385857], [-74.1703476, 4.6385644], [-74.1703089, 4.6385305], [-74.1702702, 4.6384894], [-74.1700013, 4.6382084], [-74.1699392, 4.6381521]]}}, {"type": "Feature", "properties": {"highway": "cycleway", "cycleway": null, "name": null}, "geometry": {"type": "LineString", "coordinates": [[-74.1778043, 4.6500217], [-74.1776611, 4.6497925], [-74.1769619, 4.6486729], [-74.1767917, 4.6484003], [-74.1762205, 4.6474858], [-74.1757268, 4.6466952], [-74.1750997, 4.6456906], [-74.1747943, 4.6452022], [-74.1747528, 4.6451357]]}}, {"type": "Feature", "properties": {"highway": "cycleway", "cycleway": null, "name": null}, "geometry": {"type": "LineString", "coordinates": [[-74.0883003, 4.7310996], [-74.0881915, 4.7310098], [-74.0881311, 4.7309363], [-74.0880492, 4.7308165], [-74.0879918, 4.7307095], [-74.0879524, 4.7306144], [-74.0879265, 4.7305496], [-74.0878887, 4.7304542], [-74.0878594, 4.730345], [-74.0878325, 4.7302078], [-74.087827, 4.7301797], [-74.0878219, 4.7301539], [-74.0878213, 4.7301448], [-74.0878099, 4.7299722], [-74.0878098, 4.7299336], [-74.0878098, 4.7298596], [-74.0878101, 4.729831], [-74.0878136, 4.7297876], [-74.0878233, 4.7296768], [-74.0878402, 4.7295828], [-74.0878545, 4.729502], [-74.0878642, 4.7294167], [-74.0878715, 4.7293507], [-74.0880056, 4.7291074], [-74.0882446, 4.7286837], [-74.0882577, 4.7286049], [-74.0884603, 4.7282329], [-74.088538, 4.7281636], [-74.0886076, 4.7280112], [-74.0886529, 4.7278786], [-74.0886555, 4.7278709], [-74.0886655, 4.7278386], [-74.0886756, 4.7278063], [-74.0887123, 4.7276263], [-74.088732, 4.7274718], [-74.088733, 4.7274422], [-74.088734, 4.7274096], [-74.0887346, 4.7273902], [-74.0887397, 4.7271885], [-74.0887415, 4.7269009], [-74.0887406, 4.7268681], [-74.0887399, 4.7268415], [-74.0887313, 4.7264909], [-74.0887398, 4.7263117], [-74.0887406, 4.7262965], [-74.0887427, 4.7262546], [-74.088746, 4.7262303], [-74.0887683, 4.7260683], [-74.088782, 4.7259682], [-74.0887863, 4.7259365], [-74.0887922, 4.7259028], [-74.0888003, 4.7258572], [-74.0888068, 4.7258201], [-74.0888467, 4.7256403], [-74.0888519, 4.7256196], [-74.0888581, 4.7255953], [-74.0888665, 4.725562], [-74.0889383, 4.7252679], [-74.0889417, 4.7252455], [-74.0889492, 4.7252112], [-74.0890065, 4.7249489], [-74.0890121, 4.7249371], [-74.0890242, 4.7248729], [-74.0890328, 4.7248363], [-74.0890337, 4.7247461], [-74.0891365, 4.7243939], [-74.0891777, 4.7243206], [-74.0891872, 4.7243038], [-74.0892011, 4.724268], [-74.0892695, 4.7240925], [-74.0893105, 4.7239853], [-74.0893895, 4.7237636]]}}, {"type": "Feature", "properties": {"highway": "cycleway", "cycleway": null, "name": null}, "geometry": {"type": "LineString", "coordinates": [[-74.1862127, 4.6349262], [-74.1861481, 4.634959], [-74.1854782, 4.6353069], [-74.1850902, 4.635514], [-74.1845384, 4.6358004], [-74.184036, 4.63605], [-74.183967, 4.6360852], [-74.1839246, 4.6360958], [-74.1838932, 4.6360918], [-74.1838626, 4.6360817], [-74.1838444, 4.6360651], [-74.1835567, 4.6354729], [-74.1834195, 4.6351904], [-74.183281, 4.6349052], [-74.1832011, 4.6347407], [-74.1827586, 4.6338297], [-74.1827284, 4.6337675]]}}, {"type": "Feature", "properties": {"highway": "cycleway", "cycleway": null, "name": null}, "geometry": {"type": "LineString", "coordinates": [[-74.1906564, 4.6437391], [-74.1905857, 4.6437683], [-74.1901608, 4.6429214], [-74.1899861, 4.6425777], [-74.1899645, 4.642535], [-74.1899136, 4.6424381], [-74.1897583, 4.6421292], [-74.1894054, 4.6414179], [-74.1890407, 4.6406826], [-74.1886638, 4.6399384], [-74.1885152, 4.6396449], [-74.1883963, 4.6394102], [-74.1879438, 4.6385117], [-74.1878441, 4.6383116], [-74.1877955, 4.6382345], [-74.1877684, 4.6382092], [-74.1877556, 4.6381972], [-74.1877044, 4.6381662], [-74.1876608, 4.63815], [-74.1876134, 4.6381413]]}}, {"type": "Feature", "properties": {"highway": "cycleway", "cycleway": null, "name": "Alameda el Porvenir"}, "geometry": {"type": "LineString", "coordinates": [[-74.1891381, 4.6359456], [-74.1900182, 4.6355348], [-74.1907961, 4.6351733], [-74.1909993, 4.6350728], [-74.1910651, 4.6350402], [-74.1911036, 4.6350212], [-74.1911217, 4.6350123], [-74.1912403, 4.6349536], [-74.1918125, 4.6346302], [-74.1919754, 4.6345354], [-74.1924287, 4.6342718], [-74.1932116, 4.633816], [-74.193249, 4.6337942], [-74.1935468, 4.6336209], [-74.1939621, 4.6333779], [-74.1940184, 4.6333567], [-74.1940624, 4.6333413], [-74.1941025, 4.6333703], [-74.1941773, 4.633459], [-74.1942109, 4.6334677], [-74.194242, 4.6334548]]}}, {"type": "Feature", "properties": {"highway": "cycleway", "cycleway": null, "name": null}, "geometry": {"type": "LineString", "coordinates": [[-74.1941599, 4.6404523], [-74.1934358, 4.6408095], [-74.1928151, 4.6411158], [-74.1922218, 4.6414086], [-74.1919834, 4.6415262], [-74.1919293, 4.6415489], [-74.1911498, 4.6419375], [-74.1906374, 4.6421905], [-74.1903214, 4.6423522], [-74.190176, 4.6424267], [-74.1900344, 4.6424991], [-74.1899645, 4.642535], [-74.1897171, 4.6426635], [-74.1894133, 4.642819], [-74.1883277, 4.6433746]]}}, {"type": "Feature", "properties": {"highway": "cycleway", "cycleway": null, "name": "Alameda El Porvenir"}, "geometry": {"type": "LineString", "coordinates": [[-74.194242, 4.6334548], [-74.1944277, 4.6333843]]}}, {"type": "Feature", "properties": {"highway": "cycleway", "cycleway": null, "name": null}, "geometry": {"type": "LineString", "coordinates": [[-74.1964737, 4.6299438], [-74.196689, 4.6303534], [-74.1969934, 4.6309325], [-74.1974552, 4.6318111], [-74.1975315, 4.6319564], [-74.1976952, 4.6322678], [-74.1979081, 4.6326728], [-74.1979756, 4.6328013]]}}, {"type": "Feature", "properties": {"highway": "cycleway", "cycleway": null, "name": "Alameda el Porvenir"}, "geometry": {"type": "LineString", "coordinates": [[-74.2035807, 4.6309165], [-74.201338, 4.6318376], [-74.2011738, 4.6319049], [-74.2004169, 4.6322129], [-74.2003848, 4.632226], [-74.1984414, 4.6330168], [-74.1982826, 4.6330842], [-74.1982541, 4.6330963]]}}, {"type": "Feature", "properties": {"highway": "cycleway", "cycleway": null, "name": null}, "geometry": {"type": "LineString", "coordinates": [[-74.2278302, 4.557558], [-74.2278231, 4.5575914], [-74.2277487, 4.5579053], [-74.2276146, 4.5584125], [-74.2275395, 4.5586967], [-74.2274464, 4.5589369], [-74.2273571, 4.559055], [-74.2272747, 4.559196], [-74.2272633, 4.5592312]]}}, {"type": "Feature", "properties": {"highway": "cycleway", "cycleway": null, "name": null}, "geometry": {"type": "LineString", "coordinates": [[-74.200025, 4.6314563], [-74.2000755, 4.6313559], [-74.1997289, 4.6307134], [-74.1996455, 4.6305473], [-74.199607, 4.6304783], [-74.1995968, 4.6304216], [-74.1996131, 4.6303547], [-74.1996354, 4.6303041], [-74.1996741, 4.6302494], [-74.199733, 4.6302048], [-74.1997737, 4.6301764], [-74.1998164, 4.6301481], [-74.1998509, 4.6300934], [-74.1998692, 4.6300042], [-74.1999444, 4.6295828], [-74.1999474, 4.6295526], [-74.1999404, 4.629524], [-74.1998875, 4.6294004], [-74.1995071, 4.6285629], [-74.1994922, 4.6285302]]}}, {"type": "Feature", "properties": {"highway": "cycleway", "cycleway": null, "name": null}, "geometry": {"type": "LineString", "coordinates": [[-74.2321559, 4.5281581], [-74.232195, 4.5281229], [-74.2324203, 4.5283743], [-74.2327851, 4.5286096], [-74.2329246, 4.528639], [-74.2331928, 4.5285775], [-74.2336193, 4.5285053], [-74.2338875, 4.5284946], [-74.234145, 4.5285187], [-74.2342309, 4.5285502], [-74.2342791, 4.5285721], [-74.2345979, 4.5288674], [-74.2348714, 4.5291207], [-74.2351594, 4.5293861], [-74.2353502, 4.5295742], [-74.2355016, 4.5297189], [-74.235676, 4.5298286], [-74.2358577, 4.5299463], [-74.2360852, 4.5300849], [-74.2363186, 4.5302173], [-74.2364946, 4.5303257], [-74.2366629, 4.5304027]]}}, {"type": "Feature", "properties": {"highway": "cycleway", "cycleway": null, "name": null}, "geometry": {"type": "LineString", "coordinates": [[-74.048163, 4.7519346], [-74.0490506, 4.7520917], [-74.0494475, 4.7522424], [-74.0496172, 4.7522961], [-74.0501169, 4.7524339], [-74.0503663, 4.7524995], [-74.0507341, 4.7525895], [-74.0512152, 4.7526933], [-74.0513515, 4.7527158], [-74.0515224, 4.7527312], [-74.0518494, 4.7527612], [-74.051949, 4.7527815], [-74.0520473, 4.7528012], [-74.0521395, 4.7528202], [-74.0522411, 4.7528468], [-74.0524498, 4.752929], [-74.0525506, 4.7529625], [-74.0526392, 4.752987], [-74.0529851, 4.7530486], [-74.053501, 4.7531593], [-74.0542076, 4.753314], [-74.0542723, 4.7533234], [-74.0543248, 4.7533266], [-74.0544347, 4.7533227], [-74.0545564, 4.7533166], [-74.0546333, 4.7533307], [-74.0547373, 4.7533606], [-74.0549839, 4.7534451], [-74.0551368, 4.7534772], [-74.0555301, 4.7535425], [-74.0562981, 4.7536725], [-74.0572786, 4.7538549], [-74.0573278, 4.753864], [-74.0574647, 4.7538957], [-74.0575332, 4.7539268], [-74.0575871, 4.7539627], [-74.0576497, 4.7540224], [-74.0576833, 4.7540577], [-74.0577053, 4.7540795], [-74.0577597, 4.754138], [-74.0578402, 4.7542093], [-74.0579559, 4.7542964], [-74.0580736, 4.7543749], [-74.0581209, 4.7544145], [-74.0581978, 4.7544861], [-74.0584355, 4.7547369], [-74.0585353, 4.754849], [-74.0586504, 4.7549774], [-74.0587534, 4.7550856], [-74.0589217, 4.7552346], [-74.0590645, 4.7553615], [-74.0592053, 4.7554838], [-74.0594434, 4.7556791], [-74.0596089, 4.7558066], [-74.0596728, 4.7558646], [-74.0596972, 4.7558869], [-74.0597173, 4.7559051], [-74.0597523, 4.7559369], [-74.0600245, 4.7561624], [-74.0602047, 4.7563032], [-74.0605797, 4.7565775], [-74.0614172, 4.7571852], [-74.0628256, 4.7582237], [-74.0629176, 4.7582911], [-74.0644333, 4.7594189], [-74.065584, 4.7602486], [-74.0656247, 4.7602783]]}}, {"type": "Feature", "properties": {"highway": "cycleway", "cycleway": null, "name": "Alameda el Porvenir"}, "geometry": {"type": "LineString", "coordinates": [[-74.2055382, 4.6141769], [-74.2055051, 4.6144687], [-74.2054918, 4.6147486], [-74.2054852, 4.6148854], [-74.2054741, 4.6151202], [-74.2054696, 4.6152136], [-74.2054537, 4.6155362], [-74.2054114, 4.6157261], [-74.2053641, 4.6158777], [-74.2052959, 4.6160007], [-74.2052014, 4.6161368], [-74.2049062, 4.6165058]]}}, {"type": "Feature", "properties": {"highway": "cycleway", "cycleway": null, "name": null}, "geometry": {"type": "LineString", "coordinates": [[-74.0526509, 4.6825805], [-74.0526699, 4.6825709], [-74.0526911, 4.6825675], [-74.052715, 4.6825675], [-74.0527444, 4.6825732], [-74.0527705, 4.6825795], [-74.0527905, 4.6825844], [-74.0528198, 4.6825844], [-74.0528411, 4.682573], [-74.0528614, 4.6825491], [-74.0528722, 4.6825285], [-74.0528803, 4.6825117], [-74.0528999, 4.6824846], [-74.0529245, 4.6824585], [-74.0529499, 4.6824447], [-74.0529784, 4.6824293], [-74.0530599, 4.682386], [-74.0532266, 4.682294], [-74.0533868, 4.6822055], [-74.053488, 4.6821496], [-74.0535994, 4.6820849], [-74.0537356, 4.6820066], [-74.0539185, 4.6819027], [-74.0543948, 4.6816317], [-74.0544206, 4.6816159], [-74.0544638, 4.6815894], [-74.0544858, 4.6815759], [-74.0545574, 4.6815537], [-74.0545708, 4.6815533], [-74.0546177, 4.6815517], [-74.0546888, 4.6815611], [-74.0548041, 4.6815905], [-74.0549087, 4.6815985], [-74.0550415, 4.6815838], [-74.0551421, 4.6815384], [-74.0552239, 4.6814769], [-74.0552617, 4.6814342]]}}, {"type": "Feature", "properties": {"highway": "cycleway", "cycleway": null, "name": null}, "geometry": {"type": "LineString", "coordinates": [[-74.0554117, 4.6811267], [-74.0554695, 4.6811752], [-74.0555087, 4.6812011], [-74.0555934, 4.6812455]]}}, {"type": "Feature", "properties": {"highway": "cycleway", "cycleway": null, "name": null}, "geometry": {"type": "LineString", "coordinates": [[-74.1273502, 4.6529908], [-74.1272883, 4.6530354], [-74.1273033, 4.6530535], [-74.1273344, 4.6530859], [-74.1275842, 4.6533461], [-74.1275946, 4.6533569], [-74.1276027, 4.6533653], [-74.1278357, 4.6536079], [-74.1278687, 4.6536423], [-74.1279001, 4.653675], [-74.1281161, 4.6538998], [-74.1281229, 4.6539069], [-74.1281317, 4.6539161], [-74.1283266, 4.6541191], [-74.1283354, 4.6541283], [-74.1283433, 4.6541365], [-74.1285882, 4.6543915], [-74.1286191, 4.6544236], [-74.1286546, 4.6544606], [-74.1288368, 4.6546503], [-74.1288715, 4.6546864], [-74.1288941, 4.65471], [-74.1289209, 4.6547379], [-74.1289428, 4.6547607], [-74.1289562, 4.6547747], [-74.1289938, 4.6548139], [-74.1290411, 4.6548631], [-74.1290478, 4.6548701], [-74.1290555, 4.6548781], [-74.1292137, 4.655043], [-74.1292451, 4.6550756], [-74.1292764, 4.6551083], [-74.1295127, 4.6553544], [-74.1295219, 4.6553641], [-74.1295302, 4.6553727], [-74.1295786, 4.6554231], [-74.1296002, 4.6554456], [-74.1296369, 4.6554838], [-74.1296766, 4.6555252], [-74.1297069, 4.6555567], [-74.1297682, 4.6556205], [-74.1299489, 4.6558086], [-74.1299818, 4.6558428], [-74.1300149, 4.6558773], [-74.1301986, 4.6560684], [-74.130217, 4.6560873], [-74.1302583, 4.6561305], [-74.1302845, 4.6561578]]}}, {"type": "Feature", "properties": {"highway": "cycleway", "cycleway": null, "name": null}, "geometry": {"type": "LineString", "coordinates": [[-74.1274287, 4.6526255], [-74.1272859, 4.6529082], [-74.1269831, 4.6528762]]}}, {"type": "Feature", "properties": {"highway": "cycleway", "cycleway": null, "name": null}, "geometry": {"type": "LineString", "coordinates": [[-74.2047732, 4.6105666], [-74.2048501, 4.6106096], [-74.204895, 4.610638], [-74.2049318, 4.6106665], [-74.2051176, 4.6108761], [-74.2052175, 4.6110148], [-74.2053335, 4.6112156], [-74.2054439, 4.6115216], [-74.2055171, 4.6118285], [-74.2055561, 4.6120527], [-74.2055685, 4.6122044], [-74.2055776, 4.6125745]]}}, {"type": "Feature", "properties": {"highway": "cycleway", "cycleway": null, "name": null}, "geometry": {"type": "LineString", "coordinates": [[-74.0593806, 4.6719497], [-74.0592949, 4.6719085], [-74.0592786, 4.6719006], [-74.0585331, 4.6715419], [-74.0580135, 4.6712916], [-74.0575002, 4.6710445], [-74.0569556, 4.6707823], [-74.0564518, 4.6705398], [-74.0564226, 4.670527], [-74.0563866, 4.6705084], [-74.0563029, 4.6704653], [-74.0560766, 4.6703591], [-74.0554301, 4.670047], [-74.0553969, 4.6700326], [-74.0553092, 4.6699947], [-74.0552139, 4.6699537]]}}, {"type": "Feature", "properties": {"highway": "cycleway", "cycleway": null, "name": null}, "geometry": {"type": "LineString", "coordinates": [[-74.0481861, 4.6736875], [-74.0481271, 4.6736978]]}}, {"type": "Feature", "properties": {"highway": "cycleway", "cycleway": "crossing", "name": null}, "geometry": {"type": "LineString", "coordinates": [[-74.1094036, 4.7075843], [-74.1093078, 4.7075]]}}, {"type": "Feature", "properties": {"highway": "cycleway", "cycleway": null, "name": null}, "geometry": {"type": "LineString", "coordinates": [[-74.1040141, 4.7046896], [-74.1037258, 4.7045583], [-74.1034698, 4.7044438], [-74.1033684, 4.7043987], [-74.1027482, 4.7041223], [-74.1027129, 4.704107], [-74.1023828, 4.7039606], [-74.1019985, 4.7037994], [-74.1019025, 4.7037558], [-74.1017169, 4.703666], [-74.1016344, 4.7036239], [-74.1013603, 4.7035096], [-74.1012607, 4.7034771], [-74.1011561, 4.7034568]]}}, {"type": "Feature", "properties": {"highway": "cycleway", "cycleway": null, "name": null}, "geometry": {"type": "LineString", "coordinates": [[-74.2174563, 4.6067057], [-74.2174762, 4.6067347], [-74.2175138, 4.6067346], [-74.2175501, 4.6067293], [-74.2175795, 4.606728], [-74.2176171, 4.6067413], [-74.2176418, 4.6067672], [-74.2179695, 4.6073324], [-74.2183513, 4.6080344], [-74.2184298, 4.6081862], [-74.2184502, 4.6082391], [-74.2184551, 4.6082998], [-74.2184496, 4.608342], [-74.218439, 4.6083991], [-74.2184959, 4.6084946], [-74.2185341, 4.6085568], [-74.2185448, 4.6085741]]}}, {"type": "Feature", "properties": {"highway": "cycleway", "cycleway": null, "name": null}, "geometry": {"type": "LineString", "coordinates": [[-74.0792468, 4.6328156], [-74.0793234, 4.6330571], [-74.0793388, 4.6331093], [-74.0793554, 4.6332003], [-74.0793655, 4.6332649], [-74.0793655, 4.6333683], [-74.0793249, 4.6337221], [-74.0793148, 4.6338062], [-74.079312, 4.6338585], [-74.0792869, 4.6340795], [-74.0792639, 4.6343464], [-74.0792329, 4.6344304]]}}, {"type": "Feature", "properties": {"highway": "cycleway", "cycleway": null, "name": null}, "geometry": {"type": "LineString", "coordinates": [[-74.0752122, 4.633581], [-74.0749888, 4.6334611], [-74.0747501, 4.6332384], [-74.0744188, 4.6329532], [-74.0741046, 4.6326741]]}}, {"type": "Feature", "properties": {"highway": "cycleway", "cycleway": null, "name": null}, "geometry": {"type": "LineString", "coordinates": [[-74.0750766, 4.6332889], [-74.0752715, 4.6333628], [-74.0752856, 4.6333712], [-74.0753018, 4.633382], [-74.0753323, 4.6334112], [-74.0753573, 4.6334517], [-74.0753746, 4.6335048], [-74.0753811, 4.6335666], [-74.0753812, 4.6336257], [-74.0753843, 4.6336822], [-74.0754132, 4.6338285]]}}, {"type": "Feature", "properties": {"highway": "cycleway", "cycleway": null, "name": null}, "geometry": {"type": "LineString", "coordinates": [[-74.0829331, 4.6242287], [-74.0828427, 4.6243123], [-74.0828151, 4.6243324], [-74.0827506, 4.6243639], [-74.0827035, 4.6244137], [-74.0826695, 4.6244643], [-74.0826495, 4.624487], [-74.0826112, 4.6244945], [-74.082584, 4.6244998], [-74.0825743, 4.6245017], [-74.0825631, 4.6245203], [-74.0825561, 4.6245475], [-74.0825304, 4.6247278], [-74.0825083, 4.6247761], [-74.0824676, 4.6248124], [-74.0824192, 4.6248425], [-74.0823882, 4.6248618], [-74.082383, 4.6248713], [-74.0823752, 4.6248853], [-74.0823729, 4.6249163], [-74.0823797, 4.6249738], [-74.0823744, 4.625026], [-74.0823592, 4.6250669], [-74.082352, 4.6250758], [-74.0822696, 4.625177], [-74.0820646, 4.6254119], [-74.0817713, 4.6257585], [-74.0817106, 4.6258282], [-74.081556, 4.6260057], [-74.0815452, 4.6260389], [-74.0815377, 4.6260695], [-74.0815352, 4.6260796], [-74.0815284, 4.6261067], [-74.0815143, 4.6261306], [-74.081489, 4.6261589], [-74.0814447, 4.6261817], [-74.0813748, 4.626197], [-74.0812744, 4.6262047], [-74.0811532, 4.6261981], [-74.0811367, 4.6262069], [-74.0811318, 4.6262184], [-74.0811278, 4.6262278], [-74.081123, 4.6262567]]}}, {"type": "Feature", "properties": {"highway": "cycleway", "cycleway": null, "name": null}, "geometry": {"type": "LineString", "coordinates": [[-74.0785779, 4.644042], [-74.0785716, 4.6440991], [-74.0785695, 4.6441162], [-74.0785445, 4.6443193], [-74.0785236, 4.6444893], [-74.0785213, 4.6445076], [-74.0785154, 4.6445547], [-74.0785134, 4.6445711], [-74.078487, 4.6447849], [-74.078485, 4.6448012], [-74.0784824, 4.6448222]]}}, {"type": "Feature", "properties": {"highway": "cycleway", "cycleway": null, "name": null}, "geometry": {"type": "LineString", "coordinates": [[-74.0789778, 4.6384317], [-74.0789307, 4.6390106], [-74.0789285, 4.6390461], [-74.0789117, 4.6393128], [-74.0788371, 4.6404366], [-74.0788347, 4.6404689], [-74.0788327, 4.6404968], [-74.0788275, 4.640602], [-74.0788266, 4.6406182], [-74.0787955, 4.6411847], [-74.0787757, 4.6414187], [-74.0787387, 4.641858], [-74.0787049, 4.6424778], [-74.0787036, 4.6424998], [-74.0787019, 4.6425269], [-74.0786959, 4.6426222], [-74.0786905, 4.6427087], [-74.0786887, 4.6427372], [-74.0786841, 4.6428075], [-74.0786226, 4.6435621], [-74.0786038, 4.6437996], [-74.0785812, 4.6440114], [-74.0785779, 4.644042]]}}, {"type": "Feature", "properties": {"highway": "cycleway", "cycleway": null, "name": null}, "geometry": {"type": "LineString", "coordinates": [[-74.0618214, 4.6520217], [-74.0618351, 4.6519931], [-74.0622078, 4.6512126], [-74.0625814, 4.6504302], [-74.0626075, 4.6503756]]}}, {"type": "Feature", "properties": {"highway": "cycleway", "cycleway": null, "name": null}, "geometry": {"type": "LineString", "coordinates": [[-74.1090956, 4.6493819], [-74.10949, 4.6497352], [-74.1094807, 4.6498234], [-74.1096791, 4.6499932], [-74.1097328, 4.6500119], [-74.1099505, 4.6500004], [-74.1106421, 4.6505853], [-74.1106528, 4.6506522], [-74.1107173, 4.6507183], [-74.1107923, 4.6507925], [-74.1108848, 4.6508179], [-74.1111329, 4.6510612], [-74.1111951, 4.6511484]]}}, {"type": "Feature", "properties": {"highway": "cycleway", "cycleway": null, "name": null}, "geometry": {"type": "LineString", "coordinates": [[-74.1112764, 4.6511342], [-74.11126, 4.6511261], [-74.1112419, 4.6511235], [-74.1112239, 4.6511266], [-74.1112078, 4.6511352], [-74.1111951, 4.6511484], [-74.1111868, 4.6511665], [-74.1111851, 4.6511863], [-74.1111903, 4.6512055], [-74.1112016, 4.6512218], [-74.1112178, 4.6512333], [-74.111237, 4.6512387], [-74.1112569, 4.6512372], [-74.1112751, 4.6512292], [-74.1112895, 4.6512154], [-74.1112979, 4.6511992], [-74.1113008, 4.6511812], [-74.1112979, 4.6511632], [-74.1112895, 4.651147], [-74.1112764, 4.6511342]]}}, {"type": "Feature", "properties": {"highway": "cycleway", "cycleway": null, "name": null}, "geometry": {"type": "LineString", "coordinates": [[-74.1112569, 4.6512372], [-74.1113435, 4.6513103], [-74.1114598, 4.6514086], [-74.1121374, 4.6519808], [-74.1121588, 4.6520076], [-74.1121548, 4.652057], [-74.1115385, 4.6527746], [-74.1114843, 4.6528377], [-74.1111155, 4.6532921], [-74.1110484, 4.6533403], [-74.1110022, 4.6533603], [-74.110953, 4.6533687], [-74.1108799, 4.6533537], [-74.1108362, 4.6533328], [-74.1103339, 4.6527606], [-74.1101666, 4.65257], [-74.1096956, 4.6521455], [-74.1096092, 4.6520668]]}}, {"type": "Feature", "properties": {"highway": "cycleway", "cycleway": null, "name": null}, "geometry": {"type": "LineString", "coordinates": [[-74.0938885, 4.6404153], [-74.0937805, 4.6404881], [-74.0937268, 4.6405391], [-74.0936994, 4.640623], [-74.093705, 4.6406633], [-74.0937161, 4.6406874], [-74.0937403, 4.6407342], [-74.0937746, 4.6407666], [-74.093816, 4.6407848], [-74.0938891, 4.6407957], [-74.0940044, 4.6407503], [-74.0941325, 4.6406618], [-74.0942351, 4.6405899], [-74.0943156, 4.6404936], [-74.094337, 4.6404001], [-74.0943424, 4.6403408], [-74.0943236, 4.6402611], [-74.0942968, 4.6401648], [-74.0941521, 4.6399296], [-74.0941117, 4.639864], [-74.0940231, 4.6397339], [-74.0938543, 4.6394956], [-74.0938148, 4.6394461], [-74.093783, 4.6394235], [-74.0937576, 4.6394028], [-74.0935556, 4.6390656], [-74.0930493, 4.6382394], [-74.0923892, 4.6372122], [-74.0922331, 4.6369523], [-74.0920835, 4.6367479], [-74.0917407, 4.6361961], [-74.0916672, 4.6360865], [-74.09143, 4.6357935], [-74.0913545, 4.6356925], [-74.0912505, 4.6355757], [-74.0910909, 4.6354188], [-74.0909034, 4.635261], [-74.0906378, 4.6350672], [-74.0902745, 4.6348461], [-74.0899236, 4.6346928], [-74.0887438, 4.6342342], [-74.0886122, 4.634186], [-74.0884926, 4.6341435], [-74.0883947, 4.6341262], [-74.0882774, 4.6340866], [-74.088189, 4.6340293], [-74.0877233, 4.6338508], [-74.0868579, 4.6335127], [-74.0863184, 4.633303], [-74.0855026, 4.6329891], [-74.0851505, 4.6328505], [-74.0851139, 4.6328361], [-74.0850644, 4.632813], [-74.0850024, 4.6327869], [-74.0848877, 4.6327333], [-74.084867, 4.6327236], [-74.0847516, 4.6326527], [-74.0846104, 4.6325562], [-74.0845354, 4.6324987], [-74.0844846, 4.6324597], [-74.084308, 4.6323197], [-74.0841468, 4.6321613], [-74.0840428, 4.632044], [-74.0839542, 4.6319267], [-74.0837067, 4.6315561], [-74.0835881, 4.6313804], [-74.0833173, 4.6309792], [-74.0832749, 4.6309163], [-74.0830549, 4.6305961], [-74.0828719, 4.6304242], [-74.0828334, 4.6303746], [-74.0828045, 4.6303356], [-74.0827815, 4.6303047], [-74.0826973, 4.6301879], [-74.0826842, 4.6301686], [-74.0826459, 4.6301121], [-74.0825666, 4.6299878], [-74.0824988, 4.6298514], [-74.0824297, 4.6296932], [-74.0823961, 4.6296027], [-74.0823463, 4.6294827]]}}, {"type": "Feature", "properties": {"highway": "cycleway", "cycleway": null, "name": null}, "geometry": {"type": "LineString", "coordinates": [[-74.0319583, 4.7306524], [-74.0319709, 4.7302758], [-74.0319725, 4.730195], [-74.0320059, 4.7284416], [-74.032008, 4.7283293], [-74.0320158, 4.7281806]]}}, {"type": "Feature", "properties": {"highway": "cycleway", "cycleway": null, "name": null}, "geometry": {"type": "LineString", "coordinates": [[-74.1224347, 4.5936976], [-74.1220944, 4.5937429], [-74.121721, 4.5938057], [-74.1213611, 4.5938779], [-74.1210562, 4.5939371], [-74.1210173, 4.5939447], [-74.1205909, 4.5940191], [-74.120135, 4.5941123], [-74.1200719, 4.5941173], [-74.1200323, 4.5941173], [-74.1199692, 4.5941173], [-74.1199392, 4.5941195], [-74.1199266, 4.5941204], [-74.1199118, 4.5941229], [-74.1198852, 4.5941287], [-74.1198719, 4.5941316], [-74.1198492, 4.5941365], [-74.1198381, 4.5941396], [-74.1198319, 4.5941431], [-74.1198148, 4.5941528], [-74.1197772, 4.5941812], [-74.1197487, 4.5942024], [-74.1197172, 4.5942207], [-74.1196852, 4.5942342], [-74.1182004, 4.5945368], [-74.1181739, 4.5945408], [-74.1181327, 4.5945471], [-74.1180633, 4.5945504], [-74.1179919, 4.5945501], [-74.1179117, 4.5945509], [-74.1179027, 4.5945498], [-74.1178309, 4.5945587], [-74.1175679, 4.5946099], [-74.1173436, 4.5946613], [-74.1171512, 4.5947127], [-74.1169369, 4.5947869], [-74.1168865, 4.5948044], [-74.1168307, 4.5948237], [-74.1166169, 4.594903], [-74.1165, 4.5949432], [-74.1155025, 4.5952454], [-74.114469, 4.5955583], [-74.1141445, 4.5956726], [-74.1140564, 4.5957037], [-74.1135325, 4.5958921]]}}, {"type": "Feature", "properties": {"highway": "cycleway", "cycleway": null, "name": null}, "geometry": {"type": "LineString", "coordinates": [[-74.1249449, 4.5938823], [-74.1249476, 4.5939421], [-74.1249626, 4.5942783], [-74.1249586, 4.5943728], [-74.1249357, 4.5945032], [-74.124895, 4.5946824], [-74.1248095, 4.5950448], [-74.1247386, 4.5953408], [-74.1247301, 4.595356], [-74.124719, 4.5953655], [-74.1247029, 4.5953724], [-74.1246895, 4.5953723]]}}, {"type": "Feature", "properties": {"highway": "cycleway", "cycleway": null, "name": null}, "geometry": {"type": "LineString", "coordinates": [[-74.1244094, 4.5964702], [-74.1244783, 4.5966453], [-74.124565, 4.5968393], [-74.1246269, 4.5969751], [-74.1246977, 4.597088], [-74.1247844, 4.597208], [-74.1248782, 4.5973103], [-74.1251082, 4.5975325], [-74.1251858, 4.5976061], [-74.125225, 4.5976429]]}}, {"type": "Feature", "properties": {"highway": "cycleway", "cycleway": null, "name": null}, "geometry": {"type": "LineString", "coordinates": [[-74.1847306, 4.6159667], [-74.184416, 4.6155951]]}}, {"type": "Feature", "properties": {"highway": "cycleway", "cycleway": null, "name": null}, "geometry": {"type": "LineString", "coordinates": [[-74.1822938, 4.6109476], [-74.182318, 4.6110127], [-74.1823314, 4.6110463], [-74.1824504, 4.6113525], [-74.1826369, 4.6118368], [-74.1829011, 4.6124307], [-74.1832192, 4.6131497], [-74.183236, 4.6131857], [-74.1832618, 4.6132407], [-74.1833486, 4.6134263], [-74.1834418, 4.6136341], [-74.1835218, 4.6138124], [-74.183746, 4.6143124], [-74.183809, 4.614453], [-74.1838625, 4.6145689], [-74.1839568, 4.6147734], [-74.1840222, 4.6149151], [-74.1841446, 4.6151836], [-74.1842406, 4.6153422], [-74.1842895, 4.6154207], [-74.184416, 4.6155951]]}}, {"type": "Feature", "properties": {"highway": "cycleway", "cycleway": null, "name": null}, "geometry": {"type": "LineString", "coordinates": [[-74.1335081, 4.5968952], [-74.1335308, 4.5968604], [-74.1337493, 4.5965255], [-74.1342169, 4.595815], [-74.1344389, 4.5954807], [-74.134495, 4.5953989], [-74.1349986, 4.5946651], [-74.1350555, 4.5945836]]}}, {"type": "Feature", "properties": {"highway": "cycleway", "cycleway": null, "name": null}, "geometry": {"type": "LineString", "coordinates": [[-74.1841983, 4.6062944], [-74.1841832, 4.6062558], [-74.1840964, 4.6060604], [-74.1839056, 4.6056293], [-74.183877, 4.6055646], [-74.1838663, 4.6055405], [-74.1836367, 4.6050227]]}}, {"type": "Feature", "properties": {"highway": "cycleway", "cycleway": null, "name": null}, "geometry": {"type": "LineString", "coordinates": [[-74.1838663, 4.6055405], [-74.183899, 4.6055304], [-74.1839834, 4.6055043], [-74.1850791, 4.605165], [-74.1854846, 4.6050394], [-74.1855381, 4.6050228], [-74.1855753, 4.6050113]]}}, {"type": "Feature", "properties": {"highway": "cycleway", "cycleway": null, "name": null}, "geometry": {"type": "LineString", "coordinates": [[-74.1853081, 4.6038061], [-74.1843487, 4.6040841], [-74.1842613, 4.6041094], [-74.1841602, 4.6041387], [-74.1838131, 4.6042397], [-74.1834562, 4.6043435]]}}, {"type": "Feature", "properties": {"highway": "cycleway", "cycleway": null, "name": null}, "geometry": {"type": "LineString", "coordinates": [[-74.1855381, 4.6050228], [-74.1855058, 4.6047472], [-74.1854842, 4.6047047], [-74.1854687, 4.6046742], [-74.1853081, 4.6038061]]}}, {"type": "Feature", "properties": {"highway": "cycleway", "cycleway": null, "name": null}, "geometry": {"type": "LineString", "coordinates": [[-74.1523043, 4.5955655], [-74.1520855, 4.5955065], [-74.1518385, 4.5954476], [-74.1512206, 4.5953744], [-74.1509184, 4.5953379], [-74.1507929, 4.5953228], [-74.1497809, 4.5951955], [-74.1491542, 4.5951206], [-74.1491265, 4.5951172], [-74.1490159, 4.5951036], [-74.1486091, 4.5950512], [-74.1484232, 4.5950299], [-74.1483955, 4.5950267], [-74.1483694, 4.5950237], [-74.1483286, 4.5950184], [-74.1475818, 4.5949213], [-74.1474066, 4.5948985], [-74.1471131, 4.5948614], [-74.1469462, 4.5948462], [-74.1467977, 4.5948372], [-74.1465502, 4.5948536], [-74.1464486, 4.5948634], [-74.1463274, 4.5948746], [-74.146128, 4.5948997], [-74.1459219, 4.5949323], [-74.1457342, 4.5949643], [-74.1456613, 4.5949767], [-74.1454914, 4.5950076], [-74.1451152, 4.5950759], [-74.1449927, 4.5950984], [-74.1448482, 4.5951247], [-74.1443969, 4.5951896], [-74.1442649, 4.5951994], [-74.1440084, 4.5951843]]}}, {"type": "Feature", "properties": {"highway": "cycleway", "cycleway": null, "name": null}, "geometry": {"type": "LineString", "coordinates": [[-74.1525242, 4.5956504], [-74.1523043, 4.5955655]]}}, {"type": "Feature", "properties": {"highway": "cycleway", "cycleway": null, "name": null}, "geometry": {"type": "LineString", "coordinates": [[-74.09543, 4.7154942], [-74.0956458, 4.7157462], [-74.0964505, 4.7166711], [-74.0968877, 4.717187], [-74.0969681, 4.7172298], [-74.0970513, 4.7172271], [-74.0973517, 4.7171897], [-74.0977299, 4.7172405], [-74.0980169, 4.7173955], [-74.0981376, 4.7174544], [-74.0982422, 4.7174838], [-74.0983548, 4.7174971], [-74.0984594, 4.7174624], [-74.0986472, 4.7174196], [-74.0987661, 4.7174068], [-74.0988215, 4.7174009], [-74.0990281, 4.7174036], [-74.0990678, 4.7174115], [-74.0992426, 4.7174463], [-74.0996101, 4.717596], [-74.099773, 4.7176851], [-74.0998595, 4.7177324], [-74.1001734, 4.717981], [-74.1006132, 4.7184648], [-74.1008305, 4.7187963], [-74.1008895, 4.7191144], [-74.1008654, 4.7193843], [-74.1007822, 4.7197131], [-74.1007179, 4.719919], [-74.1008957, 4.7204387], [-74.1011268, 4.7211386], [-74.1012593, 4.7212408], [-74.1013374, 4.721301], [-74.1015042, 4.7213852], [-74.1015601, 4.7214052], [-74.1017532, 4.7214426], [-74.1020402, 4.7214988], [-74.1021957, 4.7215415], [-74.1023862, 4.7216511], [-74.1027992, 4.7220361], [-74.1028442, 4.7220698], [-74.1030701, 4.7222392], [-74.1032955, 4.7222767], [-74.1035583, 4.7222633], [-74.1052669, 4.7221243], [-74.1057631, 4.7221216], [-74.1059938, 4.7221724], [-74.1061896, 4.7222526], [-74.1064068, 4.7224157], [-74.1065865, 4.7226348], [-74.1066992, 4.7228567], [-74.1067528, 4.7230198], [-74.1067807, 4.7233463], [-74.106785, 4.7233967]]}}, {"type": "Feature", "properties": {"highway": "cycleway", "cycleway": null, "name": null}, "geometry": {"type": "LineString", "coordinates": [[-74.1632838, 4.5954887], [-74.1630039, 4.5954817], [-74.1628303, 4.5954411], [-74.1626771, 4.5953843], [-74.1625037, 4.5952675], [-74.1623588, 4.5951425], [-74.1622262, 4.5949958], [-74.1621522, 4.5948796], [-74.1621124, 4.5948034], [-74.1621065, 4.5947526], [-74.1620994, 4.594691], [-74.162093, 4.5945086]]}}, {"type": "Feature", "properties": {"highway": "cycleway", "cycleway": null, "name": null}, "geometry": {"type": "LineString", "coordinates": [[-74.1757938, 4.597103], [-74.1755874, 4.5970522], [-74.1754281, 4.5970166], [-74.1753122, 4.5969989], [-74.1752444, 4.5969817], [-74.1751684, 4.5969576], [-74.1750733, 4.5969198], [-74.1750085, 4.5968982], [-74.1749594, 4.5968924], [-74.1729736, 4.5966957], [-74.1723161, 4.5966158], [-74.1719289, 4.5965673]]}}, {"type": "Feature", "properties": {"highway": "cycleway", "cycleway": null, "name": null}, "geometry": {"type": "LineString", "coordinates": [[-74.1758053, 4.5970162], [-74.1757994, 4.5970586], [-74.1757965, 4.5970829], [-74.1757938, 4.597103]]}}, {"type": "Feature", "properties": {"highway": "cycleway", "cycleway": null, "name": null}, "geometry": {"type": "LineString", "coordinates": [[-74.1617248, 4.6033913], [-74.1617513, 4.6030481], [-74.1617806, 4.6026681], [-74.1618057, 4.6023442], [-74.1618329, 4.6019923], [-74.1618443, 4.6018445], [-74.1618624, 4.6015982], [-74.1618901, 4.6012196], [-74.1619189, 4.6008265], [-74.1619434, 4.6004922], [-74.1619604, 4.6001157], [-74.1619574, 4.5998962]]}}, {"type": "Feature", "properties": {"highway": "cycleway", "cycleway": null, "name": null}, "geometry": {"type": "LineString", "coordinates": [[-74.0713584, 4.7081665], [-74.0713185, 4.7081507], [-74.0712693, 4.7081312], [-74.0710902, 4.7081142], [-74.0710188, 4.7081087], [-74.0709484, 4.7080986], [-74.0708778, 4.7080841], [-74.0708099, 4.7080595], [-74.0707441, 4.7080283], [-74.0706817, 4.7079911], [-74.070605, 4.7079351], [-74.0705257, 4.7078828], [-74.0704445, 4.7078346], [-74.0703712, 4.7078], [-74.0702969, 4.7077692], [-74.0702203, 4.7077422], [-74.0701309, 4.7077156], [-74.0700405, 4.7076944], [-74.0699483, 4.7076786], [-74.0698356, 4.7076713], [-74.0697224, 4.7076701], [-74.0696089, 4.7076751], [-74.0695488, 4.7076818], [-74.0695164, 4.707688], [-74.0694847, 4.7076941], [-74.0694011, 4.7077127], [-74.0693669, 4.7077203], [-74.0693049, 4.7077305], [-74.0692422, 4.7077365], [-74.069155, 4.707741], [-74.069067, 4.7077402], [-74.0689796, 4.7077337], [-74.0688928, 4.7077218], [-74.0688073, 4.7077047], [-74.0687222, 4.7076818], [-74.068639, 4.7076538], [-74.0684311, 4.7075543], [-74.0682846, 4.7074872], [-74.0681868, 4.7074554], [-74.0680868, 4.7074304], [-74.0679856, 4.7074125], [-74.0679704, 4.707411], [-74.0678832, 4.7074021], [-74.0678092, 4.7073962], [-74.067729, 4.7073961], [-74.0676496, 4.707401], [-74.0675709, 4.7074107], [-74.0674475, 4.7074377], [-74.0673395, 4.7074653], [-74.0672355, 4.7074801]]}}, {"type": "Feature", "properties": {"highway": "cycleway", "cycleway": null, "name": null}, "geometry": {"type": "LineString", "coordinates": [[-74.0672355, 4.7074801], [-74.0671261, 4.7074846], [-74.0669164, 4.7074745], [-74.0668715, 4.7074687], [-74.0668285, 4.7074605], [-74.0668044, 4.7074552], [-74.0667802, 4.7074498], [-74.0666989, 4.7074297], [-74.0666411, 4.7074117], [-74.0665695, 4.7073818], [-74.0665454, 4.7073695], [-74.0659525, 4.7070654], [-74.0659469, 4.7070613], [-74.0659416, 4.7070565], [-74.0659372, 4.7070509], [-74.0659338, 4.707045], [-74.0659314, 4.7070386], [-74.06593, 4.7070319], [-74.0659299, 4.7070248], [-74.0659309, 4.7070177], [-74.0659427, 4.7069836], [-74.0659777, 4.7069103], [-74.0659841, 4.7069019], [-74.0659917, 4.7068949], [-74.0660004, 4.7068898], [-74.0660099, 4.7068856], [-74.0660198, 4.7068831], [-74.0660302, 4.7068825], [-74.0660406, 4.7068836], [-74.0660505, 4.7068865], [-74.0660598, 4.706891]]}}, {"type": "Feature", "properties": {"highway": "cycleway", "cycleway": null, "name": null}, "geometry": {"type": "LineString", "coordinates": [[-74.1580896, 4.5959659], [-74.1580515, 4.5956867], [-74.1579949, 4.5952616], [-74.1579347, 4.5946795], [-74.1579117, 4.5943972], [-74.1578834, 4.5940233], [-74.1578078, 4.5933413], [-74.1577269, 4.5925203], [-74.1576308, 4.5915505], [-74.1576026, 4.5912661], [-74.1575461, 4.5907156], [-74.1575361, 4.5906208], [-74.1575208, 4.590478], [-74.1574144, 4.5894493], [-74.1573952, 4.589289], [-74.1573869, 4.589256], [-74.1573479, 4.5890818], [-74.157211, 4.5884471], [-74.1569764, 4.5873972], [-74.156955, 4.5873081]]}}, {"type": "Feature", "properties": {"highway": "cycleway", "cycleway": null, "name": null}, "geometry": {"type": "LineString", "coordinates": [[-74.1569201, 4.5873198], [-74.1569395, 4.5874047], [-74.1571451, 4.5883053], [-74.1573333, 4.5891578], [-74.1573504, 4.5892525], [-74.1573549, 4.5892924], [-74.1573732, 4.5894514], [-74.1574739, 4.5904745], [-74.1574885, 4.5906256], [-74.1574978, 4.590721], [-74.1575727, 4.5914255], [-74.1575861, 4.591555], [-74.1576867, 4.5925252], [-74.1577918, 4.5935336], [-74.1578343, 4.5939358], [-74.1578839, 4.5944632], [-74.1579104, 4.5947578], [-74.1579476, 4.5951317], [-74.1580007, 4.595541], [-74.158029, 4.5957861], [-74.158036, 4.5958761], [-74.1580254, 4.5959273], [-74.1580141, 4.5959505], [-74.1579976, 4.5959743]]}}, {"type": "Feature", "properties": {"highway": "cycleway", "cycleway": null, "name": null}, "geometry": {"type": "LineString", "coordinates": [[-74.1578843, 4.5959846], [-74.157672, 4.5960038], [-74.1563485, 4.596115], [-74.1560249, 4.5961421], [-74.1557197, 4.5961676], [-74.1550593, 4.5962363], [-74.1549866, 4.5962422], [-74.154979, 4.5962428], [-74.154848, 4.596245], [-74.1546569, 4.5962303], [-74.1544317, 4.596207], [-74.1541501, 4.5961678], [-74.1539601, 4.5961171], [-74.1535528, 4.5960036], [-74.1533095, 4.5959299], [-74.1530478, 4.5958408], [-74.1527292, 4.5957249], [-74.1525522, 4.5956604], [-74.1525242, 4.5956504]]}}, {"type": "Feature", "properties": {"highway": "cycleway", "cycleway": null, "name": null}, "geometry": {"type": "LineString", "coordinates": [[-74.1692535, 4.6101579], [-74.1692422, 4.6098904], [-74.1692412, 4.6098673], [-74.1692386, 4.6098059]]}}, {"type": "Feature", "properties": {"highway": "cycleway", "cycleway": null, "name": null}, "geometry": {"type": "LineString", "coordinates": [[-74.1616707, 4.6077335], [-74.1619147, 4.6046212]]}}, {"type": "Feature", "properties": {"highway": "cycleway", "cycleway": null, "name": null}, "geometry": {"type": "LineString", "coordinates": [[-74.1614415, 4.6077011], [-74.1616768, 4.6046097]]}}, {"type": "Feature", "properties": {"highway": "cycleway", "cycleway": null, "name": null}, "geometry": {"type": "LineString", "coordinates": [[-74.1659333, 4.6211919], [-74.1660875, 4.6214576], [-74.1663435, 4.621899], [-74.1665348, 4.6222263], [-74.1668796, 4.6228163], [-74.1670283, 4.6230656], [-74.1671771, 4.6233151], [-74.1673311, 4.6235732], [-74.1674714, 4.6238084], [-74.1675098, 4.6238727], [-74.167641, 4.6240652], [-74.1676971, 4.6241289], [-74.1677392, 4.6241649], [-74.1678415, 4.6242411], [-74.1679724, 4.6243439], [-74.1680869, 4.6244241], [-74.1681745, 4.6244929], [-74.1683437, 4.6246221], [-74.1685559, 4.624787], [-74.1686259, 4.6248389], [-74.1686504, 4.6248618], [-74.168714, 4.6249215], [-74.1687774, 4.6249849], [-74.1688646, 4.625097], [-74.1689321, 4.6252047], [-74.1689673, 4.6252795], [-74.1689834, 4.6253136], [-74.1692253, 4.6258697], [-74.169336, 4.6261221], [-74.1694143, 4.6264053], [-74.1695149, 4.6267165], [-74.1695822, 4.626909], [-74.1695988, 4.6269706], [-74.1696714, 4.6271002]]}}, {"type": "Feature", "properties": {"highway": "cycleway", "cycleway": null, "name": null}, "geometry": {"type": "LineString", "coordinates": [[-74.159579, 4.6038107], [-74.159569, 4.6035319], [-74.1595375, 4.6032205], [-74.1594812, 4.6030946], [-74.1594562, 4.6030389], [-74.159318, 4.6028227], [-74.1591576, 4.602665], [-74.1588489, 4.6024955], [-74.1587753, 4.6024708], [-74.1586815, 4.6024501], [-74.1585478, 4.6024509], [-74.1584142, 4.602476], [-74.1583374, 4.6025218], [-74.1582842, 4.6025555], [-74.1582419, 4.6026012], [-74.1581856, 4.6026804], [-74.1581406, 4.602787], [-74.1580496, 4.6029822]]}}, {"type": "Feature", "properties": {"highway": "cycleway", "cycleway": null, "name": null}, "geometry": {"type": "LineString", "coordinates": [[-74.1595949, 4.6038957], [-74.1596144, 4.6039358], [-74.1596434, 4.6039622], [-74.1597078, 4.6039708], [-74.1598214, 4.603973], [-74.1599856, 4.6039824], [-74.1602144, 4.604001], [-74.1603545, 4.6040103], [-74.1604666, 4.6039987], [-74.1605764, 4.6039731], [-74.1606791, 4.6039312], [-74.1607329, 4.6038945], [-74.1607678, 4.6038707], [-74.1608379, 4.6038311], [-74.1609453, 4.6037822], [-74.1610714, 4.6037636], [-74.1612162, 4.6037683], [-74.1613469, 4.6037659], [-74.161403, 4.6037473], [-74.1614403, 4.6036891], [-74.161442, 4.6036306], [-74.161431, 4.6035611], [-74.1614006, 4.6035123], [-74.1613329, 4.603475], [-74.1612465, 4.603475], [-74.1611555, 4.6035006], [-74.1610691, 4.6035169], [-74.1609827, 4.6035146], [-74.1608379, 4.6034797], [-74.1607188, 4.6034401], [-74.160539, 4.603347], [-74.1603969, 4.6032655], [-74.1603522, 4.6032399], [-74.1602518, 4.6031655], [-74.1601701, 4.603077], [-74.1600767, 4.6030165], [-74.1599529, 4.6029909], [-74.1597914, 4.6030005], [-74.1596003, 4.6030118], [-74.1595396, 4.6030235], [-74.1594999, 4.6030537], [-74.1594812, 4.6030946]]}}, {"type": "Feature", "properties": {"highway": "cycleway", "cycleway": null, "name": null}, "geometry": {"type": "LineString", "coordinates": [[-74.1581762, 4.602313], [-74.1583928, 4.6023467], [-74.1585778, 4.6023873], [-74.1586815, 4.6024501]]}}, {"type": "Feature", "properties": {"highway": "cycleway", "cycleway": null, "name": null}, "geometry": {"type": "LineString", "coordinates": [[-74.1567514, 4.6029225], [-74.1567271, 4.602879], [-74.1567174, 4.6028502], [-74.1567103, 4.6028161], [-74.1566951, 4.6023291], [-74.1566876, 4.6020897], [-74.1567286, 4.6020001], [-74.1567994, 4.6019381], [-74.1568587, 4.6019079], [-74.1571663, 4.6018937], [-74.1573501, 4.6018857], [-74.1574766, 4.601883], [-74.1575333, 4.6019177], [-74.1575553, 4.6019566], [-74.1575633, 4.602109], [-74.1575668, 4.6021792], [-74.157898, 4.6021694], [-74.1578995, 4.6022739], [-74.1580166, 4.6022904], [-74.1581762, 4.602313]]}}, {"type": "Feature", "properties": {"highway": "cycleway", "cycleway": null, "name": null}, "geometry": {"type": "LineString", "coordinates": [[-74.1584526, 4.6064754], [-74.1581319, 4.606769], [-74.157614, 4.6073]]}}, {"type": "Feature", "properties": {"highway": "cycleway", "cycleway": null, "name": null}, "geometry": {"type": "LineString", "coordinates": [[-74.1551305, 4.6103554], [-74.1551118, 4.6103749], [-74.1549496, 4.6105443], [-74.1545482, 4.610868], [-74.1541806, 4.6111532], [-74.1541308, 4.6111918], [-74.154041, 4.6112624], [-74.1540309, 4.6112703], [-74.153504, 4.6116837], [-74.1534916, 4.6116934]]}}, {"type": "Feature", "properties": {"highway": "cycleway", "cycleway": null, "name": null}, "geometry": {"type": "LineString", "coordinates": [[-74.147622, 4.6093153], [-74.1480113, 4.6099082], [-74.148134, 4.6100918], [-74.1482412, 4.6102506], [-74.1485481, 4.6107075], [-74.1494236, 4.6120018], [-74.1500558, 4.6129373], [-74.1504935, 4.6135851], [-74.1506663, 4.6138225], [-74.1506769, 4.6138472], [-74.1506825, 4.6138614], [-74.150705, 4.6139152], [-74.1507201, 4.6139513], [-74.1507662, 4.6140615], [-74.1507791, 4.6140949], [-74.1507888, 4.6141169], [-74.150798, 4.6141377], [-74.1508064, 4.6141577], [-74.150834, 4.6142035], [-74.1508962, 4.6143067], [-74.1509875, 4.6144414], [-74.1511396, 4.614666], [-74.1515016, 4.6151953], [-74.1517566, 4.6155683], [-74.1517785, 4.6156005], [-74.1519466, 4.6158507], [-74.151998, 4.6159275], [-74.1520098, 4.6159505], [-74.1520435, 4.6160159], [-74.1520809, 4.6161055], [-74.1520936, 4.6161459], [-74.1521066, 4.616187], [-74.1521311, 4.6163103], [-74.1521765, 4.6165989], [-74.1522438, 4.6170482], [-74.1522427, 4.6170751], [-74.152237, 4.6171019]]}}, {"type": "Feature", "properties": {"highway": "cycleway", "cycleway": null, "name": null}, "geometry": {"type": "LineString", "coordinates": [[-74.147427, 4.6166563], [-74.1473544, 4.6167174], [-74.1472789, 4.616781], [-74.1467037, 4.6172539], [-74.1465391, 4.6173893], [-74.1464911, 4.6174288], [-74.1462249, 4.6176478], [-74.1461739, 4.6176897], [-74.145792, 4.6180156], [-74.1454239, 4.6183298], [-74.145289, 4.6184447], [-74.1449467, 4.6187359], [-74.1448703, 4.6188103]]}}, {"type": "Feature", "properties": {"highway": "cycleway", "cycleway": null, "name": null}, "geometry": {"type": "LineString", "coordinates": [[-74.1313547, 4.6090749], [-74.1311606, 4.6088506], [-74.1311703, 4.6088298], [-74.1311971, 4.6088125], [-74.1314512, 4.6087036], [-74.1314862, 4.6086925]]}}, {"type": "Feature", "properties": {"highway": "cycleway", "cycleway": null, "name": null}, "geometry": {"type": "LineString", "coordinates": [[-74.1316431, 4.6090195], [-74.1314657, 4.6090963], [-74.1314059, 4.6090959], [-74.1313547, 4.6090749]]}}, {"type": "Feature", "properties": {"highway": "cycleway", "cycleway": "crossing", "name": null}, "geometry": {"type": "LineString", "coordinates": [[-74.0359269, 4.6850555], [-74.0358484, 4.6850174], [-74.0357562, 4.6849725], [-74.0357185, 4.6849542]]}}, {"type": "Feature", "properties": {"highway": "cycleway", "cycleway": null, "name": null}, "geometry": {"type": "LineString", "coordinates": [[-74.0481203, 4.6855883], [-74.0482276, 4.6855654], [-74.0484825, 4.6855204], [-74.0486912, 4.6854838], [-74.0487804, 4.6854909], [-74.048848, 4.6855033], [-74.0489219, 4.6855233], [-74.0490339, 4.6855536], [-74.0492079, 4.6856111], [-74.0495898, 4.6857107], [-74.0500518, 4.6858002], [-74.0504037, 4.6858585], [-74.050559, 4.6858842], [-74.0511755, 4.6859879], [-74.0518514, 4.6861011]]}}, {"type": "Feature", "properties": {"highway": "cycleway", "cycleway": null, "name": null}, "geometry": {"type": "LineString", "coordinates": [[-74.0477126, 4.6849285], [-74.0477258, 4.6848542], [-74.0477521, 4.6847834], [-74.0477907, 4.6847184], [-74.0478402, 4.6846613], [-74.0478992, 4.684614], [-74.0479657, 4.6845778], [-74.0480376, 4.6845541], [-74.0481126, 4.6845435], [-74.0481883, 4.6845463]]}}, {"type": "Feature", "properties": {"highway": "cycleway", "cycleway": null, "name": null}, "geometry": {"type": "LineString", "coordinates": [[-74.0578809, 4.6786689], [-74.0579896, 4.6787274], [-74.0579973, 4.6787446], [-74.0579932, 4.6787587], [-74.0579247, 4.6788442], [-74.0578359, 4.67896], [-74.0578206, 4.6789794], [-74.0578009, 4.6789936], [-74.0577827, 4.6789968], [-74.0577594, 4.6789976], [-74.0577338, 4.6789932], [-74.05772, 4.6789908], [-74.0577039, 4.678988], [-74.0576838, 4.6789909], [-74.0576703, 4.6789958], [-74.0576567, 4.6790065], [-74.0575802, 4.6790657], [-74.0569645, 4.6794881], [-74.0556971, 4.6803102], [-74.0551246, 4.6806169], [-74.0550451, 4.6806596], [-74.054978, 4.6807056], [-74.0543345, 4.6811062], [-74.0541575, 4.6811984], [-74.0539776, 4.6812919], [-74.0538083, 4.6813804], [-74.0536228, 4.6814328], [-74.0530628, 4.6817589], [-74.0527496, 4.6819458], [-74.0525706, 4.6820797], [-74.0521353, 4.6823473], [-74.051549, 4.6827338], [-74.0507548, 4.683166], [-74.0501455, 4.683519], [-74.0497743, 4.6836823], [-74.0495448, 4.6838181], [-74.049435, 4.683804], [-74.0493878, 4.6837966], [-74.0493539, 4.6838023], [-74.0492551, 4.6838893], [-74.0492212, 4.6839461], [-74.0492006, 4.6839903], [-74.0488168, 4.6842394], [-74.0485547, 4.6844002], [-74.0484938, 4.6844119], [-74.0484268, 4.6844183], [-74.0483439, 4.6844167], [-74.048291, 4.6844022], [-74.0482508, 4.6843825]]}}, {"type": "Feature", "properties": {"highway": "cycleway", "cycleway": "crossing", "name": null}, "geometry": {"type": "LineString", "coordinates": [[-74.0481883, 4.6845463], [-74.0482224, 4.6844569], [-74.0482508, 4.6843825]]}}, {"type": "Feature", "properties": {"highway": "cycleway", "cycleway": null, "name": null}, "geometry": {"type": "LineString", "coordinates": [[-74.1285763, 4.5868199], [-74.1285705, 4.5868963], [-74.1285662, 4.5869524], [-74.1284921, 4.5881657], [-74.1284702, 4.5885506], [-74.1284295, 4.5892914], [-74.1284124, 4.5896386], [-74.1283726, 4.5903833], [-74.1283498, 4.5904982], [-74.128315, 4.5906293], [-74.1282662, 4.5907467], [-74.1282043, 4.5908679], [-74.1281319, 4.5909892], [-74.1279938, 4.5911832], [-74.1275577, 4.5917283], [-74.1275029, 4.591804], [-74.1274728, 4.591864], [-74.1274529, 4.5919209], [-74.1274418, 4.5919835], [-74.1274418, 4.5920958], [-74.1274497, 4.5921766]]}}, {"type": "Feature", "properties": {"highway": "cycleway", "cycleway": null, "name": null}, "geometry": {"type": "LineString", "coordinates": [[-74.1088021, 4.597078], [-74.1087535, 4.5970545], [-74.1082444, 4.5968088], [-74.1071712, 4.5962907], [-74.1066552, 4.5960441], [-74.1064431, 4.5959428], [-74.1052218, 4.5953741], [-74.1040132, 4.5948106], [-74.1039544, 4.5947861]]}}, {"type": "Feature", "properties": {"highway": "cycleway", "cycleway": null, "name": null}, "geometry": {"type": "LineString", "coordinates": [[-74.2017047, 4.6993265], [-74.2016901, 4.6983221], [-74.201696, 4.6982759], [-74.20171, 4.6982298], [-74.2017425, 4.6980763], [-74.2017584, 4.6979943]]}}, {"type": "Feature", "properties": {"highway": "cycleway", "cycleway": null, "name": null}, "geometry": {"type": "LineString", "coordinates": [[-74.201783, 4.6995784], [-74.2017047, 4.6993265]]}}, {"type": "Feature", "properties": {"highway": "cycleway", "cycleway": null, "name": null}, "geometry": {"type": "LineString", "coordinates": [[-74.1111885, 4.6612226], [-74.1111617, 4.6612419], [-74.1111179, 4.6612736], [-74.1108329, 4.6614867], [-74.1104776, 4.661764], [-74.109764, 4.6621377], [-74.1096246, 4.6620253], [-74.1095548, 4.6619665], [-74.1094928, 4.6620197], [-74.1094274, 4.6620681], [-74.1094142, 4.6620536], [-74.1092926, 4.661915]]}}, {"type": "Feature", "properties": {"highway": "cycleway", "cycleway": null, "name": null}, "geometry": {"type": "LineString", "coordinates": [[-74.1055605, 4.6519838], [-74.1055491, 4.6517919], [-74.1055436, 4.6516557], [-74.1055725, 4.6514375], [-74.1056107, 4.6512837], [-74.1057328, 4.6509381], [-74.1058925, 4.6507226], [-74.1060177, 4.6505536], [-74.1061461, 4.6504033], [-74.1062177, 4.6503625], [-74.1063305, 4.6503176], [-74.1064172, 4.6503057], [-74.1065135, 4.6503106], [-74.1065864, 4.6503331], [-74.1066637, 4.6503737], [-74.1067845, 4.6504772], [-74.1073396, 4.6510134], [-74.1073699, 4.6510708], [-74.1073681, 4.6511075], [-74.1073568, 4.6511448], [-74.1072383, 4.6513022], [-74.1068931, 4.6517493], [-74.1066232, 4.6520852], [-74.1065601, 4.6522135], [-74.1064866, 4.6523631]]}}, {"type": "Feature", "properties": {"highway": "cycleway", "cycleway": null, "name": null}, "geometry": {"type": "LineString", "coordinates": [[-74.1064866, 4.6523631], [-74.1061397, 4.652221], [-74.1058359, 4.6520966], [-74.1055605, 4.6519838]]}}, {"type": "Feature", "properties": {"highway": "cycleway", "cycleway": null, "name": null}, "geometry": {"type": "LineString", "coordinates": [[-74.1073708, 4.6514237], [-74.1071669, 4.6516715], [-74.1071955, 4.6516956]]}}, {"type": "Feature", "properties": {"highway": "cycleway", "cycleway": null, "name": "Alameda El Porvenir"}, "geometry": {"type": "LineString", "coordinates": [[-74.203789, 4.5988052], [-74.2035021, 4.5984696], [-74.2034492, 4.5983752], [-74.2033016, 4.5977305], [-74.2031337, 4.5971808], [-74.2031163, 4.5970959], [-74.2030906, 4.5969848], [-74.2030821, 4.5969452], [-74.2030505, 4.5967908], [-74.2030423, 4.5967461], [-74.2029995, 4.5965131], [-74.2029669, 4.5963816], [-74.2029499, 4.5961933], [-74.2030026, 4.5954184], [-74.2030273, 4.5951762], [-74.2030409, 4.5949745], [-74.2030491, 4.5947619], [-74.2030459, 4.5943905], [-74.2030414, 4.5942378]]}}, {"type": "Feature", "properties": {"highway": "cycleway", "cycleway": null, "name": null}, "geometry": {"type": "LineString", "coordinates": [[-74.1022757, 4.6449053], [-74.1022556, 4.645007], [-74.1022142, 4.6451016], [-74.1020501, 4.6452905], [-74.1019438, 4.6454018], [-74.1017074, 4.6455561], [-74.1016149, 4.6456237], [-74.1015389, 4.645706], [-74.1014763, 4.6457296], [-74.1014011, 4.645741], [-74.1013268, 4.6456605], [-74.1012731, 4.6455977], [-74.101229, 4.6455188]]}}, {"type": "Feature", "properties": {"highway": "cycleway", "cycleway": null, "name": null}, "geometry": {"type": "LineString", "coordinates": [[-74.1011693, 4.6455081], [-74.1011875, 4.6455185], [-74.1012082, 4.6455222], [-74.101229, 4.6455188], [-74.1012463, 4.6455094], [-74.1012597, 4.6454951], [-74.1012679, 4.6454773], [-74.1012701, 4.6454578], [-74.1012659, 4.6454386], [-74.1012559, 4.6454217], [-74.1012411, 4.6454088], [-74.1012229, 4.6454013], [-74.1012033, 4.6453998], [-74.1011842, 4.6454046], [-74.1011676, 4.6454152], [-74.1011546, 4.6454316], [-74.1011478, 4.6454515], [-74.1011482, 4.6454725], [-74.1011556, 4.6454921], [-74.1011693, 4.6455081]]}}, {"type": "Feature", "properties": {"highway": "cycleway", "cycleway": null, "name": null}, "geometry": {"type": "LineString", "coordinates": [[-74.1011482, 4.6454725], [-74.1010837, 4.6453327], [-74.1010621, 4.6451446], [-74.1008326, 4.6448414], [-74.1006053, 4.6445405]]}}, {"type": "Feature", "properties": {"highway": "cycleway", "cycleway": null, "name": null}, "geometry": {"type": "LineString", "coordinates": [[-74.1006053, 4.6445405], [-74.1004805, 4.6443316], [-74.1004345, 4.644127], [-74.1002257, 4.6438519], [-74.1000027, 4.6437196], [-74.0996774, 4.6432183], [-74.0996258, 4.6431388]]}}, {"type": "Feature", "properties": {"highway": "cycleway", "cycleway": null, "name": null}, "geometry": {"type": "LineString", "coordinates": [[-74.1014367, 4.6391845], [-74.1014479, 4.6391969], [-74.1014545, 4.6392122], [-74.1014557, 4.6392288], [-74.1014515, 4.6392449], [-74.1014422, 4.6392588], [-74.1014287, 4.6392691], [-74.1014125, 4.6392744], [-74.1013955, 4.6392741], [-74.1013798, 4.6392683], [-74.1013668, 4.6392578], [-74.101358, 4.6392437], [-74.1013542, 4.6392275], [-74.1013559, 4.6392109], [-74.1013628, 4.6391958], [-74.1013743, 4.6391837], [-74.1013891, 4.639176], [-74.1014057, 4.6391735], [-74.1014221, 4.6391764], [-74.1014367, 4.6391845]]}}, {"type": "Feature", "properties": {"highway": "cycleway", "cycleway": null, "name": null}, "geometry": {"type": "LineString", "coordinates": [[-74.1013993, 4.6393655], [-74.1013955, 4.6392741]]}}, {"type": "Feature", "properties": {"highway": "cycleway", "cycleway": null, "name": null}, "geometry": {"type": "LineString", "coordinates": [[-74.1021216, 4.6415152], [-74.1022122, 4.641588], [-74.1023362, 4.641667], [-74.1023931, 4.6417156], [-74.1024378, 4.6417926], [-74.1024643, 4.6419061], [-74.1025415, 4.6420439], [-74.1026492, 4.6422181], [-74.1029623, 4.6425321], [-74.1031209, 4.6426911], [-74.1037419, 4.6433379]]}}, {"type": "Feature", "properties": {"highway": "cycleway", "cycleway": null, "name": null}, "geometry": {"type": "LineString", "coordinates": [[-74.1021129, 4.6414488], [-74.1021235, 4.6414633], [-74.1021287, 4.6414805], [-74.102128, 4.6414984], [-74.1021216, 4.6415152], [-74.10211, 4.6415289], [-74.1020946, 4.6415382], [-74.102077, 4.6415419], [-74.1020591, 4.6415398], [-74.1020429, 4.641532], [-74.1020301, 4.6415194], [-74.1020222, 4.6415033], [-74.1020198, 4.6414855], [-74.1020234, 4.641468], [-74.1020326, 4.6414525], [-74.1020462, 4.6414408], [-74.102063, 4.6414342], [-74.1020809, 4.6414334], [-74.1020982, 4.6414384], [-74.1021129, 4.6414488]]}}, {"type": "Feature", "properties": {"highway": "cycleway", "cycleway": null, "name": null}, "geometry": {"type": "LineString", "coordinates": [[-74.107157, 4.6465015], [-74.1069376, 4.6466347], [-74.1068281, 4.6467013]]}}, {"type": "Feature", "properties": {"highway": "cycleway", "cycleway": null, "name": null}, "geometry": {"type": "LineString", "coordinates": [[-74.1068826, 4.6465185], [-74.1069376, 4.6466347]]}}, {"type": "Feature", "properties": {"highway": "cycleway", "cycleway": null, "name": null}, "geometry": {"type": "LineString", "coordinates": [[-74.1039405, 4.6419288], [-74.1040975, 4.6420978]]}}, {"type": "Feature", "properties": {"highway": "cycleway", "cycleway": null, "name": null}, "geometry": {"type": "LineString", "coordinates": [[-74.1040837, 4.6421498], [-74.1040805, 4.6421358], [-74.1040819, 4.6421215], [-74.1040878, 4.6421084], [-74.1040975, 4.6420978], [-74.1041108, 4.6420907], [-74.1041258, 4.6420883], [-74.1041406, 4.642091], [-74.1041537, 4.6420986], [-74.1041636, 4.64211], [-74.1041691, 4.6421241], [-74.1041695, 4.6421391], [-74.1041649, 4.6421535], [-74.1041558, 4.6421655], [-74.1041438, 4.6421735], [-74.10413, 4.6421773], [-74.1041156, 4.6421765], [-74.1041022, 4.6421712], [-74.1040912, 4.642162], [-74.1040837, 4.6421498]]}}, {"type": "Feature", "properties": {"highway": "cycleway", "cycleway": null, "name": null}, "geometry": {"type": "LineString", "coordinates": [[-74.1041558, 4.6421655], [-74.1042372, 4.642253]]}}, {"type": "Feature", "properties": {"highway": "cycleway", "cycleway": null, "name": null}, "geometry": {"type": "LineString", "coordinates": [[-74.0943424, 4.6403408], [-74.0943738, 4.6403762], [-74.0944328, 4.6404425], [-74.0945157, 4.6405496], [-74.0945398, 4.6406276]]}}, {"type": "Feature", "properties": {"highway": "cycleway", "cycleway": null, "name": null}, "geometry": {"type": "LineString", "coordinates": [[-74.1455842, 4.5936996], [-74.1456012, 4.5929268], [-74.1456013, 4.5929195], [-74.1456088, 4.5924885], [-74.145602, 4.5920898], [-74.1455866, 4.5915341], [-74.1455802, 4.5913082], [-74.1455772, 4.5910466], [-74.1455753, 4.59089], [-74.1455718, 4.5905917], [-74.1455692, 4.5904761], [-74.1455615, 4.5901379], [-74.1455527, 4.5898082], [-74.1455484, 4.5896066], [-74.1455402, 4.5893991], [-74.1454984, 4.5891886], [-74.1454405, 4.5889618], [-74.1453497, 4.5886764], [-74.1452687, 4.5884642]]}}, {"type": "Feature", "properties": {"highway": "cycleway", "cycleway": null, "name": null}, "geometry": {"type": "LineString", "coordinates": [[-74.1257292, 4.5791919], [-74.1274292, 4.5787062]]}}, {"type": "Feature", "properties": {"highway": "cycleway", "cycleway": null, "name": null}, "geometry": {"type": "LineString", "coordinates": [[-74.1452687, 4.5884642], [-74.1451554, 4.5881813], [-74.1449762, 4.5877338], [-74.1449408, 4.5876455]]}}, {"type": "Feature", "properties": {"highway": "cycleway", "cycleway": null, "name": null}, "geometry": {"type": "LineString", "coordinates": [[-74.1449408, 4.5876455], [-74.1447782, 4.5872113], [-74.1445917, 4.5867211], [-74.1444776, 4.5864188], [-74.1437605, 4.5846089], [-74.1437238, 4.5845164], [-74.1435852, 4.5841632], [-74.1435167, 4.5839264], [-74.1434928, 4.5838268], [-74.1434554, 4.5836629], [-74.1433976, 4.5832218], [-74.1433676, 4.5829215], [-74.1433405, 4.5826367], [-74.1433047, 4.582386], [-74.1432466, 4.5821124], [-74.1431596, 4.5817838], [-74.1431076, 4.581628], [-74.1430427, 4.5814423], [-74.1426121, 4.5803165]]}}, {"type": "Feature", "properties": {"highway": "cycleway", "cycleway": null, "name": null}, "geometry": {"type": "LineString", "coordinates": [[-74.1415136, 4.5877828], [-74.1415082, 4.5877688], [-74.1411529, 4.5868529], [-74.1407895, 4.585916], [-74.1404258, 4.5849783], [-74.1400634, 4.5840441], [-74.1396966, 4.5830983], [-74.1396184, 4.5828967], [-74.1395995, 4.582848], [-74.1395879, 4.5828182], [-74.1393426, 4.5821857]]}}, {"type": "Feature", "properties": {"highway": "cycleway", "cycleway": null, "name": null}, "geometry": {"type": "LineString", "coordinates": [[-74.1385002, 4.5837438], [-74.1384869, 4.5837093], [-74.1381096, 4.5827469], [-74.1381012, 4.5827258], [-74.1379946, 4.5824343], [-74.1377267, 4.5817614]]}}, {"type": "Feature", "properties": {"highway": "cycleway", "cycleway": null, "name": null}, "geometry": {"type": "LineString", "coordinates": [[-74.1421338, 4.5791267], [-74.1420717, 4.5789622], [-74.141807, 4.5782744], [-74.1415652, 4.5777802], [-74.1413989, 4.5774402], [-74.141041, 4.5767335]]}}, {"type": "Feature", "properties": {"highway": "cycleway", "cycleway": null, "name": null}, "geometry": {"type": "LineString", "coordinates": [[-74.1351276, 4.5765729], [-74.1351183, 4.5765978], [-74.135142, 4.5766553], [-74.1351928, 4.5767783], [-74.1352029, 4.5768024], [-74.1335118, 4.5774926], [-74.1334877, 4.5775021], [-74.1325465, 4.5770926], [-74.1325015, 4.5769812], [-74.1323779, 4.5766746], [-74.1322108, 4.5762657], [-74.132183, 4.5761977], [-74.1321411, 4.5760955], [-74.13213, 4.5760682], [-74.1321202, 4.5760443]]}}, {"type": "Feature", "properties": {"highway": "cycleway", "cycleway": null, "name": null}, "geometry": {"type": "LineString", "coordinates": [[-74.1405439, 4.5767], [-74.1404976, 4.5767188], [-74.1399832, 4.5769273], [-74.1396466, 4.5770752], [-74.1394441, 4.5771554], [-74.1393837, 4.5771793], [-74.1390119, 4.5773654], [-74.1388969, 4.5774092], [-74.1388383, 4.5773821]]}}, {"type": "Feature", "properties": {"highway": "cycleway", "cycleway": null, "name": null}, "geometry": {"type": "LineString", "coordinates": [[-74.1377267, 4.5817614], [-74.13742, 4.580976], [-74.1373487, 4.5807892], [-74.1371899, 4.5803728], [-74.1369789, 4.5798235], [-74.1368714, 4.5795437], [-74.1366271, 4.578923], [-74.1365765, 4.5787947], [-74.1364477, 4.5784789], [-74.1364412, 4.5784628], [-74.1364301, 4.5784346], [-74.1364192, 4.5784072], [-74.1361544, 4.5777531], [-74.1357907, 4.576854], [-74.1351276, 4.5765729], [-74.1348585, 4.5764578], [-74.1342288, 4.5761885], [-74.1341752, 4.5761503], [-74.1341431, 4.5760854], [-74.1340876, 4.5759371], [-74.1339379, 4.575537], [-74.1339195, 4.5754879]]}}, {"type": "Feature", "properties": {"highway": "cycleway", "cycleway": null, "name": null}, "geometry": {"type": "LineString", "coordinates": [[-74.141041, 4.5767335], [-74.1409447, 4.57655], [-74.1407283, 4.5761374], [-74.1405795, 4.5758246], [-74.1404745, 4.5755359], [-74.140458, 4.5754844], [-74.1404416, 4.5754166], [-74.1402644, 4.5746554], [-74.1402494, 4.5746103], [-74.1401935, 4.5745082], [-74.1401594, 4.5744262], [-74.1400024, 4.5738484], [-74.1399549, 4.573617], [-74.1399522, 4.5735556], [-74.1399556, 4.5734901], [-74.1399453, 4.5734088], [-74.1399042, 4.5732663], [-74.1398665, 4.5731801], [-74.1398003, 4.5730089], [-74.1397711, 4.5729205], [-74.1397339, 4.572808], [-74.1397109, 4.5727263], [-74.1397071, 4.5726974], [-74.1397113, 4.5726686], [-74.1397237, 4.5726215], [-74.1397259, 4.5725723], [-74.1397204, 4.5725252], [-74.1396756, 4.5724189], [-74.1396359, 4.5723155], [-74.1396011, 4.5722039], [-74.1393796, 4.5713634], [-74.1393106, 4.5711188], [-74.139186, 4.570621], [-74.1390768, 4.5701656], [-74.1390087, 4.5698508], [-74.1389878, 4.5697457], [-74.1389851, 4.5697139], [-74.138978, 4.5696045], [-74.1389812, 4.5694877], [-74.1389961, 4.5692724], [-74.1390137, 4.569124], [-74.1390561, 4.5689252], [-74.139104, 4.5687562], [-74.1393095, 4.568158], [-74.1393936, 4.5679002], [-74.1394776, 4.5676646], [-74.1395638, 4.5675385], [-74.139663, 4.5674289], [-74.1397454, 4.5673594]]}}, {"type": "Feature", "properties": {"highway": "cycleway", "cycleway": null, "name": null}, "geometry": {"type": "LineString", "coordinates": [[-74.1393426, 4.5821857], [-74.1389298, 4.582354], [-74.1384985, 4.5825197], [-74.1384663, 4.582539], [-74.1381096, 4.5827469]]}}, {"type": "Feature", "properties": {"highway": "cycleway", "cycleway": null, "name": null}, "geometry": {"type": "LineString", "coordinates": [[-74.1379839, 4.5677002], [-74.137983, 4.5677778], [-74.1379822, 4.5678413], [-74.1379627, 4.567963], [-74.1379309, 4.568053], [-74.1378831, 4.5681042], [-74.1377999, 4.568143], [-74.1377097, 4.5681483], [-74.1376194, 4.5681236], [-74.1375254, 4.5680442], [-74.1374871, 4.5679612], [-74.137492, 4.5678202], [-74.1375398, 4.5677231], [-74.1376035, 4.567672], [-74.1376346, 4.5676607], [-74.137715, 4.5676314], [-74.1377907, 4.5676186], [-74.1379025, 4.5675997], [-74.1382547, 4.5675785], [-74.138703, 4.567552], [-74.1388359, 4.5675359], [-74.1390823, 4.567506], [-74.1393414, 4.567453], [-74.1395956, 4.5673955], [-74.1397454, 4.5673594], [-74.1402036, 4.5672576]]}}, {"type": "Feature", "properties": {"highway": "cycleway", "cycleway": null, "name": null}, "geometry": {"type": "LineString", "coordinates": [[-74.1383475, 4.5647058], [-74.1383022, 4.5647479], [-74.1382787, 4.5647697], [-74.1381655, 4.5649206], [-74.1380871, 4.5650518], [-74.1380637, 4.5650909], [-74.1379772, 4.565252], [-74.1378494, 4.5655895], [-74.1377667, 4.5662585], [-74.1377415, 4.5663574], [-74.1377056, 4.5664984], [-74.1376223, 4.5667347], [-74.1375494, 4.5668251], [-74.1374542, 4.5669302], [-74.1375078, 4.5669866], [-74.1375329, 4.5670038], [-74.1375638, 4.5670251], [-74.1376107, 4.5670378], [-74.1376277, 4.5670423], [-74.1377196, 4.5670476], [-74.1378515, 4.5670339], [-74.1378728, 4.5670317], [-74.1379935, 4.567015]]}}, {"type": "Feature", "properties": {"highway": "cycleway", "cycleway": null, "name": null}, "geometry": {"type": "LineString", "coordinates": [[-74.1353332, 4.5687019], [-74.135784, 4.5685215], [-74.135991, 4.568418], [-74.1360847, 4.5683691], [-74.1362097, 4.5683067], [-74.13632, 4.568258], [-74.1363452, 4.5682531], [-74.1364677, 4.5682294], [-74.136596, 4.56823], [-74.136731, 4.568249], [-74.136832, 4.568274], [-74.136978, 4.568353], [-74.137117, 4.568461], [-74.1380078, 4.5691247], [-74.1381188, 4.5692265], [-74.1382015, 4.569329], [-74.138273, 4.5694315], [-74.1383291, 4.5695388], [-74.138377, 4.5696778], [-74.1385257, 4.5702614], [-74.1386422, 4.5707585]]}}, {"type": "Feature", "properties": {"highway": "cycleway", "cycleway": null, "name": null}, "geometry": {"type": "LineString", "coordinates": [[-74.1343097, 4.569092], [-74.1345761, 4.5689904], [-74.1346, 4.5689813], [-74.1346368, 4.5689673], [-74.1350057, 4.5688265], [-74.1353332, 4.5687019]]}}, {"type": "Feature", "properties": {"highway": "cycleway", "cycleway": null, "name": null}, "geometry": {"type": "LineString", "coordinates": [[-74.1427187, 4.5665313], [-74.1426459, 4.5665268], [-74.1423746, 4.5665275], [-74.1421449, 4.5665588], [-74.1418884, 4.5666249], [-74.1416675, 4.5666785], [-74.1416261, 4.5666873], [-74.1407482, 4.566873]]}}, {"type": "Feature", "properties": {"highway": "cycleway", "cycleway": null, "name": null}, "geometry": {"type": "LineString", "coordinates": [[-74.1477762, 4.5696667], [-74.147703, 4.5696164]]}}, {"type": "Feature", "properties": {"highway": "cycleway", "cycleway": null, "name": null}, "geometry": {"type": "LineString", "coordinates": [[-74.1510807, 4.571922], [-74.1502647, 4.5713659], [-74.1501975, 4.5713201], [-74.1491795, 4.5706258], [-74.1481847, 4.5699476], [-74.1479598, 4.569793], [-74.1477762, 4.5696667]]}}, {"type": "Feature", "properties": {"highway": "cycleway", "cycleway": null, "name": null}, "geometry": {"type": "LineString", "coordinates": [[-74.1537786, 4.574569], [-74.1540721, 4.5749163], [-74.1542719, 4.5751703], [-74.1544601, 4.5754093], [-74.1545304, 4.5755123], [-74.1546301, 4.575673], [-74.1547883, 4.5759507], [-74.1548756, 4.5761038], [-74.1549345, 4.5762071], [-74.1550081, 4.5763362], [-74.1550742, 4.5764591], [-74.1558388, 4.5778807], [-74.1558587, 4.5779189], [-74.1558734, 4.5779795], [-74.1558756, 4.5780541]]}}, {"type": "Feature", "properties": {"highway": "cycleway", "cycleway": null, "name": null}, "geometry": {"type": "LineString", "coordinates": [[-74.1539689, 4.5740563], [-74.1539433, 4.5740301], [-74.1539188, 4.574048], [-74.1539041, 4.5740557], [-74.1538816, 4.5740597], [-74.1538603, 4.5740577], [-74.1538427, 4.5740523], [-74.1538263, 4.5740432], [-74.1537663, 4.5739856], [-74.1531572, 4.5734457], [-74.1530965, 4.5733919], [-74.1530008, 4.5733136], [-74.1528195, 4.5731652], [-74.1523854, 4.5728251], [-74.1522388, 4.5727206], [-74.15194, 4.5725076], [-74.1514351, 4.5721608], [-74.1513583, 4.572109], [-74.1512371, 4.5720273], [-74.1510807, 4.571922]]}}, {"type": "Feature", "properties": {"highway": "cycleway", "cycleway": null, "name": null}, "geometry": {"type": "LineString", "coordinates": [[-74.1555795, 4.5809558], [-74.1557457, 4.580929], [-74.1560127, 4.5808808], [-74.156057, 4.5808731], [-74.1561878, 4.5808571], [-74.1564759, 4.5808234], [-74.1568811, 4.5807539], [-74.1570259, 4.5807448], [-74.1571627, 4.5807711], [-74.1571891, 4.5807802], [-74.1572484, 4.5808006], [-74.157332, 4.5808501], [-74.1574008, 4.5809022], [-74.1574476, 4.5809403], [-74.1575522, 4.5811108], [-74.1575589, 4.5811238], [-74.157624, 4.5812507], [-74.1577804, 4.5814907], [-74.1578497, 4.5816277], [-74.1582041, 4.5823285], [-74.1582318, 4.5823833], [-74.1582918, 4.5825018], [-74.1583899, 4.5826828], [-74.1584773, 4.582844], [-74.1585608, 4.5829981], [-74.1590579, 4.5840093], [-74.1591137, 4.584123], [-74.1591604, 4.5842227], [-74.1595761, 4.58511], [-74.1599394, 4.5858625], [-74.1603299, 4.5866633], [-74.1606273, 4.5872841], [-74.1606607, 4.5873538], [-74.1607358, 4.5875106], [-74.1608278, 4.5877333], [-74.1609123, 4.5879909], [-74.1609702, 4.5883959]]}}, {"type": "Feature", "properties": {"highway": "cycleway", "cycleway": null, "name": null}, "geometry": {"type": "LineString", "coordinates": [[-74.1609702, 4.5883959], [-74.1609899, 4.5885756], [-74.1610362, 4.5890002], [-74.161117, 4.5897824], [-74.1611281, 4.5898903], [-74.1611358, 4.5899742], [-74.1612353, 4.5910288], [-74.1612615, 4.5913021], [-74.1613765, 4.5921747], [-74.1614308, 4.5926608], [-74.1614443, 4.5927847], [-74.161643, 4.5945484]]}}, {"type": "Feature", "properties": {"highway": "cycleway", "cycleway": null, "name": null}, "geometry": {"type": "LineString", "coordinates": [[-74.0694143, 4.613926], [-74.0695839, 4.6129795], [-74.0696689, 4.6124112]]}}, {"type": "Feature", "properties": {"highway": "cycleway", "cycleway": null, "name": null}, "geometry": {"type": "LineString", "coordinates": [[-74.0696689, 4.6124112], [-74.0696812, 4.6123573], [-74.0696901, 4.6123192], [-74.0697234, 4.6121734], [-74.069819, 4.6117569], [-74.0698608, 4.611575]]}}, {"type": "Feature", "properties": {"highway": "cycleway", "cycleway": null, "name": null}, "geometry": {"type": "LineString", "coordinates": [[-74.0699349, 4.6112639], [-74.0699482, 4.6112089], [-74.0699735, 4.6111045], [-74.0701669, 4.6103032], [-74.0702233, 4.6100717]]}}, {"type": "Feature", "properties": {"highway": "cycleway", "cycleway": null, "name": null}, "geometry": {"type": "LineString", "coordinates": [[-74.048163, 4.7519346], [-74.0480409, 4.7519279], [-74.0477531, 4.7518574]]}}, {"type": "Feature", "properties": {"highway": "cycleway", "cycleway": null, "name": null}, "geometry": {"type": "LineString", "coordinates": [[-74.0995946, 4.5896404], [-74.099618, 4.5896744], [-74.1008425, 4.5914551], [-74.1010427, 4.5917414], [-74.1012234, 4.5920021], [-74.1014281, 4.5922974], [-74.1016153, 4.5925578], [-74.1019747, 4.592966], [-74.1028197, 4.5938785], [-74.1031539, 4.594235]]}}, {"type": "Feature", "properties": {"highway": "cycleway", "cycleway": null, "name": null}, "geometry": {"type": "LineString", "coordinates": [[-74.0973204, 4.5865487], [-74.0966116, 4.5857717], [-74.0959954, 4.5850864]]}}, {"type": "Feature", "properties": {"highway": "cycleway", "cycleway": "track", "name": null}, "geometry": {"type": "LineString", "coordinates": [[-74.1075468, 4.5745734], [-74.1089336, 4.5756338], [-74.1090465, 4.5757202]]}}, {"type": "Feature", "properties": {"highway": "cycleway", "cycleway": null, "name": null}, "geometry": {"type": "LineString", "coordinates": [[-74.1156535, 4.6849577], [-74.1156451, 4.6849487], [-74.1153937, 4.6846811], [-74.1150533, 4.684345], [-74.1147676, 4.6840613], [-74.1145184, 4.6838462], [-74.11441, 4.6837595], [-74.1140362, 4.6834459], [-74.1134455, 4.6829492]]}}, {"type": "Feature", "properties": {"highway": "cycleway", "cycleway": null, "name": null}, "geometry": {"type": "LineString", "coordinates": [[-74.118482, 4.6885461], [-74.1195322, 4.6903126], [-74.1200015, 4.6910626], [-74.1200999, 4.6912244], [-74.1202219, 4.6914047], [-74.1202716, 4.69148], [-74.1204101, 4.6916371], [-74.1204845, 4.6917208], [-74.1205961, 4.6918393], [-74.1206561, 4.6919015], [-74.1206918, 4.6919364], [-74.1207246, 4.6919688], [-74.1207379, 4.6919844], [-74.1208052, 4.6920484], [-74.1208487, 4.6920882], [-74.120907, 4.6921395], [-74.1210822, 4.6922819], [-74.1212899, 4.6924302], [-74.1215011, 4.6925666], [-74.1216188, 4.6926432], [-74.1218384, 4.6927628], [-74.1222455, 4.6930158], [-74.1224745, 4.6931719], [-74.1232076, 4.6937046], [-74.124518, 4.6947254], [-74.1256863, 4.6955726], [-74.1265494, 4.6962324], [-74.1269155, 4.6965122], [-74.1282214, 4.6974945], [-74.1295048, 4.6984499], [-74.1308919, 4.6994974], [-74.1311921, 4.6997229], [-74.131603, 4.7000316], [-74.1321099, 4.7004123], [-74.1334022, 4.7013856], [-74.1345636, 4.7022774], [-74.1347284, 4.7024039], [-74.134961, 4.7025804], [-74.1361525, 4.7034694], [-74.1363666, 4.7036389], [-74.136577, 4.7038383], [-74.1366561, 4.7039209], [-74.1368131, 4.7040812], [-74.1370673, 4.7043233], [-74.137082, 4.7043373], [-74.1372029, 4.7044365]]}}, {"type": "Feature", "properties": {"highway": "cycleway", "cycleway": null, "name": null}, "geometry": {"type": "LineString", "coordinates": [[-74.0766073, 4.6840868], [-74.0768006, 4.6843095]]}}, {"type": "Feature", "properties": {"highway": "cycleway", "cycleway": null, "name": null}, "geometry": {"type": "LineString", "coordinates": [[-74.0673354, 4.7018989], [-74.0676426, 4.7016744], [-74.0679874, 4.7014065], [-74.0686245, 4.7008747], [-74.0693284, 4.7003013], [-74.0694046, 4.7002425], [-74.0695018, 4.7001784], [-74.0695526, 4.7001533], [-74.0696622, 4.7001179], [-74.0698088, 4.7000797], [-74.069851, 4.7000693]]}}, {"type": "Feature", "properties": {"highway": "cycleway", "cycleway": null, "name": null}, "geometry": {"type": "LineString", "coordinates": [[-74.0659995, 4.7004527], [-74.0660819, 4.7006777], [-74.0662948, 4.7012586], [-74.0663644, 4.7014485], [-74.0663796, 4.7014899]]}}, {"type": "Feature", "properties": {"highway": "cycleway", "cycleway": null, "name": null}, "geometry": {"type": "LineString", "coordinates": [[-74.0659995, 4.7004527], [-74.0657733, 4.7002723], [-74.0657135, 4.7000724]]}}, {"type": "Feature", "properties": {"highway": "cycleway", "cycleway": null, "name": null}, "geometry": {"type": "LineString", "coordinates": [[-74.0620673, 4.7006731], [-74.059555, 4.7002505]]}}, {"type": "Feature", "properties": {"highway": "cycleway", "cycleway": null, "name": null}, "geometry": {"type": "LineString", "coordinates": [[-74.0916073, 4.7426057], [-74.0915595, 4.742739], [-74.0924635, 4.7435198], [-74.0924909, 4.743541], [-74.0927057, 4.7437052], [-74.0929327, 4.7438743], [-74.0931235, 4.7440223], [-74.0933512, 4.7441965], [-74.093723, 4.7444787], [-74.0944968, 4.74508], [-74.0945388, 4.7451112], [-74.0948233, 4.7453104], [-74.0950894, 4.745494], [-74.0954609, 4.7456693], [-74.0955562, 4.7457353], [-74.0955824, 4.7457519], [-74.0959802, 4.7460144], [-74.096009, 4.7460227], [-74.0960737, 4.7460395], [-74.0961415, 4.7460426], [-74.0961851, 4.7460366], [-74.0962077, 4.7460334], [-74.0962709, 4.7460073], [-74.096334, 4.7459643], [-74.0963803, 4.7459198], [-74.0964199, 4.7458654], [-74.0965575, 4.7456237], [-74.0966921, 4.7453836], [-74.0968303, 4.7451548], [-74.0968705, 4.7450918], [-74.0969736, 4.7449031], [-74.0970922, 4.7446277], [-74.0972118, 4.7443354], [-74.0973198, 4.7440793], [-74.0974235, 4.7438339], [-74.0976634, 4.7432286], [-74.0978023, 4.742895], [-74.0978244, 4.7428182], [-74.0978432, 4.7427205], [-74.0979442, 4.7424383], [-74.0981606, 4.7418862]]}}, {"type": "Feature", "properties": {"highway": "cycleway", "cycleway": null, "name": null}, "geometry": {"type": "LineString", "coordinates": [[-74.212613, 4.5831188], [-74.2132711, 4.582964], [-74.2134423, 4.5829236], [-74.2140787, 4.5827912], [-74.2149389, 4.582605], [-74.2156835, 4.5824476], [-74.2164961, 4.5822883], [-74.2172833, 4.5821221], [-74.2181399, 4.5819274], [-74.2181828, 4.5819166], [-74.218776, 4.5817569], [-74.2190273, 4.5816908], [-74.2190423, 4.5816925], [-74.2191079, 4.5816996], [-74.2191416, 4.5817033], [-74.2196399, 4.5816095], [-74.22002, 4.5814928], [-74.2208845, 4.5812036], [-74.2211445, 4.5810816], [-74.2214428, 4.5809498]]}}, {"type": "Feature", "properties": {"highway": "cycleway", "cycleway": null, "name": null}, "geometry": {"type": "LineString", "coordinates": [[-74.0687707, 4.6176901], [-74.0687834, 4.6177184], [-74.0688044, 4.6177649], [-74.0688782, 4.6179388], [-74.0689031, 4.6179963], [-74.0691298, 4.618576], [-74.0692828, 4.6189857], [-74.0694536, 4.6194191], [-74.069514, 4.6195574], [-74.0695595, 4.6196369], [-74.0695775, 4.6196633], [-74.0696084, 4.6197088], [-74.0696329, 4.6197471], [-74.0697096, 4.6198464], [-74.069772, 4.6199206], [-74.0698475, 4.6200074], [-74.0699282, 4.6200886], [-74.0700022, 4.620162], [-74.0700871, 4.6202353]]}}, {"type": "Feature", "properties": {"highway": "cycleway", "cycleway": null, "name": null}, "geometry": {"type": "LineString", "coordinates": [[-74.0799192, 4.6342035], [-74.0799343, 4.6341456], [-74.0800425, 4.6333465]]}}, {"type": "Feature", "properties": {"highway": "cycleway", "cycleway": null, "name": null}, "geometry": {"type": "LineString", "coordinates": [[-74.1004385, 4.5690324], [-74.100319, 4.5689332], [-74.1002857, 4.5689054], [-74.1002562, 4.5688814], [-74.1002052, 4.5688332], [-74.1001556, 4.5687758], [-74.1001395, 4.5687223], [-74.1001462, 4.5686608], [-74.1001609, 4.5685752], [-74.1001668, 4.5685286], [-74.1001757, 4.5684589], [-74.100169, 4.5684001], [-74.1001529, 4.5683627], [-74.100118, 4.5683239], [-74.1000604, 4.5682611], [-74.1000354, 4.5682337], [-74.0999664, 4.5681584], [-74.0997364, 4.5676835], [-74.0995139, 4.5673945], [-74.0994133, 4.5672848], [-74.0993623, 4.5672608], [-74.0992859, 4.5672327], [-74.0992255, 4.5671846], [-74.0991947, 4.5671244], [-74.0991826, 4.5670629], [-74.09918, 4.5669867], [-74.0991625, 4.5669105], [-74.0991236, 4.5668357], [-74.0990201, 4.5667067], [-74.0988675, 4.5665482], [-74.0987883, 4.5664868], [-74.0987213, 4.5664052], [-74.0986564, 4.5663364], [-74.0985496, 4.5662528], [-74.0983443, 4.5660215], [-74.0982573, 4.5658731], [-74.0981916, 4.5657595], [-74.09815, 4.565702], [-74.0981071, 4.5656566], [-74.0980785, 4.5656244]]}}, {"type": "Feature", "properties": {"highway": "cycleway", "cycleway": null, "name": null}, "geometry": {"type": "LineString", "coordinates": [[-74.1038872, 4.5742438], [-74.1033366, 4.5749484], [-74.1027531, 4.5756801]]}}, {"type": "Feature", "properties": {"highway": "cycleway", "cycleway": null, "name": null}, "geometry": {"type": "LineString", "coordinates": [[-74.1044554, 4.5714964], [-74.1044948, 4.5715516], [-74.104515, 4.571593], [-74.104539, 4.5716663], [-74.1045602, 4.5718004], [-74.1045691, 4.5718551], [-74.1045655, 4.5718992], [-74.1045408, 4.5719591], [-74.1044799, 4.5720652], [-74.1041925, 4.5724747], [-74.1037987, 4.572984], [-74.1036262, 4.5730976], [-74.1035432, 4.5731612], [-74.1034453, 4.5732461], [-74.1033633, 4.5733649], [-74.1032313, 4.5735379], [-74.1031419, 4.5736907], [-74.1030589, 4.5738233], [-74.1029716, 4.5739262], [-74.102928, 4.5740377], [-74.1028694, 4.5741098], [-74.1028183, 4.5741501], [-74.1027659, 4.5741588], [-74.1027075, 4.57415], [-74.1026561, 4.5741271], [-74.1026137, 4.5740706], [-74.1026031, 4.5740159], [-74.1025765, 4.5739665], [-74.1025199, 4.5739295], [-74.1024385, 4.5739154], [-74.1023695, 4.5739171], [-74.1022951, 4.5739171], [-74.1022456, 4.5739048], [-74.1022137, 4.5738889], [-74.102186, 4.5738562], [-74.1021786, 4.5738085], [-74.1021882, 4.5737448], [-74.1022254, 4.5736589], [-74.1029398, 4.5725969], [-74.1033943, 4.5719349], [-74.1036562, 4.5716031], [-74.1037135, 4.5715601], [-74.1038046, 4.5715093], [-74.103937, 4.5714551], [-74.104019, 4.5714147], [-74.1041361, 4.5713797], [-74.1042617, 4.5713978], [-74.1043852, 4.5714476], [-74.1044554, 4.5714964]]}}, {"type": "Feature", "properties": {"highway": "cycleway", "cycleway": "track", "name": null}, "geometry": {"type": "LineString", "coordinates": [[-74.1090465, 4.5757202], [-74.1094721, 4.5760575], [-74.1097304, 4.5762618], [-74.1098119, 4.5763344], [-74.1098578, 4.5763891], [-74.1099326, 4.5764952], [-74.1100033, 4.5766408], [-74.1102974, 4.5772875], [-74.1103235, 4.577345], [-74.1105155, 4.5777672], [-74.1105382, 4.5778171]]}}, {"type": "Feature", "properties": {"highway": "cycleway", "cycleway": null, "name": null}, "geometry": {"type": "LineString", "coordinates": [[-74.1069021, 4.5745047], [-74.1068739, 4.5744268], [-74.1066044, 4.5745244], [-74.105693, 4.5748806], [-74.1055409, 4.5749401], [-74.1050202, 4.5751335]]}}, {"type": "Feature", "properties": {"highway": "cycleway", "cycleway": null, "name": null}, "geometry": {"type": "LineString", "coordinates": [[-74.1145383, 4.6837079], [-74.1146081, 4.6836421], [-74.1146601, 4.6836273], [-74.1147146, 4.6836075], [-74.1147617, 4.6835853], [-74.1147965, 4.6835631], [-74.1150165, 4.6833696], [-74.1152477, 4.6831313], [-74.1158873, 4.6824289], [-74.1164055, 4.6818599], [-74.1166885, 4.6815438], [-74.117461, 4.6807962], [-74.1175918, 4.6806463], [-74.117686, 4.6805202], [-74.1177268, 4.6804143], [-74.1177441, 4.6803442], [-74.1177424, 4.6802282], [-74.1177123, 4.6801344], [-74.1176544, 4.6800332], [-74.1175702, 4.6798864], [-74.1175307, 4.6797446], [-74.1175263, 4.6796723], [-74.1175229, 4.6796338], [-74.1175448, 4.6795231], [-74.1175673, 4.6794521], [-74.1176237, 4.6793516], [-74.1180173, 4.6789379], [-74.1180807, 4.6788348], [-74.1181445, 4.6787623], [-74.1182025, 4.6786919], [-74.1182488, 4.6786307], [-74.1183157, 4.6785422], [-74.1183893, 4.678461], [-74.1184349, 4.6784078], [-74.1184657, 4.6783684]]}}, {"type": "Feature", "properties": {"highway": "cycleway", "cycleway": null, "name": null}, "geometry": {"type": "LineString", "coordinates": [[-74.1141738, 4.6841091], [-74.1145383, 4.6837079]]}}, {"type": "Feature", "properties": {"highway": "cycleway", "cycleway": null, "name": null}, "geometry": {"type": "LineString", "coordinates": [[-74.0829818, 4.6931766], [-74.0829201, 4.6930751], [-74.0828831, 4.693025], [-74.0828399, 4.6929804], [-74.0827766, 4.6929254]]}}, {"type": "Feature", "properties": {"highway": "cycleway", "cycleway": null, "name": null}, "geometry": {"type": "LineString", "coordinates": [[-74.0819559, 4.6914991], [-74.0819859, 4.691596], [-74.0820403, 4.6917024], [-74.082133, 4.691851], [-74.0822209, 4.6919672], [-74.0823257, 4.6920851], [-74.0824093, 4.6922063], [-74.0824628, 4.6923212], [-74.082503, 4.6924281], [-74.082554, 4.6925778], [-74.0825996, 4.6927008], [-74.0826425, 4.692777], [-74.0826975, 4.6928478], [-74.0827766, 4.6929254]]}}, {"type": "Feature", "properties": {"highway": "cycleway", "cycleway": null, "name": null}, "geometry": {"type": "LineString", "coordinates": [[-74.081211, 4.6908478], [-74.0815736, 4.6908001], [-74.0816187, 4.6908014], [-74.0816616, 4.690815], [-74.0816991, 4.6908399], [-74.0817282, 4.6908701], [-74.0817507, 4.6909124], [-74.0819049, 4.691201], [-74.0819252, 4.6912627], [-74.0819377, 4.6913415], [-74.0819438, 4.691423], [-74.0819559, 4.6914991]]}}, {"type": "Feature", "properties": {"highway": "cycleway", "cycleway": null, "name": null}, "geometry": {"type": "LineString", "coordinates": [[-74.0812017, 4.6908022], [-74.0812986, 4.6907883], [-74.0812952, 4.6907599], [-74.0812903, 4.6906881], [-74.0813133, 4.6906111], [-74.081317, 4.6905987], [-74.0813332, 4.6905471], [-74.0808936, 4.6897893], [-74.0807968, 4.6897552], [-74.0807314, 4.6897612], [-74.0806718, 4.6897073], [-74.0797254, 4.6880643], [-74.0794864, 4.6876572], [-74.0794249, 4.6875524], [-74.0791996, 4.687305], [-74.0790322, 4.6871645], [-74.0787554, 4.6868501], [-74.0779365, 4.6857472], [-74.0779798, 4.6857122]]}}, {"type": "Feature", "properties": {"highway": "cycleway", "cycleway": null, "name": null}, "geometry": {"type": "LineString", "coordinates": [[-74.0774254, 4.682164], [-74.0774572, 4.6822086]]}}, {"type": "Feature", "properties": {"highway": "cycleway", "cycleway": null, "name": null}, "geometry": {"type": "LineString", "coordinates": [[-74.0772676, 4.6819678], [-74.0774254, 4.682164]]}}, {"type": "Feature", "properties": {"highway": "cycleway", "cycleway": null, "name": null}, "geometry": {"type": "LineString", "coordinates": [[-74.092124, 4.6565547], [-74.0922745, 4.6567466], [-74.0923911, 4.6568595], [-74.0925195, 4.656942], [-74.092702, 4.6570212], [-74.0928807, 4.657076], [-74.093166, 4.6571171]]}}, {"type": "Feature", "properties": {"highway": "cycleway", "cycleway": null, "name": null}, "geometry": {"type": "LineString", "coordinates": [[-74.0930714, 4.6563881], [-74.0928807, 4.657076], [-74.0928113, 4.6573803]]}}, {"type": "Feature", "properties": {"highway": "cycleway", "cycleway": null, "name": null}, "geometry": {"type": "LineString", "coordinates": [[-74.151932, 4.6071145], [-74.1520004, 4.6071326], [-74.1520594, 4.6071352], [-74.152286, 4.6071014], [-74.1523567, 4.6070908], [-74.1523949, 4.6070851], [-74.1527661, 4.6070297], [-74.1530458, 4.6070317], [-74.1540024, 4.6071556], [-74.156259, 4.6073811], [-74.1563686, 4.60736]]}}, {"type": "Feature", "properties": {"highway": "cycleway", "cycleway": null, "name": null}, "geometry": {"type": "LineString", "coordinates": [[-74.0527584, 4.7652858], [-74.0514527, 4.7643273], [-74.0514227, 4.7643053]]}}, {"type": "Feature", "properties": {"highway": "cycleway", "cycleway": null, "name": null}, "geometry": {"type": "LineString", "coordinates": [[-74.1219718, 4.5202868], [-74.1220415, 4.5202895], [-74.1221032, 4.520359], [-74.1223176, 4.5207404], [-74.1224171, 4.520876]]}}, {"type": "Feature", "properties": {"highway": "cycleway", "cycleway": null, "name": null}, "geometry": {"type": "LineString", "coordinates": [[-74.1207474, 4.5124416], [-74.1206068, 4.5126873], [-74.1203142, 4.5131988], [-74.1202713, 4.5132148], [-74.1202364, 4.5132015], [-74.1200687, 4.5130558], [-74.119944, 4.5129475], [-74.1198689, 4.5129073], [-74.1198046, 4.5128993], [-74.1197708, 4.5128996], [-74.1197268, 4.5128993], [-74.1194332, 4.512956], [-74.1190561, 4.5130287], [-74.1186885, 4.5130996], [-74.1186593, 4.5131052], [-74.1185702, 4.51313], [-74.1185158, 4.5131467], [-74.118493, 4.5131587], [-74.1182864, 4.5133459], [-74.1182805, 4.5133509], [-74.1182516, 4.5133753], [-74.1182194, 4.5133833], [-74.1181657, 4.5133833], [-74.1179846, 4.513344], [-74.1179029, 4.5133245], [-74.1175945, 4.5132617], [-74.1175525, 4.5132532]]}}, {"type": "Feature", "properties": {"highway": "cycleway", "cycleway": null, "name": null}, "geometry": {"type": "LineString", "coordinates": [[-74.1175827, 4.5132906], [-74.1175945, 4.5132617], [-74.1180075, 4.5122493], [-74.1180319, 4.5122229], [-74.1180665, 4.5122148], [-74.1181132, 4.5122249], [-74.1183867, 4.5123352], [-74.1186419, 4.5124382], [-74.1189061, 4.5125448], [-74.1190727, 4.512612], [-74.1191499, 4.5126221], [-74.1191906, 4.5126181], [-74.119217, 4.5126029], [-74.1192434, 4.5125877], [-74.1192658, 4.5125634], [-74.1192902, 4.5125208], [-74.1195204, 4.5119419]]}}, {"type": "Feature", "properties": {"highway": "cycleway", "cycleway": null, "name": null}, "geometry": {"type": "LineString", "coordinates": [[-74.1368438, 4.549667], [-74.1368922, 4.5496554], [-74.1376596, 4.5494708], [-74.1377268, 4.5495061], [-74.1377746, 4.549529], [-74.1378251, 4.5495365], [-74.1378578, 4.5495413], [-74.1379639, 4.5495378], [-74.1380542, 4.5495378], [-74.1381267, 4.5496048], [-74.1382347, 4.5497336], [-74.1382559, 4.5497795], [-74.1382807, 4.5498395], [-74.1383249, 4.5499718], [-74.1385532, 4.5500018], [-74.1385897, 4.5500401], [-74.1386789, 4.5501341]]}}, {"type": "Feature", "properties": {"highway": "cycleway", "cycleway": null, "name": null}, "geometry": {"type": "LineString", "coordinates": [[-74.1386789, 4.5501341], [-74.1386859, 4.5502046], [-74.138716, 4.5502681], [-74.1389073, 4.5503773], [-74.1394168, 4.5505398], [-74.1396434, 4.550572]]}}, {"type": "Feature", "properties": {"highway": "cycleway", "cycleway": null, "name": null}, "geometry": {"type": "LineString", "coordinates": [[-74.1396434, 4.550572], [-74.1393265, 4.5504675], [-74.1392618, 4.5504398], [-74.1389044, 4.550277], [-74.1386789, 4.5501341]]}}, {"type": "Feature", "properties": {"highway": "cycleway", "cycleway": null, "name": null}, "geometry": {"type": "LineString", "coordinates": [[-74.120797, 4.491363], [-74.1206548, 4.4915128], [-74.1205046, 4.491601], [-74.1203437, 4.4916411], [-74.1202141, 4.491666], [-74.1201908, 4.4916705], [-74.1200755, 4.4918684], [-74.1201613, 4.4921144], [-74.1203459, 4.4925462], [-74.1202847, 4.4928417], [-74.1202337, 4.4929915], [-74.1201613, 4.4931466], [-74.1201935, 4.4932241], [-74.120333, 4.4933605], [-74.1203356, 4.4935182], [-74.1202149, 4.4942161], [-74.1202336, 4.494868], [-74.1202283, 4.4949162], [-74.1202096, 4.4951841], [-74.1202042, 4.4953018], [-74.1201559, 4.4954141], [-74.120105, 4.4954783], [-74.119885, 4.4956628], [-74.1196383, 4.495874], [-74.1195041, 4.495989], [-74.1194451, 4.4961414], [-74.1194532, 4.4965666], [-74.1193727, 4.4968794], [-74.1192708, 4.497104], [-74.1191528, 4.4974409], [-74.1191635, 4.4975586], [-74.1192654, 4.4976575], [-74.1193298, 4.4977137], [-74.1193928, 4.4979447], [-74.1194049, 4.4979891], [-74.1194049, 4.4981148], [-74.1194398, 4.4981709], [-74.1195953, 4.4982324], [-74.1199092, 4.4983474], [-74.1202203, 4.4984544], [-74.1203464, 4.4985052], [-74.1203785, 4.4985854], [-74.1203812, 4.4988127], [-74.1203785, 4.4991255], [-74.1204429, 4.4992111], [-74.1204849, 4.4992549], [-74.1205583, 4.4993314], [-74.1207058, 4.4994892], [-74.1208908, 4.4996951], [-74.1209552, 4.499901], [-74.1209955, 4.5001309], [-74.1210786, 4.5002673], [-74.1213039, 4.5003743], [-74.1213871, 4.5003716], [-74.1215185, 4.5003475], [-74.1216097, 4.5003796], [-74.1216526, 4.5004518], [-74.1216365, 4.5005079], [-74.1216043, 4.5005935], [-74.1216606, 4.5007406], [-74.1216526, 4.5008342], [-74.1215855, 4.5010267], [-74.1214997, 4.5011738], [-74.1214783, 4.5013021], [-74.1215426, 4.5013903], [-74.1217036, 4.5014358]]}}, {"type": "Feature", "properties": {"highway": "cycleway", "cycleway": null, "name": null}, "geometry": {"type": "LineString", "coordinates": [[-74.1209713, 4.4911571], [-74.120797, 4.491363]]}}, {"type": "Feature", "properties": {"highway": "cycleway", "cycleway": null, "name": null}, "geometry": {"type": "LineString", "coordinates": [[-74.1223209, 4.4953715], [-74.1223017, 4.495275], [-74.1222427, 4.4950718], [-74.122181, 4.4948846], [-74.1220764, 4.4947563], [-74.1219745, 4.4945958], [-74.1219074, 4.4944782], [-74.1218833, 4.4943659], [-74.1219208, 4.4941359], [-74.1219718, 4.4938872], [-74.1219986, 4.4935583], [-74.1220308, 4.4932562], [-74.1220818, 4.4929006], [-74.1221139, 4.4927107], [-74.1221542, 4.4926171], [-74.1222105, 4.492569], [-74.1223848, 4.492462], [-74.1227067, 4.4922882], [-74.1231224, 4.4920636], [-74.1232378, 4.4919112], [-74.1232834, 4.4917882], [-74.1233048, 4.4916759], [-74.1232485, 4.4914807], [-74.12316, 4.4913497], [-74.1230259, 4.4912587], [-74.1227711, 4.4911865], [-74.1223044, 4.4910983], [-74.1219503, 4.4910181], [-74.1215292, 4.4909593], [-74.1213656, 4.4909432], [-74.1212208, 4.4909699], [-74.1210679, 4.4910581], [-74.1209713, 4.4911571]]}}, {"type": "Feature", "properties": {"highway": "cycleway", "cycleway": null, "name": null}, "geometry": {"type": "LineString", "coordinates": [[-74.1139722, 4.4839474], [-74.1139818, 4.4839895], [-74.1140517, 4.4839784], [-74.114126, 4.483989], [-74.1142109, 4.4840207], [-74.1142693, 4.4840736], [-74.1143136, 4.4841371], [-74.1144304, 4.48425], [-74.1145136, 4.4843065], [-74.1146197, 4.4843418], [-74.1147666, 4.48437], [-74.1148657, 4.4843612], [-74.1149683, 4.4843418], [-74.1150356, 4.484333], [-74.115094, 4.4843383], [-74.1151665, 4.4843647], [-74.1152179, 4.4844035], [-74.1153895, 4.4846135], [-74.1154514, 4.4847299], [-74.1154886, 4.4848305], [-74.1155028, 4.4849663], [-74.1154727, 4.4852892], [-74.1154355, 4.4854232], [-74.115416, 4.4855661], [-74.1153789, 4.4860178], [-74.1153736, 4.4862612], [-74.115386, 4.4863988], [-74.115386, 4.4865841], [-74.1153683, 4.4867675], [-74.1153311, 4.4868946], [-74.1152816, 4.4870163], [-74.115209, 4.4871839], [-74.1151223, 4.4873391], [-74.115069, 4.4874528], [-74.1151217, 4.4874745]]}}, {"type": "Feature", "properties": {"highway": "cycleway", "cycleway": null, "name": null}, "geometry": {"type": "LineString", "coordinates": [[-74.1340725, 4.6692241], [-74.1342528, 4.669411], [-74.135512, 4.6707155], [-74.1366049, 4.6719342]]}}, {"type": "Feature", "properties": {"highway": "cycleway", "cycleway": null, "name": null}, "geometry": {"type": "LineString", "coordinates": [[-74.1056825, 4.5013917], [-74.1057586, 4.501234], [-74.106159, 4.5004051], [-74.1062434, 4.5002361], [-74.1064758, 4.4997706], [-74.1065587, 4.4996046], [-74.106598, 4.4995241], [-74.1067144, 4.4992858], [-74.1068456, 4.4990173], [-74.1069369, 4.4988302], [-74.1069509, 4.4988009], [-74.1070664, 4.49856]]}}, {"type": "Feature", "properties": {"highway": "cycleway", "cycleway": null, "name": null}, "geometry": {"type": "LineString", "coordinates": [[-74.107461, 4.4947833], [-74.1073916, 4.4950064], [-74.1073805, 4.4950449], [-74.1073594, 4.4951335], [-74.1073376, 4.4952581], [-74.1073272, 4.4953419], [-74.1073221, 4.4954148], [-74.1073188, 4.4955355], [-74.1073195, 4.4955986], [-74.1073249, 4.4956849]]}}, {"type": "Feature", "properties": {"highway": "cycleway", "cycleway": null, "name": null}, "geometry": {"type": "LineString", "coordinates": [[-74.1386845, 4.6817456], [-74.1386333, 4.6817948], [-74.1386069, 4.6817641], [-74.1385125, 4.6816402], [-74.1382179, 4.6813021], [-74.138183, 4.6812843], [-74.1381374, 4.6812834], [-74.1376074, 4.6817334], [-74.1369732, 4.6822695], [-74.1364713, 4.6826762], [-74.1359569, 4.6831059], [-74.1359018, 4.683152], [-74.1358833, 4.6831652]]}}, {"type": "Feature", "properties": {"highway": "cycleway", "cycleway": null, "name": null}, "geometry": {"type": "LineString", "coordinates": [[-74.0719304, 4.609798], [-74.071422, 4.6095362], [-74.0714119, 4.609531], [-74.0713812, 4.6095155], [-74.0713584, 4.6095034], [-74.0713416, 4.6094947], [-74.0713002, 4.6094734], [-74.0705621, 4.6091129], [-74.0705181, 4.6090971], [-74.0704859, 4.6090898], [-74.0704453, 4.6090844], [-74.0704161, 4.6090797], [-74.0703948, 4.609075], [-74.0703644, 4.6090644], [-74.0690577, 4.6082515], [-74.0687246, 4.6080443], [-74.0686806, 4.6080169], [-74.0686651, 4.6080074], [-74.0685287, 4.6079238], [-74.0682846, 4.6077706], [-74.0680897, 4.6076468], [-74.0679236, 4.6075486], [-74.0678588, 4.6075082], [-74.0677839, 4.6074615], [-74.0675985, 4.6073585], [-74.0674202, 4.6072453], [-74.0673492, 4.6072016], [-74.0673124, 4.607179], [-74.0673035, 4.6071735], [-74.0672982, 4.6071703], [-74.0671224, 4.6070621], [-74.0670241, 4.6070016], [-74.0668322, 4.6068835], [-74.066712, 4.6068095], [-74.0664764, 4.6066821], [-74.066454, 4.6066693]]}}, {"type": "Feature", "properties": {"highway": "cycleway", "cycleway": null, "name": null}, "geometry": {"type": "LineString", "coordinates": [[-74.1259725, 4.6451977], [-74.1259889, 4.6452424], [-74.1260182, 4.6452418], [-74.1260454, 4.6452442], [-74.1260802, 4.6452515], [-74.1261142, 4.6452638], [-74.1261529, 4.6452848], [-74.1261796, 4.645305], [-74.1261976, 4.645322], [-74.1262998, 4.6454424], [-74.1264105, 4.6455644], [-74.1265201, 4.6456779], [-74.1266457, 4.6458021], [-74.1266867, 4.6458377], [-74.1267411, 4.645885], [-74.1268586, 4.6459877], [-74.1269491, 4.6460609], [-74.1270427, 4.6461331], [-74.1271598, 4.6462158], [-74.1272631, 4.6462848], [-74.1274465, 4.6464003], [-74.1274983, 4.6464329], [-74.1275547, 4.6464694], [-74.1276065, 4.6465084], [-74.1279376, 4.6467765], [-74.1281617, 4.6470011], [-74.1282554, 4.6470951], [-74.128266, 4.6471145], [-74.1282711, 4.6471345], [-74.1282714, 4.647156], [-74.1282656, 4.6471791], [-74.1282423, 4.6472515]]}}, {"type": "Feature", "properties": {"highway": "cycleway", "cycleway": "crossing", "name": null}, "geometry": {"type": "LineString", "coordinates": [[-74.0315073, 4.7479759], [-74.0315856, 4.7479803], [-74.031686, 4.747986], [-74.0317475, 4.7479895]]}}, {"type": "Feature", "properties": {"highway": "cycleway", "cycleway": null, "name": null}, "geometry": {"type": "LineString", "coordinates": [[-74.0668034, 4.7023782], [-74.0669005, 4.7023392]]}}, {"type": "Feature", "properties": {"highway": "cycleway", "cycleway": "crossing", "name": null}, "geometry": {"type": "LineString", "coordinates": [[-74.0645252, 4.7088703], [-74.0645736, 4.7088386], [-74.0645993, 4.7088218], [-74.0646095, 4.7088151]]}}, {"type": "Feature", "properties": {"highway": "cycleway", "cycleway": "crossing", "name": null}, "geometry": {"type": "LineString", "coordinates": [[-74.0642202, 4.7086591], [-74.0642389, 4.7086772], [-74.064256, 4.7086936], [-74.0643446, 4.7087792]]}}, {"type": "Feature", "properties": {"highway": "cycleway", "cycleway": null, "name": null}, "geometry": {"type": "LineString", "coordinates": [[-74.1348331, 4.6608233], [-74.1349645, 4.6608287], [-74.1350651, 4.6607952], [-74.135222, 4.6607886], [-74.1354004, 4.6608287]]}}, {"type": "Feature", "properties": {"highway": "cycleway", "cycleway": null, "name": null}, "geometry": {"type": "LineString", "coordinates": [[-74.1354004, 4.6608287], [-74.135505, 4.660846], [-74.1356418, 4.6608407], [-74.1358184, 4.6607849]]}}, {"type": "Feature", "properties": {"highway": "cycleway", "cycleway": "crossing", "name": null}, "geometry": {"type": "LineString", "coordinates": [[-74.1632487, 4.6223518], [-74.163281, 4.6224059], [-74.1633361, 4.6224981], [-74.163362, 4.6225414]]}}, {"type": "Feature", "properties": {"highway": "cycleway", "cycleway": "crossing", "name": null}, "geometry": {"type": "LineString", "coordinates": [[-74.1375842, 4.5952252], [-74.1376022, 4.5952139], [-74.1376369, 4.5951921]]}}, {"type": "Feature", "properties": {"highway": "cycleway", "cycleway": null, "name": null}, "geometry": {"type": "LineString", "coordinates": [[-74.1376369, 4.5951921], [-74.1376633, 4.5951586], [-74.1376879, 4.5951179], [-74.1377061, 4.5950748], [-74.1377152, 4.5950369], [-74.1377199, 4.5949666], [-74.1377185, 4.5949041], [-74.1377129, 4.5948675], [-74.1377027, 4.5948215]]}}, {"type": "Feature", "properties": {"highway": "cycleway", "cycleway": "crossing", "name": null}, "geometry": {"type": "LineString", "coordinates": [[-74.1377027, 4.5948215], [-74.137686, 4.5947576], [-74.1376736, 4.59471]]}}, {"type": "Feature", "properties": {"highway": "cycleway", "cycleway": null, "name": null}, "geometry": {"type": "LineString", "coordinates": [[-74.1684362, 4.5962436], [-74.1692775, 4.5963164], [-74.1701026, 4.5963892]]}}, {"type": "Feature", "properties": {"highway": "cycleway", "cycleway": null, "name": null}, "geometry": {"type": "LineString", "coordinates": [[-74.0557854, 4.6864596], [-74.0561749, 4.6865767], [-74.0580068, 4.6869212], [-74.0581998, 4.6869586], [-74.0583927, 4.6869844]]}}, {"type": "Feature", "properties": {"highway": "cycleway", "cycleway": null, "name": null}, "geometry": {"type": "LineString", "coordinates": [[-74.06553, 4.760513], [-74.0655069, 4.7604954], [-74.0654781, 4.7604735]]}}, {"type": "Feature", "properties": {"highway": "cycleway", "cycleway": null, "name": null}, "geometry": {"type": "LineString", "coordinates": [[-74.1281656, 4.647321], [-74.1282423, 4.6472515], [-74.1283792, 4.6471247], [-74.1284599, 4.6470499], [-74.1287331, 4.6468026], [-74.128816, 4.6467428], [-74.1288797, 4.646717], [-74.1289364, 4.6467119], [-74.129071, 4.6467184], [-74.1291658, 4.6467257], [-74.1292312, 4.6467162], [-74.1292877, 4.646698], [-74.129374, 4.6466437], [-74.1296031, 4.6464402], [-74.1299833, 4.6461064]]}}, {"type": "Feature", "properties": {"highway": "cycleway", "cycleway": "crossing", "name": null}, "geometry": {"type": "LineString", "coordinates": [[-74.0414863, 4.68139], [-74.0415622, 4.6814304], [-74.0416492, 4.6814767], [-74.0417324, 4.6815209]]}}, {"type": "Feature", "properties": {"highway": "cycleway", "cycleway": null, "name": null}, "geometry": {"type": "LineString", "coordinates": [[-74.0417324, 4.6815209], [-74.0426412, 4.6820084], [-74.0433198, 4.68237]]}}, {"type": "Feature", "properties": {"highway": "cycleway", "cycleway": null, "name": null}, "geometry": {"type": "LineString", "coordinates": [[-74.0435897, 4.6825022], [-74.0439965, 4.6827239], [-74.0442617, 4.6828475], [-74.0446942, 4.6830568], [-74.0448041, 4.6831095], [-74.0458076, 4.6835908], [-74.0460043, 4.6836863]]}}, {"type": "Feature", "properties": {"highway": "cycleway", "cycleway": null, "name": null}, "geometry": {"type": "LineString", "coordinates": [[-74.051914, 4.6856728], [-74.0517798, 4.6856479], [-74.0514373, 4.6855843], [-74.0511082, 4.6855233], [-74.0509185, 4.6854881], [-74.0506652, 4.6854411], [-74.0505952, 4.6854281], [-74.0498725, 4.6852897]]}}, {"type": "Feature", "properties": {"highway": "cycleway", "cycleway": "crossing", "name": null}, "geometry": {"type": "LineString", "coordinates": [[-74.064713, 4.6885654], [-74.0647433, 4.6885902], [-74.0649298, 4.688743]]}}, {"type": "Feature", "properties": {"highway": "cycleway", "cycleway": "crossing", "name": null}, "geometry": {"type": "LineString", "coordinates": [[-74.0653965, 4.688873], [-74.0654427, 4.6888082], [-74.0654783, 4.6887583]]}}, {"type": "Feature", "properties": {"highway": "cycleway", "cycleway": null, "name": null}, "geometry": {"type": "LineString", "coordinates": [[-74.0889233, 4.7406747], [-74.0887348, 4.740483], [-74.0886861, 4.7404342], [-74.0886511, 4.7403996], [-74.088361, 4.7401134], [-74.0882878, 4.7400411], [-74.0880464, 4.7397972], [-74.0876477, 4.7393919], [-74.0870924, 4.7388167], [-74.0867586, 4.7384916], [-74.0867342, 4.7384683], [-74.0867163, 4.7384511], [-74.0866743, 4.7384157], [-74.0865134, 4.7382789], [-74.0864639, 4.7382437], [-74.0864331, 4.7382218]]}}, {"type": "Feature", "properties": {"highway": "cycleway", "cycleway": null, "name": null}, "geometry": {"type": "LineString", "coordinates": [[-74.1012258, 4.7259141], [-74.1014432, 4.7258224], [-74.1018742, 4.7258427], [-74.1021506, 4.7258792], [-74.1023173, 4.7259744], [-74.1025511, 4.7261061], [-74.1027181, 4.7261977], [-74.1028225, 4.7262299], [-74.1034292, 4.7264172], [-74.103667, 4.7264131], [-74.1039821, 4.7264273], [-74.1042972, 4.7265104], [-74.1046836, 4.7266557], [-74.1050676, 4.7268001], [-74.1051286, 4.7268487], [-74.1051757, 4.7269354], [-74.1052127, 4.7271156], [-74.1052543, 4.7273187], [-74.1053133, 4.7276046], [-74.1053593, 4.7279105], [-74.1053564, 4.7279619], [-74.1053377, 4.7280173], [-74.1052528, 4.7281438], [-74.105218, 4.7282349], [-74.1052215, 4.7282977], [-74.1052542, 4.7283524], [-74.1055484, 4.7285618], [-74.1055839, 4.7286304], [-74.1055997, 4.7286954], [-74.1056116, 4.7289298], [-74.1055918, 4.7292273], [-74.1055898, 4.7293238], [-74.1056096, 4.7294026], [-74.1057203, 4.7295976], [-74.1058646, 4.7297749], [-74.105999, 4.7299364], [-74.1061193, 4.7300513], [-74.1062757, 4.7301587], [-74.1063523, 4.7301984], [-74.1064432, 4.7302276], [-74.1065974, 4.7302758], [-74.1066573, 4.7302929], [-74.1067551, 4.7303074], [-74.1068666, 4.730329], [-74.1069947, 4.7303665], [-74.1070717, 4.7303921], [-74.1071607, 4.7304216], [-74.1072874, 4.7304415], [-74.1073957, 4.730448], [-74.1075029, 4.7304589], [-74.1076553, 4.7304886], [-74.1078084, 4.7305267], [-74.1079908, 4.7305724], [-74.1080748, 4.7306283], [-74.1080953, 4.7306561], [-74.1081134, 4.7307086], [-74.1081071, 4.7307376], [-74.1080842, 4.7307842], [-74.1079767, 4.7309675], [-74.1079733, 4.7310355], [-74.1079867, 4.7310885], [-74.1079995, 4.731135], [-74.108038, 4.7311844], [-74.1081256, 4.7312496], [-74.1082091, 4.7313002], [-74.108348, 4.7313782], [-74.109428, 4.7319209], [-74.1094846, 4.7319815], [-74.1095249, 4.7320501], [-74.109576, 4.7321583], [-74.1096148, 4.7321967], [-74.1099685, 4.7323538], [-74.1100327, 4.7324119], [-74.1101927, 4.7326528], [-74.1103191, 4.7327447], [-74.1106026, 4.7328767], [-74.110769, 4.7328951], [-74.1111079, 4.7329642], [-74.1112881, 4.7330364], [-74.1113605, 4.7331017], [-74.1113829, 4.7331625], [-74.1114011, 4.7332422], [-74.1113813, 4.733329], [-74.1113354, 4.7334102], [-74.1112369, 4.7335272]]}}, {"type": "Feature", "properties": {"highway": "cycleway", "cycleway": null, "name": "Carrera 68B Bis"}, "geometry": {"type": "LineString", "coordinates": [[-74.1267285, 4.6246685], [-74.126724, 4.6247467], [-74.1265835, 4.6263013]]}}, {"type": "Feature", "properties": {"highway": "cycleway", "cycleway": null, "name": null}, "geometry": {"type": "LineString", "coordinates": [[-74.0987844, 4.647185], [-74.0981959, 4.6462631], [-74.098181, 4.6462397]]}}, {"type": "Feature", "properties": {"highway": "cycleway", "cycleway": null, "name": null}, "geometry": {"type": "LineString", "coordinates": [[-74.1247077, 4.6413454], [-74.1247514, 4.6412237], [-74.1247863, 4.6411677], [-74.1248591, 4.6410497], [-74.1250063, 4.6408713], [-74.1252051, 4.6406611], [-74.1257817, 4.640094], [-74.1257817, 4.6399684], [-74.1257862, 4.6398868], [-74.1258029, 4.6398097], [-74.1258257, 4.6397567], [-74.1258499, 4.6397113], [-74.1258683, 4.6396911], [-74.1258924, 4.6396645], [-74.1274682, 4.6382284], [-74.1274151, 4.6381453], [-74.1273636, 4.6380647], [-74.1271814, 4.6378237], [-74.1270605, 4.6376906], [-74.1268746, 4.6375198], [-74.126714, 4.6373975], [-74.1265661, 4.6373058], [-74.1263784, 4.6372069], [-74.1262467, 4.6371493], [-74.1261204, 4.6371061], [-74.1259977, 4.6370648], [-74.1258786, 4.637018], [-74.1257685, 4.6369677], [-74.1256312, 4.6369055], [-74.12557, 4.6368777], [-74.1255122, 4.6368484], [-74.1247436, 4.6364587], [-74.1246949, 4.6364371], [-74.1246516, 4.6364317], [-74.1246029, 4.6364353], [-74.124565, 4.6364533], [-74.1245452, 4.6364785], [-74.1245289, 4.636518], [-74.124133, 4.6381537], [-74.1239375, 4.6390544], [-74.1237347, 4.6404737], [-74.123818, 4.6405779], [-74.1238452, 4.6406121], [-74.1245872, 4.6415469]]}}, {"type": "Feature", "properties": {"highway": "cycleway", "cycleway": "crossing", "name": null}, "geometry": {"type": "LineString", "coordinates": [[-74.0497443, 4.7188146], [-74.0496992, 4.7188859], [-74.0496802, 4.718916]]}}, {"type": "Feature", "properties": {"highway": "cycleway", "cycleway": null, "name": null}, "geometry": {"type": "LineString", "coordinates": [[-74.0800694, 4.6036444], [-74.0806055, 4.6040903], [-74.0810579, 4.604474], [-74.0813511, 4.60472], [-74.0816779, 4.6049999], [-74.0820658, 4.6053433], [-74.0825193, 4.6057442], [-74.0825484, 4.605769]]}}, {"type": "Feature", "properties": {"highway": "cycleway", "cycleway": null, "name": null}, "geometry": {"type": "LineString", "coordinates": [[-74.0825484, 4.605769], [-74.0825809, 4.605798]]}}, {"type": "Feature", "properties": {"highway": "cycleway", "cycleway": null, "name": null}, "geometry": {"type": "LineString", "coordinates": [[-74.0826132, 4.6058268], [-74.0829749, 4.6061497], [-74.0834523, 4.6065761], [-74.083528, 4.6066437], [-74.0835525, 4.6066662]]}}, {"type": "Feature", "properties": {"highway": "cycleway", "cycleway": null, "name": null}, "geometry": {"type": "LineString", "coordinates": [[-74.0835525, 4.6066662], [-74.0835872, 4.6066977], [-74.0836444, 4.6067491], [-74.0843754, 4.6074062]]}}, {"type": "Feature", "properties": {"highway": "cycleway", "cycleway": "crossing", "name": null}, "geometry": {"type": "LineString", "coordinates": [[-74.0843754, 4.6074062], [-74.0844464, 4.6074634], [-74.0844788, 4.6074913], [-74.0845174, 4.6075244]]}}, {"type": "Feature", "properties": {"highway": "cycleway", "cycleway": null, "name": null}, "geometry": {"type": "LineString", "coordinates": [[-74.0845174, 4.6075244], [-74.0850235, 4.6079966], [-74.0860751, 4.6089061], [-74.0861344, 4.6089565], [-74.0869405, 4.6096415]]}}, {"type": "Feature", "properties": {"highway": "cycleway", "cycleway": null, "name": null}, "geometry": {"type": "LineString", "coordinates": [[-74.0869405, 4.6096415], [-74.0873908, 4.6100144], [-74.0874786, 4.6100941], [-74.0878553, 4.6104359], [-74.0878975, 4.6104742]]}}, {"type": "Feature", "properties": {"highway": "cycleway", "cycleway": null, "name": null}, "geometry": {"type": "LineString", "coordinates": [[-74.1555814, 4.680901], [-74.155029, 4.6799616], [-74.1549474, 4.6798326], [-74.1546574, 4.6793052], [-74.1544897, 4.6789295], [-74.1544293, 4.6787855], [-74.1543968, 4.6786624], [-74.1543296, 4.6783533], [-74.1542659, 4.6779055], [-74.1542119, 4.6778269], [-74.1541573, 4.6777336], [-74.1541468, 4.6776965], [-74.1538305, 4.6765796], [-74.1531028, 4.6741124]]}}, {"type": "Feature", "properties": {"highway": "cycleway", "cycleway": null, "name": null}, "geometry": {"type": "LineString", "coordinates": [[-74.0438216, 4.7364219], [-74.0437401, 4.7364124], [-74.0436899, 4.7364065], [-74.0436253, 4.7363989], [-74.0431701, 4.7363213], [-74.0430247, 4.7362807], [-74.042887, 4.7362411], [-74.0428459, 4.7362259], [-74.0427855, 4.7362036], [-74.0412238, 4.735425], [-74.0410959, 4.7353613], [-74.0401424, 4.7348859], [-74.0400623, 4.734846]]}}, {"type": "Feature", "properties": {"highway": "cycleway", "cycleway": null, "name": "Calle 2"}, "geometry": {"type": "LineString", "coordinates": [[-74.1623474, 4.6439345], [-74.1623936, 4.6439889], [-74.1625336, 4.644056]]}}, {"type": "Feature", "properties": {"highway": "cycleway", "cycleway": null, "name": null}, "geometry": {"type": "LineString", "coordinates": [[-74.0633487, 4.6693091], [-74.0632663, 4.6701951], [-74.0632013, 4.6709782], [-74.0631441, 4.6715573], [-74.0630617, 4.6722152], [-74.0630517, 4.6722998], [-74.0630367, 4.6724265], [-74.0629781, 4.6728047], [-74.0628761, 4.6733662], [-74.0628616, 4.673446], [-74.0628515, 4.6735013], [-74.0628304, 4.6736177], [-74.0626408, 4.6747609], [-74.0626348, 4.6747972], [-74.0625384, 4.6754187]]}}, {"type": "Feature", "properties": {"highway": "cycleway", "cycleway": null, "name": null}, "geometry": {"type": "LineString", "coordinates": [[-74.0624448, 4.675608], [-74.0623789, 4.6760062], [-74.0623382, 4.6762201], [-74.0623118, 4.6763561], [-74.0622953, 4.6764383], [-74.0622822, 4.6764897]]}}, {"type": "Feature", "properties": {"highway": "cycleway", "cycleway": null, "name": null}, "geometry": {"type": "LineString", "coordinates": [[-74.0625992, 4.6761833], [-74.0625565, 4.6761408], [-74.0625378, 4.6761057], [-74.0625091, 4.6760256], [-74.0625049, 4.6759811], [-74.0625047, 4.6759346], [-74.0625266, 4.6756211]]}}, {"type": "Feature", "properties": {"highway": "cycleway", "cycleway": null, "name": null}, "geometry": {"type": "LineString", "coordinates": [[-74.1271513, 4.7241113], [-74.1273276, 4.7239927], [-74.1276339, 4.7238117], [-74.1279156, 4.7237154], [-74.1282643, 4.7236379], [-74.1286612, 4.7235791], [-74.1288026, 4.7235657], [-74.1289478, 4.7235576], [-74.1290103, 4.7235617], [-74.1290716, 4.7235657], [-74.1293747, 4.7236272], [-74.1298119, 4.7237315], [-74.1300404, 4.7238073], [-74.1302491, 4.7238972], [-74.1303895, 4.7239817]]}}, {"type": "Feature", "properties": {"highway": "cycleway", "cycleway": null, "name": null}, "geometry": {"type": "LineString", "coordinates": [[-74.0728422, 4.6207276], [-74.0735666, 4.6205503], [-74.0742063, 4.6203978]]}}, {"type": "Feature", "properties": {"highway": "cycleway", "cycleway": null, "name": null}, "geometry": {"type": "LineString", "coordinates": [[-74.1077478, 4.723889], [-74.1076552, 4.7238419], [-74.1075568, 4.7237846], [-74.1074462, 4.7237374], [-74.1073704, 4.7237223], [-74.1073186, 4.7237256], [-74.1072072, 4.7237595], [-74.1071635, 4.7237624], [-74.1071055, 4.7237592], [-74.1070494, 4.723761], [-74.1069678, 4.7237738], [-74.1069324, 4.7237914], [-74.1068978, 4.7238422], [-74.1068382, 4.7239529]]}}, {"type": "Feature", "properties": {"highway": "cycleway", "cycleway": null, "name": null}, "geometry": {"type": "LineString", "coordinates": [[-74.1084759, 4.7251589], [-74.1084203, 4.7250953], [-74.1084, 4.7250498], [-74.1083845, 4.7249974], [-74.1083656, 4.7248899], [-74.1083526, 4.7248209], [-74.1083275, 4.7247291], [-74.1082359, 4.7245202], [-74.1082013, 4.7244295], [-74.1080753, 4.7241915], [-74.1080155, 4.7241133], [-74.1079595, 4.7240491], [-74.1078745, 4.7239773], [-74.1077478, 4.723889]]}}, {"type": "Feature", "properties": {"highway": "cycleway", "cycleway": null, "name": null}, "geometry": {"type": "LineString", "coordinates": [[-74.1209272, 4.6292683], [-74.1209405, 4.629292], [-74.1209623, 4.6293145], [-74.1209825, 4.6293297], [-74.1210068, 4.6293448], [-74.12104, 4.6293562], [-74.1210842, 4.6293606], [-74.1212703, 4.6293436], [-74.1219117, 4.6292803], [-74.1219142, 4.6292595]]}}, {"type": "Feature", "properties": {"highway": "cycleway", "cycleway": null, "name": null}, "geometry": {"type": "LineString", "coordinates": [[-74.1119526, 4.7287757], [-74.1120604, 4.7289041], [-74.1121336, 4.7289581], [-74.1121929, 4.7289872], [-74.11228, 4.7290306], [-74.1124697, 4.7291365], [-74.1126005, 4.729222], [-74.1127374, 4.72933], [-74.1133301, 4.7299056], [-74.1134125, 4.7299706], [-74.1134909, 4.7300195], [-74.1135686, 4.7300603], [-74.1136244, 4.7300902], [-74.1138075, 4.7302054], [-74.1140111, 4.7303598], [-74.1142568, 4.7305713], [-74.1144061, 4.7306806], [-74.1145668, 4.7308564], [-74.1146727, 4.7309753], [-74.1147933, 4.7311147], [-74.1149324, 4.7312732], [-74.115125, 4.731504], [-74.1152922, 4.7317677], [-74.1153997, 4.7319744], [-74.1155279, 4.7322719], [-74.1157147, 4.732718], [-74.1160412, 4.7332823], [-74.1162619, 4.7336642], [-74.1163961, 4.7339191], [-74.1165837, 4.7342164], [-74.116673, 4.7343189], [-74.1167589, 4.7343998], [-74.1170319, 4.7346147]]}}, {"type": "Feature", "properties": {"highway": "cycleway", "cycleway": null, "name": null}, "geometry": {"type": "LineString", "coordinates": [[-74.1119526, 4.7287757], [-74.1119034, 4.7286612], [-74.1118651, 4.7286135], [-74.1117626, 4.728523], [-74.1116871, 4.7284321], [-74.1115809, 4.7283017], [-74.1115378, 4.7282271], [-74.1114949, 4.7281175], [-74.1114665, 4.728058], [-74.1114203, 4.7280283], [-74.1113771, 4.7279808], [-74.1111121, 4.7275507], [-74.1110326, 4.7274127], [-74.1108601, 4.7271132], [-74.1107545, 4.7269561], [-74.1106549, 4.7267946], [-74.1105099, 4.7266435], [-74.1102884, 4.7264827], [-74.1100968, 4.7263114], [-74.1099001, 4.7261088], [-74.1098441, 4.7260714], [-74.1097775, 4.7260373], [-74.1096021, 4.7259676], [-74.1095064, 4.7259255], [-74.1094036, 4.7260187]]}}, {"type": "Feature", "properties": {"highway": "cycleway", "cycleway": null, "name": null}, "geometry": {"type": "LineString", "coordinates": [[-74.1090499, 4.7109717], [-74.1092787, 4.7105354], [-74.1093171, 4.7104828], [-74.1093737, 4.7104369], [-74.1094611, 4.7103878], [-74.1095527, 4.7103469], [-74.1096321, 4.7103193], [-74.1097531, 4.71029], [-74.1108634, 4.7101184], [-74.111144, 4.7100955], [-74.1114816, 4.7100659], [-74.1115495, 4.7099467]]}}, {"type": "Feature", "properties": {"highway": "cycleway", "cycleway": null, "name": null}, "geometry": {"type": "LineString", "coordinates": [[-74.1508292, 4.5802947], [-74.150428, 4.5794339], [-74.150302, 4.5791398], [-74.1502395, 4.5789537], [-74.1501786, 4.5787441], [-74.1501638, 4.5786586], [-74.1501652, 4.578589], [-74.1501665, 4.5785062], [-74.1501893, 4.5784233], [-74.1504361, 4.5779955], [-74.1505028, 4.5778836], [-74.150527, 4.5778105], [-74.1505187, 4.5777137], [-74.1504941, 4.5776211], [-74.1504376, 4.5775462], [-74.1500627, 4.5771684], [-74.1497794, 4.5768876], [-74.1493493, 4.5764791], [-74.1482709, 4.5753904], [-74.1482298, 4.5753298], [-74.1482015, 4.5752451], [-74.1481873, 4.5751322], [-74.1481979, 4.5750299], [-74.1485058, 4.573834], [-74.1485023, 4.5737846], [-74.1484917, 4.5737175], [-74.1484669, 4.5736399], [-74.1483572, 4.5735517], [-74.1479891, 4.5733012], [-74.1479726, 4.5727159]]}}, {"type": "Feature", "properties": {"highway": "cycleway", "cycleway": null, "name": null}, "geometry": {"type": "LineString", "coordinates": [[-74.0608917, 4.6540694], [-74.0611516, 4.65354], [-74.061473, 4.6528605]]}}, {"type": "Feature", "properties": {"highway": "cycleway", "cycleway": null, "name": null}, "geometry": {"type": "LineString", "coordinates": [[-74.0575564, 4.6590269], [-74.058013, 4.6583775], [-74.0580333, 4.6583487], [-74.0580598, 4.6583108], [-74.0584616, 4.6577343], [-74.0587299, 4.6573494]]}}, {"type": "Feature", "properties": {"highway": "cycleway", "cycleway": null, "name": null}, "geometry": {"type": "LineString", "coordinates": [[-74.0537891, 4.6645179], [-74.0538964, 4.6643608], [-74.0539202, 4.6643259], [-74.0539303, 4.6643111], [-74.0539482, 4.6642865], [-74.0544365, 4.6636151], [-74.0549918, 4.6628159], [-74.0550029, 4.6628], [-74.0550319, 4.6627553], [-74.0551978, 4.6624998], [-74.0555403, 4.6620085], [-74.0555496, 4.6619941], [-74.0556, 4.6619157], [-74.0556168, 4.66189], [-74.05566, 4.6618237], [-74.0557428, 4.6617004], [-74.0557551, 4.6616822], [-74.0559306, 4.6614203], [-74.0561927, 4.6610272]]}}, {"type": "Feature", "properties": {"highway": "cycleway", "cycleway": null, "name": null}, "geometry": {"type": "LineString", "coordinates": [[-74.0530432, 4.6657642], [-74.0530228, 4.6657968], [-74.0529839, 4.6657726], [-74.0529356, 4.6657425], [-74.0528779, 4.6657065]]}}, {"type": "Feature", "properties": {"highway": "cycleway", "cycleway": null, "name": null}, "geometry": {"type": "LineString", "coordinates": [[-74.0633487, 4.6693091], [-74.0633627, 4.6692131], [-74.0633794, 4.6690982], [-74.0633985, 4.6689667], [-74.0634025, 4.6689392], [-74.0634118, 4.6688957], [-74.0634233, 4.6688588], [-74.0634485, 4.6687965], [-74.0634934, 4.6687113], [-74.0636021, 4.6685202], [-74.063889, 4.6680551], [-74.0644995, 4.6671165], [-74.064791, 4.6667033], [-74.0648267, 4.6666526]]}}, {"type": "Feature", "properties": {"highway": "cycleway", "cycleway": null, "name": null}, "geometry": {"type": "LineString", "coordinates": [[-74.0522376, 4.6666507], [-74.0521834, 4.666733], [-74.0521706, 4.6667524], [-74.0521057, 4.6668511], [-74.052091, 4.6668734], [-74.0520379, 4.6669541], [-74.0517876, 4.667315]]}}, {"type": "Feature", "properties": {"highway": "cycleway", "cycleway": null, "name": null}, "geometry": {"type": "LineString", "coordinates": [[-74.0528779, 4.6657065], [-74.0527855, 4.6658104], [-74.0525103, 4.6662238], [-74.0523699, 4.6664396], [-74.0522376, 4.6666507]]}}, {"type": "Feature", "properties": {"highway": "cycleway", "cycleway": null, "name": null}, "geometry": {"type": "LineString", "coordinates": [[-74.0552139, 4.6699537], [-74.054462, 4.669519], [-74.0537518, 4.6691458], [-74.0536999, 4.6691154], [-74.0536822, 4.6691051], [-74.0524774, 4.6684059], [-74.0524446, 4.6683871], [-74.0519526, 4.668112], [-74.0517802, 4.6680157], [-74.0516178, 4.6679126], [-74.0515644, 4.66788], [-74.0515464, 4.667869], [-74.0514473, 4.6678068]]}}, {"type": "Feature", "properties": {"highway": "cycleway", "cycleway": null, "name": null}, "geometry": {"type": "LineString", "coordinates": [[-74.0517876, 4.667315], [-74.0514583, 4.667791], [-74.0514473, 4.6678068], [-74.0514226, 4.6678425], [-74.051409, 4.6678627], [-74.0513772, 4.6679099], [-74.051282, 4.6680457]]}}, {"type": "Feature", "properties": {"highway": "cycleway", "cycleway": null, "name": null}, "geometry": {"type": "LineString", "coordinates": [[-74.051282, 4.6680457], [-74.050853, 4.6686472], [-74.0508104, 4.6687063], [-74.0507586, 4.6687791], [-74.0507405, 4.6688052], [-74.0497239, 4.6702706], [-74.0496977, 4.6703104], [-74.0496314, 4.6704108], [-74.0495371, 4.6705491], [-74.0494012, 4.6707897], [-74.0493244, 4.6709389], [-74.0487131, 4.6721746], [-74.0486927, 4.6722143], [-74.0480742, 4.6734162], [-74.0480398, 4.6734823], [-74.0480284, 4.6735044], [-74.0480009, 4.6735572], [-74.0479667, 4.673623], [-74.0479397, 4.6736749], [-74.047932, 4.6736897], [-74.0479023, 4.6737468], [-74.0469312, 4.6756064], [-74.0469092, 4.6756484], [-74.0468686, 4.675726], [-74.0461783, 4.6770351], [-74.0461589, 4.6770719], [-74.0460852, 4.6772116], [-74.04607, 4.6772404], [-74.0460183, 4.6773384], [-74.0453714, 4.6785971], [-74.0453503, 4.6786381], [-74.0446606, 4.6799789], [-74.0446347, 4.6800305], [-74.0443006, 4.6806878], [-74.0439746, 4.6813294], [-74.0434875, 4.6823007], [-74.043426, 4.6824221]]}}, {"type": "Feature", "properties": {"highway": "cycleway", "cycleway": null, "name": null}, "geometry": {"type": "LineString", "coordinates": [[-74.0481271, 4.6736978], [-74.0480908, 4.6736809], [-74.048057, 4.6736651], [-74.0479667, 4.673623]]}}, {"type": "Feature", "properties": {"highway": "cycleway", "cycleway": null, "name": null}, "geometry": {"type": "LineString", "coordinates": [[-74.0481562, 4.6736413], [-74.0481209, 4.6736222], [-74.0480867, 4.6736036], [-74.0480009, 4.6735572]]}}, {"type": "Feature", "properties": {"highway": "cycleway", "cycleway": null, "name": null}, "geometry": {"type": "LineString", "coordinates": [[-74.0628273, 4.6498749], [-74.0626377, 4.6503069], [-74.0626232, 4.6503398], [-74.0626075, 4.6503756]]}}, {"type": "Feature", "properties": {"highway": "cycleway", "cycleway": null, "name": null}, "geometry": {"type": "LineString", "coordinates": [[-74.0716448, 4.6052382], [-74.0719464, 4.604487], [-74.0719697, 4.6044289], [-74.0719804, 4.6043976], [-74.0721288, 4.6039636], [-74.0723084, 4.6035351], [-74.0723142, 4.6035212], [-74.0723224, 4.6035022], [-74.072705, 4.6026129], [-74.0727424, 4.6025471], [-74.0732341, 4.6016837], [-74.0733448, 4.6015412], [-74.0733749, 4.6014991], [-74.073431, 4.6014272], [-74.0734528, 4.601399], [-74.0735447, 4.6012758], [-74.0737829, 4.6009077], [-74.0743119, 4.6000388], [-74.0743223, 4.6000217], [-74.0743371, 4.5999973], [-74.0745939, 4.5995731], [-74.0748057, 4.5992323], [-74.0748264, 4.5991989], [-74.0748447, 4.59917], [-74.075344, 4.5983787], [-74.0753638, 4.5983636], [-74.0753918, 4.5983508], [-74.0754234, 4.5983467]]}}, {"type": "Feature", "properties": {"highway": "cycleway", "cycleway": null, "name": null}, "geometry": {"type": "LineString", "coordinates": [[-74.066452, 4.6405192], [-74.0673113, 4.6406627], [-74.0682272, 4.6408161], [-74.0682983, 4.6408286], [-74.0683501, 4.6408377], [-74.069242, 4.6409949], [-74.0692548, 4.6409971], [-74.0692944, 4.6410042], [-74.0693378, 4.6410117], [-74.0697573, 4.6410856], [-74.0698371, 4.6410997], [-74.0699086, 4.6411123]]}}, {"type": "Feature", "properties": {"highway": "cycleway", "cycleway": null, "name": null}, "geometry": {"type": "LineString", "coordinates": [[-74.0661124, 4.6404656], [-74.0661512, 4.6404717], [-74.0663786, 4.6405076], [-74.066452, 4.6405192]]}}, {"type": "Feature", "properties": {"highway": "cycleway", "cycleway": null, "name": null}, "geometry": {"type": "LineString", "coordinates": [[-74.0463791, 4.6974729], [-74.0462322, 4.6974174], [-74.046172, 4.6973943], [-74.0461105, 4.697371], [-74.0459094, 4.6972947]]}}, {"type": "Feature", "properties": {"highway": "cycleway", "cycleway": null, "name": null}, "geometry": {"type": "LineString", "coordinates": [[-74.0722177, 4.6099183], [-74.0724238, 4.6100332], [-74.0724503, 4.6100459], [-74.0732194, 4.6104695]]}}, {"type": "Feature", "properties": {"highway": "cycleway", "cycleway": null, "name": "Ciclov\u00eda Hacienda Alcal\u00e1"}, "geometry": {"type": "LineString", "coordinates": [[-74.2416029, 4.7098205], [-74.2413689, 4.7095602], [-74.2412791, 4.7094349], [-74.2412459, 4.7093825], [-74.2412338, 4.7093558], [-74.2412234, 4.7093224], [-74.241221, 4.7092913], [-74.2412187, 4.7092588], [-74.2412137, 4.7092378], [-74.2412013, 4.7092251], [-74.2411818, 4.7092104], [-74.2411449, 4.7092028], [-74.2411307, 4.7092], [-74.2411, 4.709191], [-74.2410796, 4.7091833], [-74.2410662, 4.709163], [-74.2410665, 4.7091422], [-74.2410756, 4.7091206], [-74.2410993, 4.7090808], [-74.2411152, 4.7090426], [-74.2411192, 4.709025], [-74.2411141, 4.7090059], [-74.2410997, 4.7089771], [-74.240986, 4.7088355], [-74.2408737, 4.7087416], [-74.2408258, 4.7087226], [-74.2407798, 4.7087109], [-74.2407336, 4.7087005], [-74.2406689, 4.7087045], [-74.240583, 4.7087245], [-74.2405006, 4.7087613], [-74.2404107, 4.7088128]]}}, {"type": "Feature", "properties": {"highway": "cycleway", "cycleway": null, "name": null}, "geometry": {"type": "LineString", "coordinates": [[-74.1552726, 4.6695423], [-74.1552582, 4.669491], [-74.1548136, 4.6679127], [-74.1547927, 4.6678385], [-74.1547635, 4.6677332], [-74.1547381, 4.6676413], [-74.1547337, 4.6676263], [-74.154559, 4.6670278], [-74.154491, 4.6667973], [-74.1544183, 4.6665456], [-74.1543313, 4.6662476], [-74.1542898, 4.6661424], [-74.1542456, 4.6660731], [-74.1540853, 4.6658964], [-74.1540346, 4.6658404], [-74.1533569, 4.665093], [-74.1532667, 4.6649671], [-74.1532144, 4.6648799], [-74.1531611, 4.6647333], [-74.1530902, 4.6644561], [-74.1527702, 4.6645437], [-74.1527021, 4.6645449], [-74.152634, 4.6644799], [-74.1526211, 4.6644442]]}}, {"type": "Feature", "properties": {"highway": "cycleway", "cycleway": null, "name": null}, "geometry": {"type": "LineString", "coordinates": [[-74.029478, 4.8518302], [-74.0295159, 4.851554], [-74.0295807, 4.85138], [-74.029619, 4.8511513], [-74.0296538, 4.8509215], [-74.029712, 4.8506308], [-74.0297595, 4.8503584], [-74.0297918, 4.850099], [-74.0298203, 4.8498701], [-74.0298656, 4.8495725], [-74.0299877, 4.8487714], [-74.0300469, 4.8483659], [-74.0301352, 4.8478453], [-74.0301095, 4.8477259], [-74.0301619, 4.8474135], [-74.0302084, 4.8471048], [-74.0302581, 4.8470597], [-74.0302966, 4.8468108], [-74.0303362, 4.8465467], [-74.030384, 4.8462431], [-74.0304337, 4.8459743], [-74.03046, 4.8458288], [-74.0306917, 4.8444361], [-74.030661, 4.8443403], [-74.0306412, 4.844281], [-74.0307716, 4.8434009], [-74.0308211, 4.8433487], [-74.0308799, 4.8432868], [-74.0309917, 4.8425532], [-74.0310869, 4.8419578], [-74.0311536, 4.8415619], [-74.0312001, 4.8412853], [-74.0312283, 4.8411236], [-74.0312676, 4.8408976], [-74.0313393, 4.8405469], [-74.0314145, 4.8400886], [-74.0314418, 4.8398843], [-74.0314564, 4.8397933], [-74.0315063, 4.8394886], [-74.0315886, 4.8391268], [-74.0316111, 4.8390062], [-74.0316678, 4.8387025], [-74.0317106, 4.8384726], [-74.0317774, 4.8380515], [-74.031802, 4.8378964], [-74.0318314, 4.8377109], [-74.031866, 4.8374236], [-74.0318824, 4.8372876], [-74.0319736, 4.8365307], [-74.0320048, 4.8362719], [-74.0322398, 4.8348372], [-74.0323073, 4.8344251], [-74.0323365, 4.8342474], [-74.0322836, 4.8341782], [-74.0323658, 4.8336661], [-74.0324426, 4.83358], [-74.032529, 4.8329921], [-74.0325836, 4.8326435], [-74.0326884, 4.8320132], [-74.0327202, 4.8318333], [-74.0327372, 4.8316265], [-74.0327272, 4.8312539], [-74.0327132, 4.8310126], [-74.0326917, 4.8302964], [-74.0327239, 4.8300103], [-74.0327776, 4.8297645], [-74.0328258, 4.8295667], [-74.032976, 4.8290375], [-74.0331262, 4.8285938], [-74.0331741, 4.8283881], [-74.0332354, 4.8281113], [-74.0333013, 4.8278076], [-74.0333596, 4.8275667], [-74.0334297, 4.8273363], [-74.0335452, 4.8269906], [-74.0335395, 4.8268693], [-74.0335816, 4.826751], [-74.0336658, 4.8266395], [-74.0337913, 4.8262412], [-74.0339628, 4.825644], [-74.0340397, 4.8253634], [-74.034113, 4.825242], [-74.0342281, 4.824734], [-74.0343002, 4.8241959], [-74.0343637, 4.8237959], [-74.034461, 4.8235384], [-74.0345742, 4.8230738], [-74.0346381, 4.8227131], [-74.0346545, 4.8225537], [-74.0346631, 4.821856], [-74.0346718, 4.8211588], [-74.034696, 4.8203384]]}}, {"type": "Feature", "properties": {"highway": "cycleway", "cycleway": null, "name": null}, "geometry": {"type": "LineString", "coordinates": [[-74.2304876, 4.5581202], [-74.2291572, 4.5597096]]}}, {"type": "Feature", "properties": {"highway": "cycleway", "cycleway": null, "name": null}, "geometry": {"type": "LineString", "coordinates": [[-74.1207355, 4.6921253], [-74.1208052, 4.6920484]]}}, {"type": "Feature", "properties": {"highway": "cycleway", "cycleway": null, "name": null}, "geometry": {"type": "LineString", "coordinates": [[-74.1281656, 4.647321], [-74.1279906, 4.6474914]]}}, {"type": "Feature", "properties": {"highway": "cycleway", "cycleway": null, "name": null}, "geometry": {"type": "LineString", "coordinates": [[-74.0460107, 4.7522095], [-74.0460348, 4.7522466], [-74.0460841, 4.7523218], [-74.0460978, 4.7523578], [-74.0460931, 4.7524081], [-74.0460728, 4.7524813], [-74.0460484, 4.7525715], [-74.0459676, 4.7528707], [-74.0458393, 4.7533811], [-74.0458327, 4.7534073], [-74.0457616, 4.7536918], [-74.0456966, 4.7539516], [-74.0456695, 4.7540464], [-74.045564, 4.754482], [-74.0454549, 4.755033], [-74.0453399, 4.755614], [-74.0453203, 4.7557131], [-74.0452364, 4.7560794], [-74.0451949, 4.7565545], [-74.0451625, 4.7571033], [-74.0451332, 4.7574564], [-74.0451183, 4.7575161], [-74.0451129, 4.7575399], [-74.0450876, 4.757661], [-74.0450235, 4.7579689], [-74.044936, 4.7585671], [-74.044768, 4.7592216], [-74.0446509, 4.7598038], [-74.0446208, 4.7598908], [-74.0445872, 4.7599706], [-74.0445251, 4.7600518], [-74.0444728, 4.7601003]]}}, {"type": "Feature", "properties": {"highway": "cycleway", "cycleway": null, "name": null}, "geometry": {"type": "LineString", "coordinates": [[-74.100263, 4.7325737], [-74.1003029, 4.7323371], [-74.1003421, 4.7320628], [-74.1003411, 4.7320378], [-74.1003859, 4.7317805], [-74.1004342, 4.7315061], [-74.100477, 4.731232], [-74.1005184, 4.7309646], [-74.1005569, 4.7307445], [-74.100579, 4.7305625], [-74.1006299, 4.7302465], [-74.1006871, 4.7299062], [-74.1006983, 4.7298616], [-74.1007412, 4.7296907], [-74.1007731, 4.7295677], [-74.1008222, 4.7293456], [-74.100877, 4.7291067], [-74.1008898, 4.7290686], [-74.1009192, 4.7289401], [-74.1009303, 4.7288617], [-74.1009419, 4.7287794], [-74.1009433, 4.728611], [-74.1009269, 4.7285511], [-74.1008982, 4.728424], [-74.1008519, 4.7282981], [-74.1007896, 4.7281645], [-74.1007622, 4.7281248], [-74.1007123, 4.7280522], [-74.1005886, 4.7279203], [-74.1003942, 4.727713], [-74.1000497, 4.7273456]]}}, {"type": "Feature", "properties": {"highway": "cycleway", "cycleway": "crossing", "name": null}, "geometry": {"type": "LineString", "coordinates": [[-74.0996787, 4.7362895], [-74.0996981, 4.7361616], [-74.0997498, 4.7358203], [-74.0997611, 4.7357458], [-74.0997763, 4.7356455], [-74.0997847, 4.7355772], [-74.0997953, 4.7355205]]}}, {"type": "Feature", "properties": {"highway": "cycleway", "cycleway": null, "name": null}, "geometry": {"type": "LineString", "coordinates": [[-74.1238362, 4.7404752], [-74.1238734, 4.7404655], [-74.1239673, 4.7404408], [-74.1242798, 4.7403927], [-74.1244259, 4.7403707], [-74.1244984, 4.7403533], [-74.124546, 4.7403372], [-74.1245941, 4.7403149], [-74.1246433, 4.7402813], [-74.1247005, 4.7402266]]}}, {"type": "Feature", "properties": {"highway": "cycleway", "cycleway": null, "name": "Ciclo Paseo Natural"}, "geometry": {"type": "LineString", "coordinates": [[-74.0981591, 4.6570879], [-74.0981889, 4.6567098], [-74.0981862, 4.65652], [-74.0980387, 4.6562927], [-74.0978214, 4.6559372], [-74.0974473, 4.6556685], [-74.0972045, 4.655515], [-74.0971121, 4.655459], [-74.0968258, 4.6552495], [-74.096525, 4.65504], [-74.0958875, 4.6545177], [-74.0956642, 4.6542768], [-74.0952091, 4.6539556], [-74.0951087, 4.6538979], [-74.0946664, 4.6536147], [-74.0943611, 4.6534485], [-74.094288, 4.6534887], [-74.0941732, 4.6535136], [-74.0941245, 4.6535447], [-74.0940346, 4.6536119], [-74.093946, 4.6536517], [-74.0938687, 4.6536919]]}}, {"type": "Feature", "properties": {"highway": "cycleway", "cycleway": null, "name": "Ciclo Paseo Natural"}, "geometry": {"type": "LineString", "coordinates": [[-74.0934316, 4.664729], [-74.0936041, 4.6647246], [-74.0936704, 4.6647126], [-74.0938951, 4.6646123], [-74.0941291, 4.6645021], [-74.0942759, 4.6644292], [-74.0944288, 4.6643477], [-74.0944811, 4.6643056], [-74.0945031, 4.6642849], [-74.0945572, 4.664252], [-74.094659, 4.664166], [-74.094765, 4.6640731], [-74.0948597, 4.6639576], [-74.0949162, 4.6638928], [-74.0950038, 4.6637801], [-74.0950872, 4.6636801], [-74.0952328, 4.6635237], [-74.095343, 4.6633899], [-74.0954292, 4.6632659], [-74.0955225, 4.6631532], [-74.0956384, 4.6630363], [-74.0957769, 4.6628715], [-74.0958476, 4.6627644], [-74.0959324, 4.6626996], [-74.0960228, 4.6626067], [-74.0961345, 4.6624109], [-74.0962504, 4.6622137], [-74.0963013, 4.6621489], [-74.0964624, 4.6619911], [-74.0966065, 4.6618221], [-74.0967578, 4.661553], [-74.0967846, 4.6614699], [-74.0968273, 4.6613183], [-74.0968821, 4.6612473], [-74.0970277, 4.6611741], [-74.0971804, 4.661036], [-74.0972326, 4.6608642], [-74.0973005, 4.6607656], [-74.0973881, 4.6607529], [-74.0974772, 4.6607149], [-74.0975535, 4.6605923], [-74.097593, 4.6605247], [-74.0976425, 4.6604331], [-74.0977005, 4.6603049], [-74.0977754, 4.6602063], [-74.0978347, 4.66015], [-74.0979803, 4.6599711], [-74.0980693, 4.6598711], [-74.0985304, 4.6593349], [-74.0987117, 4.6591018], [-74.0988312, 4.6589258], [-74.0988675, 4.6588253], [-74.0988749, 4.6587355]]}}, {"type": "Feature", "properties": {"highway": "cycleway", "cycleway": null, "name": "Ciclo Paseo Natural"}, "geometry": {"type": "LineString", "coordinates": [[-74.097529, 4.6554071], [-74.0971934, 4.6552623], [-74.0970956, 4.6551716], [-74.097039, 4.6550727], [-74.0968239, 4.6549188], [-74.096635, 4.6547855], [-74.0963855, 4.6546054], [-74.0962683, 4.6544776], [-74.0961276, 4.654391], [-74.0958919, 4.6542193], [-74.0956602, 4.6541437], [-74.0953845, 4.654042], [-74.0952091, 4.6539556], [-74.0951239, 4.6537877], [-74.0950646, 4.6536764], [-74.0948936, 4.6535472], [-74.0947143, 4.6534236], [-74.094553, 4.6533109], [-74.0944055, 4.6532037], [-74.094218, 4.6531253], [-74.0941297, 4.6531267], [-74.0940084, 4.6531679], [-74.0940608, 4.6532999], [-74.0942235, 4.6533136], [-74.0942607, 4.6533342], [-74.0941732, 4.6535136]]}}, {"type": "Feature", "properties": {"highway": "cycleway", "cycleway": null, "name": null}, "geometry": {"type": "LineString", "coordinates": [[-74.0877393, 4.7139355], [-74.0875012, 4.7138489], [-74.0871487, 4.7137076], [-74.0868666, 4.7135945], [-74.0865003, 4.7134477], [-74.0863883, 4.7133942], [-74.0862856, 4.7133348], [-74.0860303, 4.7131762], [-74.085894, 4.7130915], [-74.0856714, 4.7129605], [-74.0855427, 4.712891], [-74.0854166, 4.7128296], [-74.0852664, 4.7127627], [-74.0851827, 4.712724], [-74.0851062, 4.7126924], [-74.0849402, 4.7126317], [-74.0848552, 4.7125921], [-74.0847809, 4.7125489], [-74.0846307, 4.7124446], [-74.0844698, 4.7123083], [-74.0841721, 4.7120543], [-74.0840167, 4.711939], [-74.0839488, 4.7118886], [-74.0836864, 4.71172], [-74.0835997, 4.7116605], [-74.0832388, 4.7114585], [-74.0831453, 4.7114079], [-74.0830425, 4.7113726], [-74.0829385, 4.7113484], [-74.0827959, 4.7113379], [-74.082656, 4.711346], [-74.0825411, 4.711367], [-74.0824709, 4.7113887], [-74.0824317, 4.7114008], [-74.0823437, 4.7114416], [-74.0821815, 4.7115421], [-74.082061, 4.711637], [-74.0819515, 4.7117352], [-74.0817709, 4.7119207], [-74.0815858, 4.7121319], [-74.0815309, 4.7121883], [-74.0814725, 4.7122306], [-74.08139, 4.7122762], [-74.0813234, 4.7123065], [-74.0812639, 4.7123297]]}}, {"type": "Feature", "properties": {"highway": "cycleway", "cycleway": null, "name": null}, "geometry": {"type": "LineString", "coordinates": [[-74.0851385, 4.7141906], [-74.0850088, 4.7134288], [-74.0849675, 4.7133607], [-74.0846077, 4.7130321], [-74.0845011, 4.7129584], [-74.0844264, 4.7129311], [-74.0843092, 4.7129079], [-74.0842265, 4.7128424], [-74.0839422, 4.7126954], [-74.0838081, 4.7126392], [-74.0837008, 4.7126312], [-74.0835211, 4.71269], [-74.0833414, 4.7127595], [-74.0832663, 4.712813], [-74.0832556, 4.7128638], [-74.0832797, 4.7129039], [-74.0839181, 4.7130696], [-74.0839664, 4.7130937], [-74.0839878, 4.7131177], [-74.0839959, 4.7131525], [-74.0839717, 4.7131765], [-74.0835211, 4.7133289], [-74.0834836, 4.7133476], [-74.0834755, 4.713385], [-74.0834943, 4.7134198], [-74.0836217, 4.7134452], [-74.0837625, 4.7134733], [-74.0840281, 4.7136657], [-74.0841729, 4.7137299], [-74.0843875, 4.7137967], [-74.0845109, 4.7138422], [-74.0845806, 4.7138796], [-74.0846959, 4.7139678], [-74.0847852, 4.7140827], [-74.0848622, 4.7141629], [-74.0849331, 4.714203], [-74.0850267, 4.7142551], [-74.0850727, 4.7142812], [-74.0851101, 4.7142737], [-74.0851347, 4.7142402], [-74.0851385, 4.7141906]]}}, {"type": "Feature", "properties": {"highway": "cycleway", "cycleway": null, "name": null}, "geometry": {"type": "LineString", "coordinates": [[-74.0845205, 4.7148605], [-74.08455, 4.7149888], [-74.0845902, 4.715061], [-74.0846895, 4.7151465], [-74.0848236, 4.715224], [-74.0848906, 4.7152855], [-74.0848933, 4.7153416], [-74.0848236, 4.7155475], [-74.0847914, 4.7156277], [-74.0847458, 4.7156651], [-74.0846707, 4.7156918], [-74.0845956, 4.7156758], [-74.0845339, 4.715617], [-74.0844105, 4.7154566], [-74.0843408, 4.715339], [-74.0842442, 4.7152721], [-74.0841423, 4.7152133], [-74.084086, 4.7151652], [-74.0840565, 4.7150984], [-74.0840243, 4.7149995], [-74.0840297, 4.7149086], [-74.0840645, 4.7148284], [-74.0840994, 4.7147642], [-74.0841369, 4.7147215], [-74.0841665, 4.7146707], [-74.0842094, 4.7146413], [-74.0842898, 4.7146226], [-74.084373, 4.7146226], [-74.0844293, 4.7146546], [-74.0844937, 4.7147429], [-74.0845205, 4.7148605]]}}, {"type": "Feature", "properties": {"highway": "cycleway", "cycleway": null, "name": null}, "geometry": {"type": "LineString", "coordinates": [[-74.1131013, 4.6542294], [-74.1129908, 4.6542458], [-74.1129324, 4.6542653], [-74.1123338, 4.6543148], [-74.1121956, 4.6543301], [-74.1121634, 4.6543353], [-74.1121433, 4.6543439], [-74.1121258, 4.6543552], [-74.1118887, 4.6545104], [-74.1118804, 4.654513], [-74.1118708, 4.654513], [-74.1118621, 4.6545109], [-74.1118542, 4.6545056], [-74.1118438, 4.6544933]]}}, {"type": "Feature", "properties": {"highway": "cycleway", "cycleway": null, "name": null}, "geometry": {"type": "LineString", "coordinates": [[-74.037438, 4.749325], [-74.0373256, 4.749307], [-74.0372616, 4.7492967], [-74.0364923, 4.7491723], [-74.0359546, 4.7490894], [-74.0354316, 4.7490034], [-74.0352108, 4.748971], [-74.0348435, 4.7489089], [-74.0347725, 4.7488969], [-74.0347404, 4.7488915], [-74.0346797, 4.7488812], [-74.0346407, 4.7488746], [-74.0345586, 4.7488607], [-74.0341589, 4.7488034], [-74.033141, 4.748645], [-74.0330929, 4.7486369], [-74.0319606, 4.7484473], [-74.0319395, 4.748443]]}}, {"type": "Feature", "properties": {"highway": "cycleway", "cycleway": null, "name": null}, "geometry": {"type": "LineString", "coordinates": [[-74.0315475, 4.760108], [-74.0315576, 4.7599276], [-74.0315782, 4.7594782], [-74.0315964, 4.7594359], [-74.0316009, 4.7593369], [-74.0315868, 4.7592915], [-74.0316228, 4.7584978], [-74.0316262, 4.7584214], [-74.0316424, 4.7580632], [-74.0316511, 4.7577856], [-74.0316459, 4.7575062], [-74.0316216, 4.7571506], [-74.0316221, 4.7571302], [-74.03163, 4.7567889], [-74.031637, 4.7564491], [-74.0316374, 4.7564296], [-74.031638, 4.7563988], [-74.0316388, 4.756362], [-74.0316586, 4.7556218], [-74.0316981, 4.7554608], [-74.031703, 4.7551616], [-74.0316734, 4.7550541], [-74.0316955, 4.7542066], [-74.0316971, 4.7541112], [-74.0317407, 4.752548], [-74.0317691, 4.7524036], [-74.0317752, 4.7521811], [-74.0317547, 4.7520452], [-74.0318139, 4.7495072], [-74.0318353, 4.7494163], [-74.0318407, 4.7492719], [-74.03183, 4.7492024], [-74.031833, 4.7490936], [-74.0318407, 4.7488924], [-74.0318712, 4.7486123], [-74.031898, 4.7485441], [-74.0319395, 4.748443]]}}, {"type": "Feature", "properties": {"highway": "cycleway", "cycleway": "crossing", "name": null}, "geometry": {"type": "LineString", "coordinates": [[-74.1860129, 4.618043], [-74.1860946, 4.6179768], [-74.1861426, 4.6179379], [-74.1861762, 4.6179106], [-74.1862153, 4.6178789], [-74.1862487, 4.6178519]]}}, {"type": "Feature", "properties": {"highway": "cycleway", "cycleway": null, "name": null}, "geometry": {"type": "LineString", "coordinates": [[-74.180567, 4.6094329], [-74.1806496, 4.6093622], [-74.180681, 4.6093353], [-74.180732, 4.6092961], [-74.1808514, 4.609247], [-74.1809193, 4.6092357], [-74.181005, 4.6092389], [-74.1810753, 4.6092531], [-74.1811525, 4.6092774], [-74.1812481, 4.6093503], [-74.1813288, 4.6094415], [-74.1813502, 4.6094927], [-74.1813663, 4.609531], [-74.181387, 4.6095807], [-74.1814291, 4.6096812], [-74.1814922, 4.6097508], [-74.1815751, 4.6099566]]}}, {"type": "Feature", "properties": {"highway": "cycleway", "cycleway": "crossing", "name": null}, "geometry": {"type": "LineString", "coordinates": [[-74.1818248, 4.6098637], [-74.1818054, 4.6098709], [-74.1817665, 4.6098854], [-74.18164, 4.6099325], [-74.1816029, 4.6099463], [-74.1815751, 4.6099566]]}}, {"type": "Feature", "properties": {"highway": "cycleway", "cycleway": null, "name": null}, "geometry": {"type": "LineString", "coordinates": [[-74.1807479, 4.6078284], [-74.180785, 4.6078073], [-74.1808786, 4.6077565], [-74.1809726, 4.6077059]]}}, {"type": "Feature", "properties": {"highway": "cycleway", "cycleway": null, "name": null}, "geometry": {"type": "LineString", "coordinates": [[-74.1887887, 4.6177779], [-74.1892956, 4.6172197], [-74.1894484, 4.6170641], [-74.1895584, 4.6169576], [-74.1896631, 4.6168699], [-74.1896685, 4.6168654], [-74.1898164, 4.6167689], [-74.1899738, 4.6166793], [-74.1901198, 4.6166042], [-74.190354, 4.616517], [-74.1904297, 4.6164963], [-74.1904623, 4.6164872], [-74.1914704, 4.6162074]]}}, {"type": "Feature", "properties": {"highway": "cycleway", "cycleway": null, "name": null}, "geometry": {"type": "LineString", "coordinates": [[-74.1865936, 4.6192075], [-74.1866466, 4.6192617], [-74.1866908, 4.6193062], [-74.1867667, 4.6194105], [-74.1868197, 4.6194986], [-74.1868345, 4.6195241], [-74.1869385, 4.6197544], [-74.1870214, 4.6199385]]}}, {"type": "Feature", "properties": {"highway": "cycleway", "cycleway": "crossing", "name": null}, "geometry": {"type": "LineString", "coordinates": [[-74.1870214, 4.6199385], [-74.1870853, 4.6199111], [-74.1871542, 4.6198817], [-74.1872199, 4.6198535], [-74.187284, 4.6198261]]}}, {"type": "Feature", "properties": {"highway": "cycleway", "cycleway": null, "name": null}, "geometry": {"type": "LineString", "coordinates": [[-74.1918938, 4.625943], [-74.1921936, 4.6262901], [-74.1924404, 4.6265628], [-74.1925904, 4.6267171], [-74.1928088, 4.6268814], [-74.1929808, 4.6269724], [-74.1935977, 4.6272505], [-74.1938849, 4.6273797], [-74.1939506, 4.6274083], [-74.1944489, 4.6276142], [-74.1948336, 4.6277652], [-74.1950139, 4.6278536], [-74.1951391, 4.6279444], [-74.1952776, 4.6280504], [-74.1953961, 4.6281795], [-74.195516, 4.6283243], [-74.1955653, 4.6284014], [-74.1956135, 4.6284808], [-74.1956346, 4.6285251]]}}, {"type": "Feature", "properties": {"highway": "cycleway", "cycleway": null, "name": null}, "geometry": {"type": "LineString", "coordinates": [[-74.1088326, 4.6621393], [-74.1088574, 4.6621766], [-74.108947, 4.6623135]]}}, {"type": "Feature", "properties": {"highway": "cycleway", "cycleway": null, "name": null}, "geometry": {"type": "LineString", "coordinates": [[-74.2289394, 4.7069838], [-74.228846, 4.7070614], [-74.2288317, 4.7070746], [-74.2288005, 4.7071004], [-74.2287797, 4.7071174], [-74.228592, 4.7072831], [-74.2284462, 4.7073891], [-74.2284173, 4.7074127], [-74.2278821, 4.7078488], [-74.2277979, 4.7079175], [-74.227646, 4.7080223], [-74.2273584, 4.7082446], [-74.2272592, 4.7083197], [-74.2262592, 4.7090779], [-74.2261824, 4.7090864], [-74.2260907, 4.7091417], [-74.2260523, 4.7092161], [-74.2259656, 4.7092771], [-74.2258728, 4.7093486], [-74.2249137, 4.7100379], [-74.2248372, 4.7101007], [-74.2236999, 4.7109568], [-74.2235992, 4.7110358], [-74.2234823, 4.7111401], [-74.2232348, 4.7113609], [-74.2230595, 4.7114602], [-74.2229906, 4.7114977], [-74.2228359, 4.711582], [-74.2225248, 4.7116979], [-74.2223118, 4.7117773], [-74.2220102, 4.7118935], [-74.2218502, 4.7119526], [-74.2214418, 4.7121116], [-74.2208625, 4.7123123], [-74.220101, 4.7126081], [-74.2199309, 4.712649], [-74.2196238, 4.7127851], [-74.2194542, 4.7129181], [-74.2194119, 4.712944], [-74.2187779, 4.7132729], [-74.2182596, 4.7135128], [-74.2180209, 4.7136395], [-74.2177962, 4.7137375], [-74.2175606, 4.7138485], [-74.2174305, 4.713916], [-74.2173885, 4.7139332]]}}, {"type": "Feature", "properties": {"highway": "cycleway", "cycleway": "crossing", "name": null}, "geometry": {"type": "LineString", "coordinates": [[-74.0906225, 4.6950414], [-74.0906623, 4.6950081], [-74.0907436, 4.6949399], [-74.0907799, 4.6949095]]}}, {"type": "Feature", "properties": {"highway": "cycleway", "cycleway": null, "name": null}, "geometry": {"type": "LineString", "coordinates": [[-74.1246236, 4.636184], [-74.1256547, 4.6366172], [-74.1263145, 4.636898], [-74.1265184, 4.6369942], [-74.1267222, 4.6371171], [-74.1268804, 4.6372294], [-74.1270816, 4.6373952], [-74.1272988, 4.6376037], [-74.1274222, 4.6377454], [-74.1275107, 4.6378604], [-74.1275974, 4.637993]]}}, {"type": "Feature", "properties": {"highway": "cycleway", "cycleway": null, "name": null}, "geometry": {"type": "LineString", "coordinates": [[-74.1236803, 4.6357841], [-74.1237343, 4.6358072], [-74.1243692, 4.6360789]]}}, {"type": "Feature", "properties": {"highway": "cycleway", "cycleway": null, "name": null}, "geometry": {"type": "LineString", "coordinates": [[-74.1243692, 4.6360789], [-74.1246236, 4.636184]]}}, {"type": "Feature", "properties": {"highway": "cycleway", "cycleway": null, "name": null}, "geometry": {"type": "LineString", "coordinates": [[-74.0587216, 4.7695664], [-74.0573789, 4.768563], [-74.0548955, 4.766751], [-74.054461, 4.766457], [-74.0542329, 4.7663019], [-74.053903, 4.7660907], [-74.0536509, 4.7659304]]}}, {"type": "Feature", "properties": {"highway": "cycleway", "cycleway": null, "name": null}, "geometry": {"type": "LineString", "coordinates": [[-74.0520928, 4.7148948], [-74.0521059, 4.7148216], [-74.052186, 4.7143756], [-74.0522604, 4.7139465]]}}, {"type": "Feature", "properties": {"highway": "cycleway", "cycleway": null, "name": null}, "geometry": {"type": "LineString", "coordinates": [[-74.2347962, 4.6992301], [-74.234797, 4.6991601], [-74.2347976, 4.6991138], [-74.2349776, 4.6989053], [-74.2351647, 4.6986892], [-74.235391, 4.6983973], [-74.2354467, 4.6983553], [-74.2355107, 4.698306], [-74.23545, 4.6981926], [-74.2353853, 4.6980069], [-74.2353666, 4.6978142], [-74.2353473, 4.6976145], [-74.2353016, 4.6974382], [-74.2352256, 4.6972828], [-74.2352072, 4.697264], [-74.2350438, 4.6970979], [-74.2347917, 4.6967634], [-74.2345771, 4.6965575], [-74.2341909, 4.6963089], [-74.2337161, 4.6960176], [-74.2335579, 4.6959427], [-74.233472, 4.6958999], [-74.2334399, 4.6958411], [-74.2334586, 4.6957743], [-74.2337537, 4.6956861], [-74.2340755, 4.695654], [-74.2342579, 4.69567], [-74.2344028, 4.6956941], [-74.2345932, 4.6957529], [-74.2347673, 4.6958448], [-74.2361198, 4.6969464], [-74.2374674, 4.6980967], [-74.2379379, 4.6984983], [-74.2380595, 4.6986035], [-74.2381015, 4.69864], [-74.2382276, 4.6988832], [-74.2378655, 4.6992013], [-74.2379118, 4.6992406]]}}, {"type": "Feature", "properties": {"highway": "cycleway", "cycleway": null, "name": null}, "geometry": {"type": "LineString", "coordinates": [[-74.237095, 4.6994041], [-74.237078, 4.699328], [-74.2370266, 4.6993148], [-74.2368593, 4.6992465], [-74.2366725, 4.6991345], [-74.2366253, 4.6991062], [-74.236264, 4.6988674], [-74.2362345, 4.6988434], [-74.2360662, 4.6987321], [-74.2360091, 4.698693], [-74.2357543, 4.6985319], [-74.2356425, 4.6984464], [-74.2355107, 4.698306]]}}, {"type": "Feature", "properties": {"highway": "cycleway", "cycleway": null, "name": null}, "geometry": {"type": "LineString", "coordinates": [[-74.2396947, 4.7060974], [-74.2397156, 4.7061333], [-74.23973, 4.7061713], [-74.2397256, 4.7061952], [-74.239718, 4.7062374], [-74.2397053, 4.7062637], [-74.2387424, 4.7070044], [-74.2377891, 4.7077156]]}}, {"type": "Feature", "properties": {"highway": "cycleway", "cycleway": null, "name": null}, "geometry": {"type": "LineString", "coordinates": [[-74.2384825, 4.7044154], [-74.2390348, 4.7048799], [-74.2391102, 4.7049799], [-74.2391892, 4.7050909], [-74.2393194, 4.7053779], [-74.2393573, 4.7054224], [-74.2395767, 4.70572], [-74.2396322, 4.7058195], [-74.2396691, 4.7059234], [-74.2396746, 4.7059992], [-74.2396781, 4.7060602], [-74.2396947, 4.7060974]]}}, {"type": "Feature", "properties": {"highway": "cycleway", "cycleway": null, "name": null}, "geometry": {"type": "LineString", "coordinates": [[-74.2378328, 4.7083943], [-74.2378519, 4.7084529], [-74.2378173, 4.7085133], [-74.2378346, 4.7086375], [-74.2379488, 4.7090342], [-74.2380215, 4.7092964], [-74.2380492, 4.709324], [-74.2380803, 4.7093947], [-74.2381134, 4.7095586], [-74.238243, 4.7097604], [-74.2382603, 4.7098449], [-74.2384144, 4.7101054], [-74.2384854, 4.7102434], [-74.2385252, 4.7102675], [-74.2386221, 4.7104331], [-74.238646, 4.710494], [-74.2387571, 4.7107764], [-74.2387969, 4.7108989], [-74.2388367, 4.7109592], [-74.2389111, 4.7109506], [-74.2390098, 4.7109282], [-74.2391171, 4.7109109], [-74.2392175, 4.7109437], [-74.2393594, 4.7109679], [-74.2395307, 4.7109903]]}}, {"type": "Feature", "properties": {"highway": "cycleway", "cycleway": null, "name": null}, "geometry": {"type": "LineString", "coordinates": [[-74.0515987, 4.7178393], [-74.0516696, 4.7174163], [-74.0517604, 4.7168753], [-74.0518458, 4.7163668], [-74.0519356, 4.7158316], [-74.0520208, 4.7153238], [-74.0520704, 4.7150289], [-74.0520775, 4.7149862], [-74.0520928, 4.7148948]]}}, {"type": "Feature", "properties": {"highway": "cycleway", "cycleway": null, "name": null}, "geometry": {"type": "LineString", "coordinates": [[-74.1189086, 4.5306424], [-74.1188818, 4.530236], [-74.1188711, 4.5297386], [-74.1188663, 4.5290375], [-74.1188675, 4.5289214]]}}, {"type": "Feature", "properties": {"highway": "cycleway", "cycleway": null, "name": null}, "geometry": {"type": "LineString", "coordinates": [[-74.1207053, 4.5480352], [-74.1207321, 4.5479603], [-74.1207455, 4.5478988], [-74.1207482, 4.5478213], [-74.1207482, 4.5477304], [-74.1207589, 4.5476234], [-74.120775, 4.5475138], [-74.1208099, 4.5473561], [-74.1208179, 4.5472571], [-74.1208197, 4.5470549], [-74.1208233, 4.5466609], [-74.1208045, 4.5466341], [-74.1208018, 4.5465486], [-74.1208152, 4.5465165], [-74.1207911, 4.5456475], [-74.1207918, 4.5455381], [-74.1207909, 4.545521], [-74.1207813, 4.5453328], [-74.1207732, 4.5451938], [-74.1207539, 4.545036], [-74.1207464, 4.5449746], [-74.1207196, 4.5447927], [-74.1206847, 4.5446644], [-74.1206204, 4.5444826], [-74.1205801, 4.5443462], [-74.120556, 4.5442099], [-74.1205293, 4.5440398], [-74.120497, 4.5439104], [-74.1204487, 4.5438061]]}}, {"type": "Feature", "properties": {"highway": "cycleway", "cycleway": null, "name": null}, "geometry": {"type": "LineString", "coordinates": [[-74.1566174, 4.6490182], [-74.1565828, 4.6490485], [-74.1565416, 4.6490804], [-74.1561503, 4.6493852], [-74.1551433, 4.6501361], [-74.1544005, 4.6506771], [-74.1514691, 4.6527682]]}}, {"type": "Feature", "properties": {"highway": "cycleway", "cycleway": null, "name": null}, "geometry": {"type": "LineString", "coordinates": [[-74.1219264, 4.7411341], [-74.1218816, 4.7411045], [-74.1218391, 4.7410926], [-74.1217931, 4.7410901], [-74.121746, 4.7411082], [-74.1216955, 4.7412073], [-74.1216425, 4.7413719], [-74.1215337, 4.7417099], [-74.121521, 4.7418166], [-74.1215446, 4.7419142], [-74.1216298, 4.7421239], [-74.1216461, 4.7422341], [-74.1216371, 4.7423607], [-74.1215881, 4.7424944], [-74.121394, 4.7429554], [-74.1213469, 4.7430266], [-74.121306, 4.7430574], [-74.1212543, 4.7430863], [-74.1211615, 4.7431209], [-74.120498, 4.7433683], [-74.1193715, 4.7437605], [-74.119163, 4.7438077], [-74.1189709, 4.7438211], [-74.1188377, 4.7438069], [-74.1186858, 4.743771]]}}, {"type": "Feature", "properties": {"highway": "cycleway", "cycleway": null, "name": null}, "geometry": {"type": "LineString", "coordinates": [[-74.1186678, 4.7438654], [-74.1186858, 4.743771], [-74.1187417, 4.7435559], [-74.1187841, 4.7433842], [-74.1187397, 4.7425325], [-74.1187049, 4.7424651], [-74.1185757, 4.742365], [-74.1184772, 4.7422793], [-74.1184134, 4.7422015], [-74.1183186, 4.7420657], [-74.1182677, 4.742003], [-74.1179885, 4.7418485], [-74.1179045, 4.7417822], [-74.1178184, 4.7416831], [-74.1173444, 4.7407558], [-74.1172819, 4.7406139], [-74.1172629, 4.7405199], [-74.1172376, 4.7402562], [-74.1172202, 4.7400686], [-74.1172537, 4.7399243], [-74.1173076, 4.7398015], [-74.1173346, 4.7397547], [-74.117353, 4.739671], [-74.1173513, 4.73958], [-74.1173209, 4.7395026], [-74.1172752, 4.7394521], [-74.116911, 4.7391853], [-74.1168155, 4.739125], [-74.1164117, 4.7388556], [-74.1163323, 4.738805], [-74.1162579, 4.7387815], [-74.1160569, 4.7387781], [-74.1159352, 4.7387933], [-74.1158658, 4.7388279], [-74.1157662, 4.7388775], [-74.1157059, 4.7388921], [-74.1156378, 4.7388926], [-74.1155199, 4.73889], [-74.1154802, 4.7388985], [-74.1154217, 4.738911], [-74.1153216, 4.7389473], [-74.1152499, 4.7389881], [-74.1151981, 4.7390093], [-74.1151259, 4.7390162], [-74.1150325, 4.7390138], [-74.1149154, 4.7390113], [-74.1147445, 4.7390458], [-74.1146921, 4.7390527], [-74.1146397, 4.7390477], [-74.1145695, 4.7390261], [-74.1144045, 4.7389532], [-74.1142662, 4.7388833], [-74.1142069, 4.7388409], [-74.1141337, 4.7387769], [-74.1140092, 4.738642], [-74.1139598, 4.7385514], [-74.1139302, 4.7384647], [-74.1138471, 4.7379624], [-74.1138294, 4.7379201], [-74.1137997, 4.7378777], [-74.1137374, 4.7378383], [-74.1136396, 4.7378147], [-74.113436, 4.7377871], [-74.1131949, 4.7377615], [-74.1131099, 4.7377792], [-74.1129913, 4.7378521], [-74.1128945, 4.7379447], [-74.1128451, 4.737988], [-74.1127878, 4.7380117], [-74.1127087, 4.7380274], [-74.1126573, 4.7380511], [-74.1126039, 4.7381023], [-74.1125269, 4.7381929], [-74.1124616, 4.7382421], [-74.1123292, 4.7382795], [-74.1116513, 4.7383682], [-74.111592, 4.7383859], [-74.1115505, 4.7384411], [-74.1115327, 4.7384982], [-74.1115011, 4.7385927], [-74.1114754, 4.7386538], [-74.1114418, 4.7386952], [-74.1113766, 4.7387542], [-74.1110149, 4.7389906], [-74.1108906, 4.7390338]]}}, {"type": "Feature", "properties": {"highway": "cycleway", "cycleway": null, "name": null}, "geometry": {"type": "LineString", "coordinates": [[-74.1005263, 4.7253159], [-74.1007454, 4.7255033]]}}, {"type": "Feature", "properties": {"highway": "cycleway", "cycleway": null, "name": null}, "geometry": {"type": "LineString", "coordinates": [[-74.1008479, 4.725591], [-74.1012258, 4.7259141]]}}, {"type": "Feature", "properties": {"highway": "cycleway", "cycleway": null, "name": null}, "geometry": {"type": "LineString", "coordinates": [[-74.1007454, 4.7255033], [-74.1008479, 4.725591]]}}, {"type": "Feature", "properties": {"highway": "cycleway", "cycleway": null, "name": null}, "geometry": {"type": "LineString", "coordinates": [[-74.1887549, 4.6312425], [-74.1884117, 4.6313905], [-74.1875199, 4.631789], [-74.1874246, 4.6318364], [-74.1873585, 4.631874], [-74.1869418, 4.6321159], [-74.186828, 4.6321769], [-74.1867207, 4.6322259], [-74.1866612, 4.6322458], [-74.186563, 4.6322787], [-74.186021, 4.6324073], [-74.1858242, 4.632462], [-74.1856265, 4.6325345], [-74.1852335, 4.6326855], [-74.1851567, 4.632715], [-74.1850784, 4.632745], [-74.184945, 4.6327963], [-74.184368, 4.6330293], [-74.1838947, 4.6332311], [-74.183773, 4.6332722], [-74.1836497, 4.633305], [-74.1832731, 4.6333805], [-74.1831921, 4.6334002], [-74.1831247, 4.6334217], [-74.1830805, 4.6334408], [-74.1829819, 4.6334834], [-74.1826332, 4.633669], [-74.1825865, 4.6336943], [-74.1822604, 4.6338711], [-74.1818572, 4.6340424], [-74.1813555, 4.6342305], [-74.1809813, 4.6343578], [-74.1805416, 4.6344915], [-74.1801396, 4.6346077]]}}, {"type": "Feature", "properties": {"highway": "cycleway", "cycleway": null, "name": null}, "geometry": {"type": "LineString", "coordinates": [[-74.1746663, 4.6361951], [-74.1744536, 4.6362689], [-74.1731607, 4.6366518], [-74.1730714, 4.6366851], [-74.1718113, 4.6371546]]}}, {"type": "Feature", "properties": {"highway": "cycleway", "cycleway": null, "name": null}, "geometry": {"type": "LineString", "coordinates": [[-74.1416545, 4.6524938], [-74.1410646, 4.6521254], [-74.1407755, 4.6520046], [-74.1395759, 4.6512695], [-74.1392068, 4.6510433], [-74.1387509, 4.6507652], [-74.1386669, 4.6507136]]}}, {"type": "Feature", "properties": {"highway": "cycleway", "cycleway": null, "name": null}, "geometry": {"type": "LineString", "coordinates": [[-74.1436733, 4.653762], [-74.1434296, 4.6536138], [-74.1432056, 4.653473], [-74.1423456, 4.6528898], [-74.1422914, 4.6528563], [-74.1419672, 4.6526728], [-74.1416545, 4.6524938]]}}, {"type": "Feature", "properties": {"highway": "cycleway", "cycleway": null, "name": null}, "geometry": {"type": "LineString", "coordinates": [[-74.1567674, 4.6488857], [-74.1566174, 4.6490182]]}}, {"type": "Feature", "properties": {"highway": "cycleway", "cycleway": null, "name": null}, "geometry": {"type": "LineString", "coordinates": [[-74.0882585, 4.7312068], [-74.0882772, 4.7311691], [-74.0883003, 4.7310996]]}}, {"type": "Feature", "properties": {"highway": "cycleway", "cycleway": null, "name": null}, "geometry": {"type": "LineString", "coordinates": [[-74.2239705, 4.5938068], [-74.2239796, 4.5936296], [-74.2239842, 4.5935674], [-74.2240027, 4.5934807], [-74.2240697, 4.5933118], [-74.224159, 4.5931874], [-74.2242153, 4.593126], [-74.2242391, 4.593073], [-74.2242499, 4.5930131], [-74.2242515, 4.5929455], [-74.2242592, 4.5928787], [-74.2242769, 4.5928204], [-74.224394, 4.5925732], [-74.2244221, 4.5925152], [-74.2244397, 4.5924825], [-74.2244614, 4.5924531], [-74.2244777, 4.5924357], [-74.2245078, 4.5923592], [-74.2245457, 4.5923135]]}}, {"type": "Feature", "properties": {"highway": "cycleway", "cycleway": null, "name": null}, "geometry": {"type": "LineString", "coordinates": [[-74.0968273, 4.6613183], [-74.0968436, 4.6612381], [-74.096859, 4.6610867], [-74.0970013, 4.6608912], [-74.0971436, 4.6607934], [-74.0973005, 4.6607656]]}}, {"type": "Feature", "properties": {"highway": "cycleway", "cycleway": null, "name": "Ciclo Paseo Natural"}, "geometry": {"type": "LineString", "coordinates": [[-74.0988749, 4.6587355], [-74.098817, 4.6586358], [-74.0986683, 4.6584145], [-74.0985573, 4.658299], [-74.098479, 4.6581014], [-74.0984982, 4.6579977], [-74.0985847, 4.6578877], [-74.0987319, 4.6577489], [-74.0989186, 4.6575177]]}}, {"type": "Feature", "properties": {"highway": "cycleway", "cycleway": null, "name": null}, "geometry": {"type": "LineString", "coordinates": [[-74.0975877, 4.6553882], [-74.097545, 4.6554019]]}}, {"type": "Feature", "properties": {"highway": "cycleway", "cycleway": null, "name": null}, "geometry": {"type": "LineString", "coordinates": [[-74.1220696, 4.5577852], [-74.1214983, 4.5565892], [-74.1214342, 4.5564573]]}}, {"type": "Feature", "properties": {"highway": "cycleway", "cycleway": null, "name": null}, "geometry": {"type": "LineString", "coordinates": [[-74.1211939, 4.5549339], [-74.1211794, 4.5546645]]}}, {"type": "Feature", "properties": {"highway": "cycleway", "cycleway": null, "name": null}, "geometry": {"type": "LineString", "coordinates": [[-74.0554216, 4.6546892], [-74.0554812, 4.654542], [-74.0556299, 4.6542256], [-74.0557816, 4.6539415], [-74.0559578, 4.6536595], [-74.0561672, 4.6533581], [-74.0564946, 4.6528296], [-74.0565191, 4.6527905], [-74.0565544, 4.6527329], [-74.0566023, 4.6526579], [-74.0567825, 4.6523707], [-74.0570283, 4.6519938], [-74.0571446, 4.651812], [-74.0572376, 4.6516899], [-74.0573663, 4.6515339], [-74.057453, 4.6514377], [-74.0575862, 4.6513067], [-74.0578106, 4.6511044], [-74.058078, 4.6508522], [-74.0581564, 4.6507715], [-74.05821, 4.6507166], [-74.0582219, 4.6507043], [-74.0582796, 4.6506333], [-74.0583015, 4.6506063], [-74.0584052, 4.6504637], [-74.0584696, 4.6503701], [-74.0585894, 4.6501679], [-74.0587789, 4.649815], [-74.059023, 4.6493846], [-74.0590458, 4.6493463], [-74.0591053, 4.6492464], [-74.0592009, 4.6490584], [-74.0593404, 4.6487813], [-74.0594799, 4.6484925], [-74.0596274, 4.6481735], [-74.0596444, 4.6481367], [-74.0597656, 4.6478868], [-74.0598326, 4.6477489], [-74.0599831, 4.6474387], [-74.0600861, 4.6472258], [-74.0601521, 4.6471034], [-74.0602126, 4.6469874], [-74.0602939, 4.6468628], [-74.0604491, 4.6466226], [-74.0607003, 4.646234], [-74.0610606, 4.6457202], [-74.0611759, 4.6455589], [-74.0612287, 4.6454778], [-74.0612844, 4.6453757], [-74.0613118, 4.6453255], [-74.061329, 4.6452909], [-74.0613619, 4.6452248], [-74.0613941, 4.6451419], [-74.0614835, 4.6448122], [-74.0616161, 4.6443111], [-74.0616459, 4.644191], [-74.0617168, 4.6439041], [-74.0618, 4.6435699], [-74.0618706, 4.6433168], [-74.0620271, 4.6427928], [-74.0622175, 4.6420728], [-74.062298, 4.641752], [-74.0624071, 4.6413804], [-74.0625537, 4.6408662], [-74.0626476, 4.6405436], [-74.0627012, 4.6403378], [-74.0627316, 4.6402077], [-74.062804, 4.6398583], [-74.0628362, 4.6397051], [-74.0628568, 4.6396177], [-74.0628842, 4.6395205], [-74.0629038, 4.6394511], [-74.0629274, 4.6393674], [-74.0629918, 4.6391392], [-74.0631867, 4.6384485], [-74.0632984, 4.638019], [-74.0633995, 4.6375877], [-74.0634898, 4.6371564], [-74.0635953, 4.6366814], [-74.0636471, 4.6364649], [-74.0637061, 4.6361877], [-74.063718, 4.6361074], [-74.0637258, 4.636054], [-74.0637526, 4.6358241], [-74.0637786, 4.635514], [-74.063783, 4.6352948], [-74.0637875, 4.6348421], [-74.0637964, 4.6346558], [-74.0638134, 4.6344001], [-74.0638394, 4.6340151], [-74.0638484, 4.6338418], [-74.0638539, 4.6337363], [-74.063859, 4.6336373], [-74.0638805, 4.6330839], [-74.0638885, 4.6329279], [-74.0639072, 4.632743], [-74.0639218, 4.6326395], [-74.0639288, 4.6325902], [-74.0639334, 4.6325653], [-74.0639466, 4.6324939], [-74.064037, 4.6321089], [-74.0641788, 4.6315837]]}}, {"type": "Feature", "properties": {"highway": "cycleway", "cycleway": null, "name": null}, "geometry": {"type": "LineString", "coordinates": [[-74.0357562, 4.6849725], [-74.0373612, 4.6814787]]}}, {"type": "Feature", "properties": {"highway": "cycleway", "cycleway": null, "name": null}, "geometry": {"type": "LineString", "coordinates": [[-74.0373612, 4.6814787], [-74.0371814, 4.6816999], [-74.0357185, 4.6849542]]}}, {"type": "Feature", "properties": {"highway": "cycleway", "cycleway": null, "name": null}, "geometry": {"type": "LineString", "coordinates": [[-74.0329484, 4.7033088], [-74.0329395, 4.7037224], [-74.0329387, 4.7038419], [-74.0329319, 4.7044983], [-74.0329035, 4.7054572], [-74.0328723, 4.7062338], [-74.0328425, 4.7070915], [-74.0328167, 4.7080342], [-74.0328072, 4.7085582], [-74.0327774, 4.7096873], [-74.0327476, 4.7106003], [-74.0327327, 4.7112188], [-74.0327219, 4.7119549], [-74.0327, 4.7126591], [-74.0326964, 4.7127415], [-74.0326914, 4.7129103], [-74.0326886, 4.7129963], [-74.0326853, 4.7131529], [-74.0326568, 4.7141887], [-74.0326404, 4.714902], [-74.0326324, 4.7152516], [-74.0325931, 4.7165509], [-74.0325573, 4.717652], [-74.0325542, 4.7177338], [-74.0325541, 4.71778], [-74.0325538, 4.7178056], [-74.0325132, 4.7189454], [-74.0324861, 4.7204189], [-74.0324522, 4.7218208], [-74.0324285, 4.7225816], [-74.0324048, 4.7232483], [-74.0323857, 4.7239368], [-74.032375, 4.7244422], [-74.0323499, 4.7253172]]}}, {"type": "Feature", "properties": {"highway": "cycleway", "cycleway": null, "name": null}, "geometry": {"type": "LineString", "coordinates": [[-74.071362, 4.6119191], [-74.0715481, 4.6115292], [-74.0718149, 4.6109702], [-74.0718199, 4.6109608], [-74.0718304, 4.6109397], [-74.0718429, 4.6109152], [-74.0719397, 4.610726], [-74.0722703, 4.6102827], [-74.072422, 4.6100796], [-74.0724503, 4.6100459]]}}, {"type": "Feature", "properties": {"highway": "cycleway", "cycleway": null, "name": null}, "geometry": {"type": "LineString", "coordinates": [[-74.0706457, 4.6123583], [-74.0708891, 4.6120496]]}}, {"type": "Feature", "properties": {"highway": "cycleway", "cycleway": null, "name": null}, "geometry": {"type": "LineString", "coordinates": [[-74.2074896, 4.5906575], [-74.2066954, 4.5905499], [-74.2064447, 4.5905297], [-74.2058074, 4.5904776]]}}, {"type": "Feature", "properties": {"highway": "cycleway", "cycleway": "crossing", "name": null}, "geometry": {"type": "LineString", "coordinates": [[-74.195621, 4.6288292], [-74.1957213, 4.6288112], [-74.195837, 4.6287866], [-74.1958958, 4.628775]]}}, {"type": "Feature", "properties": {"highway": "cycleway", "cycleway": "crossing", "name": null}, "geometry": {"type": "LineString", "coordinates": [[-74.1954862, 4.6285682], [-74.1955171, 4.6286281], [-74.1955308, 4.6286546], [-74.1955519, 4.6286955], [-74.1955905, 4.6287702], [-74.195621, 4.6288292]]}}, {"type": "Feature", "properties": {"highway": "cycleway", "cycleway": "crossing", "name": null}, "geometry": {"type": "LineString", "coordinates": [[-74.1432618, 4.7519364], [-74.1450455, 4.7500067], [-74.1451376, 4.749899], [-74.1451767, 4.7498554]]}}, {"type": "Feature", "properties": {"highway": "cycleway", "cycleway": null, "name": null}, "geometry": {"type": "LineString", "coordinates": [[-74.0915786, 4.8265209], [-74.0917468, 4.8260569], [-74.0920149, 4.8253447], [-74.0923131, 4.8245024], [-74.0926239, 4.8236803], [-74.0927112, 4.8234028], [-74.0933397, 4.8216314], [-74.0933921, 4.8214671], [-74.0935199, 4.8210934], [-74.0936845, 4.8206314], [-74.0938085, 4.820286], [-74.0941614, 4.8195443], [-74.0945078, 4.818927], [-74.0946586, 4.8186583], [-74.0948276, 4.8183506], [-74.0953346, 4.8177114], [-74.0954347, 4.8175957], [-74.0956726, 4.8173208], [-74.0959867, 4.816932], [-74.0963778, 4.8164805], [-74.0967049, 4.8161132], [-74.0969064, 4.8158723], [-74.0973651, 4.8153399], [-74.0976668, 4.8149873], [-74.0980198, 4.8145644], [-74.0982336, 4.8143113], [-74.0986234, 4.8138596], [-74.0987166, 4.8137461], [-74.0987644, 4.8136877], [-74.0992231, 4.813118], [-74.0994852, 4.8127925], [-74.0994684, 4.8126664]]}}, {"type": "Feature", "properties": {"highway": "cycleway", "cycleway": null, "name": null}, "geometry": {"type": "LineString", "coordinates": [[-74.1080529, 4.6513012], [-74.1080715, 4.6513155], [-74.1081342, 4.6513646], [-74.1082361, 4.6514457], [-74.1083394, 4.6515207], [-74.108442, 4.6515955], [-74.1086083, 4.6517015], [-74.1089136, 4.6518733], [-74.1091364, 4.6519972], [-74.1093446, 4.6521295], [-74.1093539, 4.6521379], [-74.109362, 4.6521513], [-74.1093652, 4.6521635], [-74.1093648, 4.6521751]]}}, {"type": "Feature", "properties": {"highway": "cycleway", "cycleway": null, "name": null}, "geometry": {"type": "LineString", "coordinates": [[-74.1089742, 4.6526221], [-74.1089811, 4.6526216], [-74.1089892, 4.6526211], [-74.1089962, 4.6526188], [-74.1090037, 4.6526136], [-74.1090113, 4.6526071], [-74.1090214, 4.6525964], [-74.1090358, 4.6525797], [-74.1091447, 4.6524503], [-74.1092601, 4.652312], [-74.1093529, 4.6522014], [-74.10936, 4.652191], [-74.109363, 4.6521857], [-74.1093648, 4.6521751]]}}, {"type": "Feature", "properties": {"highway": "cycleway", "cycleway": null, "name": null}, "geometry": {"type": "LineString", "coordinates": [[-74.1447214, 4.6516458], [-74.1453106, 4.6510749], [-74.1459121, 4.6505071], [-74.1459487, 4.6504706], [-74.1462766, 4.6501436], [-74.1463313, 4.650089], [-74.146668, 4.6497532], [-74.1467714, 4.6496501], [-74.1469897, 4.6494323], [-74.1470997, 4.6493226], [-74.1471934, 4.6492291]]}}, {"type": "Feature", "properties": {"highway": "cycleway", "cycleway": null, "name": null}, "geometry": {"type": "LineString", "coordinates": [[-74.121298, 4.7295764], [-74.121336, 4.7296223]]}}, {"type": "Feature", "properties": {"highway": "cycleway", "cycleway": null, "name": null}, "geometry": {"type": "LineString", "coordinates": [[-74.1212046, 4.7294646], [-74.1212309, 4.7294944]]}}, {"type": "Feature", "properties": {"highway": "cycleway", "cycleway": null, "name": null}, "geometry": {"type": "LineString", "coordinates": [[-74.0982552, 4.674305], [-74.0982173, 4.6742775], [-74.0979157, 4.674059], [-74.097375, 4.6736672], [-74.0969722, 4.6733823], [-74.0966435, 4.6731498], [-74.0960694, 4.6727437], [-74.0956506, 4.6724474], [-74.0951127, 4.6720634], [-74.0950771, 4.672038], [-74.0950389, 4.6720107], [-74.0944127, 4.6715636], [-74.0941042, 4.6713433], [-74.0939708, 4.6712547], [-74.0938434, 4.6711862], [-74.0936732, 4.6711113], [-74.0935576, 4.6710759], [-74.0934007, 4.6710448], [-74.0932732, 4.6710189], [-74.0932551, 4.6710152], [-74.0928669, 4.6709217], [-74.0927249, 4.6708708], [-74.0925363, 4.670733], [-74.0921742, 4.6704627], [-74.0911723, 4.6697272], [-74.0911222, 4.6696888]]}}, {"type": "Feature", "properties": {"highway": "cycleway", "cycleway": null, "name": null}, "geometry": {"type": "LineString", "coordinates": [[-74.0910803, 4.669737], [-74.0911334, 4.6697735], [-74.0914421, 4.670001], [-74.0918777, 4.6703219], [-74.0923592, 4.6706796], [-74.0926503, 4.6708872], [-74.092728, 4.6709329], [-74.0928237, 4.6709697], [-74.0929443, 4.6709975], [-74.0932641, 4.6710634], [-74.0933301, 4.671077], [-74.0933933, 4.6710882], [-74.0934645, 4.6710998], [-74.0935492, 4.6711211], [-74.0937219, 4.6711823], [-74.0939013, 4.6712757], [-74.0940917, 4.6713969], [-74.0943807, 4.6716049], [-74.0944037, 4.6716214], [-74.0949539, 4.6720089]]}}, {"type": "Feature", "properties": {"highway": "cycleway", "cycleway": null, "name": null}, "geometry": {"type": "LineString", "coordinates": [[-74.0949539, 4.6720089], [-74.0950089, 4.6720494], [-74.0950486, 4.6720786], [-74.0950817, 4.672103], [-74.0954125, 4.6723467], [-74.0957654, 4.6725961], [-74.0960381, 4.6727875], [-74.0962947, 4.6729677], [-74.0966131, 4.6731928], [-74.0968679, 4.673373], [-74.0969417, 4.6734253], [-74.0978198, 4.6740476], [-74.0978894, 4.6740963], [-74.0981861, 4.6743144], [-74.0982269, 4.6743444]]}}, {"type": "Feature", "properties": {"highway": "cycleway", "cycleway": null, "name": "Ciclopuente Canal Molinos"}, "geometry": {"type": "LineString", "coordinates": [[-74.0560767, 4.6966876], [-74.0560006, 4.6967805], [-74.0559966, 4.6967895], [-74.0559947, 4.6968009], [-74.0559963, 4.6968153], [-74.0560008, 4.6968233], [-74.0560065, 4.6968305], [-74.0560131, 4.6968337], [-74.056021, 4.6968367], [-74.0560312, 4.6968365], [-74.0560394, 4.6968347], [-74.0560485, 4.6968305], [-74.0562504, 4.696694], [-74.0562641, 4.6966803], [-74.0562692, 4.6966685], [-74.0562682, 4.6966554], [-74.0562631, 4.6966453], [-74.0562547, 4.6966368], [-74.0562464, 4.6966324], [-74.0562129, 4.6966254], [-74.0561711, 4.6966188], [-74.0561153, 4.6966149], [-74.0560702, 4.6966146], [-74.05602, 4.6966156], [-74.055961, 4.6966192], [-74.0559065, 4.6966238], [-74.0558534, 4.6966301], [-74.0557963, 4.6966395], [-74.055736, 4.6966515], [-74.0556894, 4.696662], [-74.0556377, 4.6966746], [-74.0555846, 4.6966901], [-74.0555314, 4.6967091], [-74.0554704, 4.6967317], [-74.0554182, 4.6967553], [-74.055367, 4.6967806], [-74.0553246, 4.6968023], [-74.0552768, 4.6968313], [-74.0552313, 4.6968608], [-74.0551869, 4.6968953], [-74.0551424, 4.6969282], [-74.0550994, 4.6969664], [-74.0550642, 4.6970048], [-74.0550262, 4.6970455], [-74.0549951, 4.6970902], [-74.054958, 4.6971507], [-74.0549361, 4.697196], [-74.0548495, 4.6974003], [-74.0548365, 4.69742], [-74.0548184, 4.69743], [-74.0547953, 4.6974292], [-74.0547827, 4.6974185], [-74.0547745, 4.6974027], [-74.0547723, 4.6973867], [-74.0547767, 4.6973708], [-74.0548553, 4.6971775]]}}, {"type": "Feature", "properties": {"highway": "cycleway", "cycleway": null, "name": null}, "geometry": {"type": "LineString", "coordinates": [[-74.2200222, 4.6114818], [-74.2199705, 4.6115038], [-74.2198572, 4.6115496], [-74.2196594, 4.6116058], [-74.219532, 4.6116325], [-74.2194314, 4.6116485], [-74.2192584, 4.6116659], [-74.2190416, 4.6116865], [-74.2189918, 4.6116975], [-74.2189379, 4.6117085], [-74.2188618, 4.6117396], [-74.2187271, 4.6118504], [-74.2186485, 4.6119307], [-74.2185733, 4.6120059], [-74.218491, 4.6120581], [-74.2184125, 4.6120871], [-74.2183231, 4.6121055], [-74.2182261, 4.6121216], [-74.2181795, 4.6121322], [-74.2181102, 4.6121537], [-74.2180609, 4.6121725]]}}, {"type": "Feature", "properties": {"highway": "cycleway", "cycleway": null, "name": null}, "geometry": {"type": "LineString", "coordinates": [[-74.2203063, 4.6113597], [-74.2202848, 4.6113691], [-74.2202519, 4.6113836], [-74.2200896, 4.6114485], [-74.2200222, 4.6114818]]}}, {"type": "Feature", "properties": {"highway": "cycleway", "cycleway": null, "name": null}, "geometry": {"type": "LineString", "coordinates": [[-74.2186434, 4.6085858], [-74.2187165, 4.608618], [-74.2187547, 4.6086743], [-74.2192421, 4.609734]]}}, {"type": "Feature", "properties": {"highway": "cycleway", "cycleway": null, "name": null}, "geometry": {"type": "LineString", "coordinates": [[-74.2160066, 4.6096864], [-74.2160498, 4.6097979], [-74.2161155, 4.6098797], [-74.2161396, 4.6099096], [-74.2161561, 4.6099311], [-74.2161857, 4.6099658], [-74.2162584, 4.6100506], [-74.2163502, 4.6101702], [-74.2164215, 4.6102653], [-74.2164626, 4.6103258], [-74.2165179, 4.6104213], [-74.2165576, 4.6104947], [-74.2166341, 4.6106506], [-74.2167243, 4.6107725], [-74.2167339, 4.610785], [-74.2167649, 4.6108257], [-74.216969, 4.6110652], [-74.2169783, 4.6110795], [-74.2170391, 4.6111571], [-74.2170759, 4.6111975], [-74.2173122, 4.6114859], [-74.2173938, 4.6116024], [-74.2174246, 4.6116583], [-74.2174581, 4.6117351], [-74.2174752, 4.6117898], [-74.2174902, 4.6118438], [-74.2174916, 4.6118508], [-74.2175385, 4.6120775], [-74.2175681, 4.6122208], [-74.2175758, 4.6122412], [-74.2175931, 4.6122679], [-74.2176093, 4.6122815], [-74.2176309, 4.612295], [-74.2176563, 4.612304], [-74.2176858, 4.6123076], [-74.2177315, 4.6123055], [-74.2177714, 4.6122968], [-74.2178811, 4.6122615], [-74.2180305, 4.6121849], [-74.2180609, 4.6121725]]}}, {"type": "Feature", "properties": {"highway": "cycleway", "cycleway": null, "name": null}, "geometry": {"type": "LineString", "coordinates": [[-74.2142472, 4.6111813], [-74.2142773, 4.611167], [-74.2142998, 4.6111448], [-74.2143002, 4.6111146], [-74.2143205, 4.6110744], [-74.2151845, 4.610547], [-74.215863, 4.6101576], [-74.2160875, 4.6100241], [-74.2161857, 4.6099658], [-74.2162031, 4.6099555], [-74.2162879, 4.6099051], [-74.2163254, 4.6098828], [-74.2164378, 4.6098105], [-74.2165516, 4.6097387], [-74.2167301, 4.609626], [-74.2175416, 4.6091514], [-74.2177926, 4.6090047], [-74.2184525, 4.608616], [-74.2185448, 4.6085741], [-74.2185924, 4.6085701], [-74.2186434, 4.6085858]]}}, {"type": "Feature", "properties": {"highway": "cycleway", "cycleway": null, "name": null}, "geometry": {"type": "LineString", "coordinates": [[-74.2186434, 4.6085858], [-74.2187352, 4.6085166], [-74.2188731, 4.6084088], [-74.2189111, 4.608384]]}}, {"type": "Feature", "properties": {"highway": "cycleway", "cycleway": null, "name": null}, "geometry": {"type": "LineString", "coordinates": [[-74.2189111, 4.608384], [-74.2189043, 4.608292], [-74.218915, 4.6082446], [-74.2189314, 4.6082084], [-74.2189585, 4.6081695], [-74.2190336, 4.6080758], [-74.2190625, 4.6080397], [-74.2192334, 4.6077775], [-74.2194929, 4.6073653], [-74.219663, 4.6070972], [-74.2200503, 4.6064595], [-74.2202499, 4.6061309], [-74.2204155, 4.6058521], [-74.2204467, 4.6058079], [-74.2204822, 4.6057496], [-74.2206041, 4.6055506], [-74.2206168, 4.6055243], [-74.2206745, 4.6054146], [-74.2207144, 4.6053543], [-74.220738, 4.6053227], [-74.2207587, 4.6052982]]}}, {"type": "Feature", "properties": {"highway": "cycleway", "cycleway": null, "name": null}, "geometry": {"type": "LineString", "coordinates": [[-74.2207587, 4.6052982], [-74.2207754, 4.6052851], [-74.2208031, 4.6052685], [-74.2208363, 4.6052546], [-74.2208773, 4.6052323], [-74.2208596, 4.6051929], [-74.2208752, 4.6051298], [-74.2209453, 4.6049942], [-74.2210838, 4.6047498], [-74.2212728, 4.6044952], [-74.221471, 4.6042759], [-74.2216057, 4.6041635], [-74.2216891, 4.6040992], [-74.2217642, 4.6040401], [-74.2219561, 4.6038807], [-74.2221573, 4.6037608], [-74.2223847, 4.6036584], [-74.2225771, 4.6035843], [-74.2227068, 4.6035524], [-74.2227499, 4.6035391], [-74.2228023, 4.6035249], [-74.2228655, 4.6035107], [-74.2229408, 4.6034893], [-74.2230888, 4.6034433]]}}, {"type": "Feature", "properties": {"highway": "cycleway", "cycleway": null, "name": null}, "geometry": {"type": "LineString", "coordinates": [[-74.2230888, 4.6034433], [-74.2231852, 4.6034127], [-74.223262, 4.6034004], [-74.2235943, 4.6033591], [-74.2237675, 4.6033636], [-74.2239808, 4.6033704], [-74.2244539, 4.6034138], [-74.2247347, 4.6034162], [-74.2250711, 4.603383], [-74.2253942, 4.6033424], [-74.2257273, 4.6033278], [-74.2259652, 4.6033347], [-74.2263086, 4.6033633], [-74.2263427, 4.6033211], [-74.2263537, 4.6032777]]}}, {"type": "Feature", "properties": {"highway": "cycleway", "cycleway": null, "name": null}, "geometry": {"type": "LineString", "coordinates": [[-74.2229138, 4.6047357], [-74.2229076, 4.6046909], [-74.2229417, 4.6046541], [-74.2229696, 4.6045956], [-74.2229647, 4.6045304], [-74.2228542, 4.6037806], [-74.2228362, 4.603672], [-74.2228023, 4.6035249], [-74.2227749, 4.6034212], [-74.2227288, 4.6030956], [-74.2226522, 4.6026155], [-74.2225878, 4.6022052], [-74.2225725, 4.6021232], [-74.2225573, 4.6021059], [-74.2225342, 4.6020913], [-74.2225035, 4.6020838], [-74.2224754, 4.6020789], [-74.222467, 4.6020413], [-74.2224573, 4.6020024], [-74.2225199, 4.6019734], [-74.2225322, 4.6019468], [-74.2225348, 4.6019125], [-74.2225301, 4.6018024], [-74.2225047, 4.601646], [-74.2224732, 4.601496], [-74.2224191, 4.6012917], [-74.222365, 4.6011399], [-74.2221512, 4.600548], [-74.2221474, 4.6005374]]}}, {"type": "Feature", "properties": {"highway": "cycleway", "cycleway": null, "name": null}, "geometry": {"type": "LineString", "coordinates": [[-74.2293728, 4.5927799], [-74.2293152, 4.5927784], [-74.2292683, 4.5927797], [-74.2292307, 4.5927837], [-74.2291992, 4.5927911], [-74.229161, 4.5928024], [-74.2291154, 4.5928205], [-74.2290805, 4.5928405], [-74.2290447, 4.59286], [-74.2290163, 4.5928821], [-74.2289936, 4.5929018], [-74.2289785, 4.5929164], [-74.228972, 4.5929227], [-74.2289504, 4.5929472], [-74.2289195, 4.5929734], [-74.228888, 4.5929937], [-74.2288692, 4.5930023], [-74.2288479, 4.5930121], [-74.2287994, 4.593029], [-74.2287667, 4.5930348], [-74.2287391, 4.5930389], [-74.228717, 4.5930389], [-74.2287024, 4.5930389], [-74.2286761, 4.5930371], [-74.2286416, 4.5930326], [-74.2286167, 4.5930255], [-74.2285801, 4.5930158], [-74.2285511, 4.5930102], [-74.2285206, 4.5930067], [-74.2284866, 4.5930054], [-74.2284551, 4.5930054], [-74.2284242, 4.5930089], [-74.2284007, 4.5930126], [-74.2283586, 4.5930237], [-74.2283272, 4.5930338], [-74.2282936, 4.5930501], [-74.228268, 4.5930647], [-74.228237, 4.5930865], [-74.2282158, 4.5931002], [-74.2280977, 4.5931372]]}}, {"type": "Feature", "properties": {"highway": "cycleway", "cycleway": null, "name": null}, "geometry": {"type": "LineString", "coordinates": [[-74.2278331, 4.5933703], [-74.2277708, 4.5933549], [-74.2277237, 4.5933432], [-74.2274705, 4.5933074], [-74.2273959, 4.5932944], [-74.2273303, 4.5932819], [-74.2272357, 4.5932662], [-74.2271456, 4.5932482], [-74.2270679, 4.5932343], [-74.2270054, 4.5932281], [-74.2269567, 4.5932325], [-74.2268559, 4.5932643], [-74.2268021, 4.5932903], [-74.2267642, 4.5933142], [-74.2267193, 4.5933492], [-74.2266663, 4.5933927], [-74.2266245, 4.5934203], [-74.2265621, 4.5934549], [-74.2265059, 4.5934773], [-74.2264365, 4.593495], [-74.2263865, 4.5934998], [-74.2263327, 4.5934968], [-74.226257, 4.5934863], [-74.2262154, 4.5934763], [-74.2261535, 4.5934614]]}}, {"type": "Feature", "properties": {"highway": "cycleway", "cycleway": null, "name": null}, "geometry": {"type": "LineString", "coordinates": [[-74.2092066, 4.5843305], [-74.2086572, 4.5845928], [-74.2082143, 4.5848002], [-74.2080165, 4.5849002], [-74.2078695, 4.584975], [-74.2076232, 4.5851058], [-74.2074264, 4.5852175], [-74.2070987, 4.5854051], [-74.2069457, 4.5854856], [-74.2063933, 4.5857555], [-74.205352, 4.586282], [-74.2048472, 4.5865656], [-74.2045704, 4.586708]]}}, {"type": "Feature", "properties": {"highway": "cycleway", "cycleway": null, "name": null}, "geometry": {"type": "LineString", "coordinates": [[-74.1927695, 4.5928733], [-74.191801, 4.5933817], [-74.1916569, 4.5934573], [-74.1915574, 4.5935061], [-74.1913791, 4.5935934], [-74.1893811, 4.5945995], [-74.1883975, 4.595103], [-74.1883056, 4.595149], [-74.1875858, 4.595468], [-74.187506, 4.5954934], [-74.1863314, 4.5959712], [-74.1853863, 4.5963549], [-74.1853666, 4.5963629], [-74.1852904, 4.5963788], [-74.1851674, 4.5963675], [-74.18469, 4.5962607]]}}, {"type": "Feature", "properties": {"highway": "cycleway", "cycleway": null, "name": null}, "geometry": {"type": "LineString", "coordinates": [[-74.2289155, 4.5845668], [-74.2279579, 4.584891], [-74.2278768, 4.5849211], [-74.2278028, 4.5849648], [-74.2277103, 4.5850076], [-74.2270949, 4.5852166], [-74.2264815, 4.5854162]]}}, {"type": "Feature", "properties": {"highway": "cycleway", "cycleway": null, "name": null}, "geometry": {"type": "LineString", "coordinates": [[-74.2292688, 4.5915881], [-74.2293124, 4.5914603], [-74.2293285, 4.5913978], [-74.2293687, 4.591253], [-74.2293899, 4.5911765], [-74.2293912, 4.5911231], [-74.2293819, 4.5910709], [-74.2293631, 4.5910228], [-74.2293363, 4.5909854], [-74.2293005, 4.5909304], [-74.229241, 4.5907896], [-74.2292189, 4.5907225], [-74.2291989, 4.5906319], [-74.2291588, 4.5905551], [-74.2291234, 4.5904937], [-74.2290882, 4.5904534], [-74.2290682, 4.590435], [-74.2290374, 4.590412], [-74.2290097, 4.5903905], [-74.2289796, 4.5903674], [-74.2289434, 4.590349], [-74.2288649, 4.5903175], [-74.2288243, 4.5903043], [-74.2287875, 4.5903027], [-74.2287342, 4.5902974], [-74.2286579, 4.5902935], [-74.2285871, 4.590282], [-74.2285119, 4.5902667], [-74.2284255, 4.5902333], [-74.2283515, 4.5902071], [-74.2282605, 4.5901908], [-74.2281904, 4.5902002], [-74.228132, 4.5902164], [-74.2280559, 4.5902394], [-74.2279497, 4.590267], [-74.2276159, 4.5902977], [-74.2275489, 4.5903026]]}}, {"type": "Feature", "properties": {"highway": "cycleway", "cycleway": null, "name": null}, "geometry": {"type": "LineString", "coordinates": [[-74.2311076, 4.5922943], [-74.2310158, 4.5923438], [-74.2309594, 4.5923979], [-74.2309346, 4.592436], [-74.230891, 4.5924574], [-74.2308327, 4.5924875], [-74.230771, 4.5925068], [-74.2306704, 4.5925202], [-74.2306101, 4.5925296], [-74.2298855, 4.5927456], [-74.22985, 4.5927418], [-74.2297186, 4.5927124], [-74.2296529, 4.5927124], [-74.2296066, 4.59272], [-74.2295852, 4.592728], [-74.2295731, 4.5927454], [-74.2295678, 4.5927775], [-74.2295771, 4.5928082], [-74.2295101, 4.5928214], [-74.2294725, 4.5928302], [-74.2294317, 4.5928376], [-74.2294202, 4.5928015], [-74.2294034, 4.5927888], [-74.2293728, 4.5927799]]}}, {"type": "Feature", "properties": {"highway": "cycleway", "cycleway": null, "name": null}, "geometry": {"type": "LineString", "coordinates": [[-74.2179726, 4.6014344], [-74.2171747, 4.60014], [-74.2171479, 4.6000992], [-74.2171174, 4.6000513], [-74.2170449, 4.6000231], [-74.2169456, 4.6000109]]}}, {"type": "Feature", "properties": {"highway": "cycleway", "cycleway": null, "name": null}, "geometry": {"type": "LineString", "coordinates": [[-74.2174563, 4.6067057], [-74.2174417, 4.6066787], [-74.2174848, 4.6066434], [-74.2175106, 4.6065988], [-74.2175162, 4.6065353], [-74.2173096, 4.6061937], [-74.2172641, 4.6061232], [-74.217204, 4.6060271], [-74.2163732, 4.604604], [-74.216308, 4.6045005], [-74.216253, 4.6044916], [-74.2162244, 4.604506], [-74.2161961, 4.6044629], [-74.2161709, 4.6044145], [-74.2161971, 4.6043733], [-74.2162036, 4.6043353], [-74.2161993, 4.6043161], [-74.2161764, 4.6042786], [-74.2161482, 4.6042334], [-74.2154791, 4.6031285], [-74.2154103, 4.6030241], [-74.215391, 4.6030134], [-74.2153761, 4.6030051], [-74.2153302, 4.6029957], [-74.2153051, 4.6029672], [-74.2152941, 4.6029449], [-74.2152883, 4.6028894], [-74.2153011, 4.6028566], [-74.2152978, 4.602821], [-74.2152918, 4.6027939], [-74.2152764, 4.6027499], [-74.2152555, 4.6027173], [-74.2152378, 4.6026817], [-74.2146655, 4.6017213]]}}, {"type": "Feature", "properties": {"highway": "cycleway", "cycleway": null, "name": null}, "geometry": {"type": "LineString", "coordinates": [[-74.2194766, 4.60337], [-74.2195634, 4.6033098], [-74.219648, 4.6032581], [-74.21973, 4.6032092], [-74.2199104, 4.6030674], [-74.2199237, 4.6030535], [-74.2199305, 4.6030322], [-74.2199406, 4.602976], [-74.2199619, 4.6028028], [-74.2200122, 4.6026498], [-74.2200994, 4.6024854], [-74.2202058, 4.6023472], [-74.2202328, 4.6023056], [-74.2202922, 4.6022059], [-74.2203267, 4.6021151], [-74.2203472, 4.6020364], [-74.2203602, 4.6019828], [-74.2203718, 4.6019207], [-74.2203743, 4.6018317], [-74.2203724, 4.6017569], [-74.220361, 4.6016766], [-74.2203375, 4.601565], [-74.2203152, 4.601496], [-74.2202966, 4.6014219], [-74.220289, 4.6013458], [-74.2202952, 4.6012652], [-74.2202885, 4.6012173], [-74.2202657, 4.6011101], [-74.2202268, 4.6010076], [-74.2201998, 4.6009439], [-74.2201674, 4.6008675], [-74.2201522, 4.6008313], [-74.2201324, 4.6007864], [-74.2201356, 4.600775], [-74.220144, 4.6007694], [-74.2201742, 4.6007557], [-74.2203019, 4.6006923], [-74.2204725, 4.6006134], [-74.2205683, 4.6005808], [-74.2207131, 4.6005422], [-74.2210823, 4.6004835], [-74.2212593, 4.6004656], [-74.2216796, 4.6004102], [-74.2220206, 4.6003734]]}}, {"type": "Feature", "properties": {"highway": "cycleway", "cycleway": null, "name": null}, "geometry": {"type": "LineString", "coordinates": [[-74.2221474, 4.6005374], [-74.2221433, 4.6005273], [-74.2221001, 4.6004213], [-74.2220671, 4.6003848], [-74.2220389, 4.6003779], [-74.2220206, 4.6003734], [-74.2220159, 4.6003564], [-74.2220007, 4.6003015], [-74.2219806, 4.6002188], [-74.2219949, 4.6002008], [-74.2220039, 4.6001777], [-74.2219977, 4.6001471], [-74.221962, 4.6000444], [-74.2219532, 4.6000189], [-74.2217438, 4.5994185], [-74.2214688, 4.5986474], [-74.2214242, 4.5985133], [-74.2213487, 4.5983823], [-74.2212415, 4.5982696], [-74.2211681, 4.5982035], [-74.2210462, 4.5981313]]}}, {"type": "Feature", "properties": {"highway": "cycleway", "cycleway": null, "name": null}, "geometry": {"type": "LineString", "coordinates": [[-74.2146655, 4.6017213], [-74.2146152, 4.6017113], [-74.2145357, 4.6017269], [-74.214442, 4.6017444], [-74.2143657, 4.6017491], [-74.2142653, 4.601744], [-74.2141547, 4.6017141], [-74.2140682, 4.6016731], [-74.2139434, 4.6015919], [-74.2138648, 4.6015135], [-74.2138274, 4.6014559], [-74.2137969, 4.6014346]]}}, {"type": "Feature", "properties": {"highway": "cycleway", "cycleway": null, "name": null}, "geometry": {"type": "LineString", "coordinates": [[-74.091602, 4.8098229], [-74.0916411, 4.8097768], [-74.09176, 4.8094371], [-74.0918631, 4.8090986], [-74.0918733, 4.8090662], [-74.0919006, 4.8090355], [-74.0919531, 4.8090047], [-74.0920153, 4.8089863], [-74.0920611, 4.8089947], [-74.0921038, 4.8090111], [-74.0923668, 4.8092954], [-74.0923754, 4.8093144], [-74.0923821, 4.8093378], [-74.092407, 4.809364], [-74.0924425, 4.8094039], [-74.0924733, 4.8094206], [-74.0924964, 4.8094354], [-74.0928421, 4.8098092], [-74.0929581, 4.809929], [-74.0929745, 4.8099502], [-74.092989, 4.81], [-74.093057, 4.8100049], [-74.0930909, 4.8100059], [-74.0931018, 4.8099649], [-74.0931199, 4.8099369], [-74.0931478, 4.8099165], [-74.0933758, 4.809847], [-74.0936895, 4.8097628], [-74.0937896, 4.8097477], [-74.0938186, 4.8097514], [-74.0938434, 4.8097581], [-74.0938639, 4.8097681], [-74.0938882, 4.8097838], [-74.0939252, 4.8098326], [-74.0939383, 4.8098577], [-74.0939455, 4.8098833], [-74.093949, 4.8099275], [-74.0939394, 4.8099763], [-74.0939347, 4.8100006], [-74.0939277, 4.8100605], [-74.0938957, 4.8101654], [-74.0938824, 4.8102605], [-74.0938981, 4.8103338], [-74.0939314, 4.8103872], [-74.0939665, 4.8104213], [-74.0940025, 4.8104514], [-74.0940826, 4.8104931], [-74.0940975, 4.8105085], [-74.0941157, 4.8105362], [-74.0941219, 4.810605], [-74.0941134, 4.8106662], [-74.094098, 4.8108205], [-74.0940685, 4.8110343], [-74.0940714, 4.8110908], [-74.0940833, 4.8111446], [-74.0941324, 4.8112058], [-74.0942, 4.8112348], [-74.0950752, 4.8116294], [-74.0951081, 4.8116541], [-74.095132, 4.8116852], [-74.095136, 4.8117293], [-74.0951266, 4.8117686], [-74.0950616, 4.8118374], [-74.0949083, 4.8119784], [-74.0948823, 4.812005], [-74.0948618, 4.8120348]]}}, {"type": "Feature", "properties": {"highway": "cycleway", "cycleway": null, "name": null}, "geometry": {"type": "LineString", "coordinates": [[-74.2017275, 4.7020059], [-74.2014411, 4.7005699]]}}, {"type": "Feature", "properties": {"highway": "cycleway", "cycleway": null, "name": null}, "geometry": {"type": "LineString", "coordinates": [[-74.2014411, 4.7005699], [-74.2014758, 4.7004266], [-74.2015534, 4.7002887], [-74.2017033, 4.7001859], [-74.2018012, 4.7001094], [-74.2018303, 4.7000715], [-74.2018455, 4.7000518], [-74.201873, 4.6999414], [-74.2018759, 4.6999076], [-74.2018698, 4.6998628], [-74.201868, 4.6997849], [-74.201783, 4.6995784]]}}, {"type": "Feature", "properties": {"highway": "cycleway", "cycleway": null, "name": null}, "geometry": {"type": "LineString", "coordinates": [[-74.1311475, 4.6896671], [-74.1315201, 4.689954]]}}, {"type": "Feature", "properties": {"highway": "cycleway", "cycleway": null, "name": null}, "geometry": {"type": "LineString", "coordinates": [[-74.2231864, 4.7046945], [-74.2219043, 4.7054867], [-74.2218245, 4.7055349], [-74.2203374, 4.7064712], [-74.2201274, 4.7066034], [-74.2199006, 4.7067462], [-74.2196035, 4.7069304], [-74.2193825, 4.7070675], [-74.2193224, 4.7071047], [-74.2192424, 4.7071543], [-74.2189359, 4.7073442], [-74.2188469, 4.7073993], [-74.2186632, 4.7075139], [-74.2183526, 4.7077064], [-74.2180856, 4.7078814], [-74.2178182, 4.7080558], [-74.2175372, 4.7082197], [-74.2172523, 4.7084034], [-74.2170237, 4.7085462], [-74.2167596, 4.7087249], [-74.2165381, 4.7088652], [-74.2160489, 4.7091781], [-74.215759, 4.7093532], [-74.2156269, 4.7094338], [-74.2154226, 4.7095588], [-74.2149881, 4.7098236], [-74.2148741, 4.7098951], [-74.214486, 4.7101382], [-74.2142383, 4.7102883], [-74.2139364, 4.7104761], [-74.2135529, 4.7107147], [-74.2131778, 4.7109505], [-74.2123234, 4.7114876], [-74.2119407, 4.7117332], [-74.2116226, 4.7119374], [-74.2111223, 4.7122538], [-74.2110225, 4.7123169], [-74.2101428, 4.7128522], [-74.2092733, 4.7133918]]}}, {"type": "Feature", "properties": {"highway": "cycleway", "cycleway": null, "name": null}, "geometry": {"type": "LineString", "coordinates": [[-74.1842529, 4.5964847], [-74.1838798, 4.5966436], [-74.1836829, 4.5967292], [-74.1836211, 4.5967541], [-74.1835006, 4.5968032], [-74.1834046, 4.5968385], [-74.183312, 4.5968703], [-74.1831935, 4.5969077], [-74.1830205, 4.5969468], [-74.1828835, 4.5969751], [-74.1824909, 4.5970361], [-74.1822374, 4.5970649], [-74.1818749, 4.5970798], [-74.1811611, 4.5971092], [-74.1803541, 4.5971372], [-74.1800665, 4.5971471], [-74.1797645, 4.5971576], [-74.1796286, 4.5971626]]}}, {"type": "Feature", "properties": {"highway": "cycleway", "cycleway": null, "name": null}, "geometry": {"type": "LineString", "coordinates": [[-74.10078, 4.6354947], [-74.100738, 4.6354507], [-74.1007012, 4.6354117], [-74.0999039, 4.6345733], [-74.0992722, 4.633927], [-74.0984548, 4.6330842], [-74.0981135, 4.63274], [-74.0976991, 4.6323169], [-74.0969353, 4.6315429], [-74.0968416, 4.6314469], [-74.0960882, 4.6306737], [-74.0952053, 4.6297477], [-74.0951349, 4.6296682], [-74.095103, 4.6296403]]}}, {"type": "Feature", "properties": {"highway": "cycleway", "cycleway": null, "name": null}, "geometry": {"type": "LineString", "coordinates": [[-74.0950336, 4.629635], [-74.0950739, 4.6296969], [-74.0952394, 4.6298627], [-74.0956938, 4.6303369], [-74.0957357, 4.6303806], [-74.0959687, 4.6306248], [-74.0968961, 4.6315761], [-74.097652, 4.6323413], [-74.0980462, 4.632747], [-74.098418, 4.6331205], [-74.0992216, 4.6339485], [-74.0998638, 4.6346069], [-74.1002357, 4.6349958], [-74.1005551, 4.6353298], [-74.1006671, 4.6354469], [-74.1007049, 4.6354897], [-74.1007471, 4.6355317]]}}, {"type": "Feature", "properties": {"highway": "cycleway", "cycleway": null, "name": null}, "geometry": {"type": "LineString", "coordinates": [[-74.2015578, 4.7180305], [-74.2016175, 4.7179878], [-74.2016457, 4.7179851], [-74.2016825, 4.7180193], [-74.2017227, 4.7180996], [-74.2017355, 4.7181295], [-74.2052619, 4.715942], [-74.2053632, 4.7159469], [-74.2054061, 4.7159255], [-74.2054839, 4.7158426], [-74.2055215, 4.7157784], [-74.2055349, 4.7157384], [-74.2059867, 4.7154425], [-74.2063875, 4.7151927], [-74.20662, 4.7150478], [-74.2074759, 4.7145181], [-74.2080553, 4.7141595], [-74.2083638, 4.7139622], [-74.2088334, 4.713666], [-74.2092733, 4.7133918]]}}, {"type": "Feature", "properties": {"highway": "cycleway", "cycleway": null, "name": null}, "geometry": {"type": "LineString", "coordinates": [[-74.0911723, 4.6963066], [-74.0912162, 4.6962314], [-74.0919878, 4.6949045], [-74.0921885, 4.6945721], [-74.092665, 4.6939761]]}}, {"type": "Feature", "properties": {"highway": "cycleway", "cycleway": null, "name": null}, "geometry": {"type": "LineString", "coordinates": [[-74.133867, 4.7108754], [-74.1338044, 4.7107719]]}}, {"type": "Feature", "properties": {"highway": "cycleway", "cycleway": null, "name": null}, "geometry": {"type": "LineString", "coordinates": [[-74.133875, 4.71067], [-74.1339317, 4.7106693]]}}, {"type": "Feature", "properties": {"highway": "cycleway", "cycleway": null, "name": null}, "geometry": {"type": "LineString", "coordinates": [[-74.2555332, 4.5412042], [-74.2555169, 4.5411071], [-74.2540819, 4.5411525], [-74.2532889, 4.5411992], [-74.2529533, 4.5412194], [-74.2525008, 4.5412461], [-74.2523774, 4.5412448], [-74.2522328, 4.541246], [-74.2520891, 4.5412621], [-74.2518919, 4.5412661], [-74.2515178, 4.5412795], [-74.2510673, 4.5412949], [-74.2507748, 4.5413049], [-74.2499326, 4.5413223], [-74.2494806, 4.5413303], [-74.2491333, 4.5413103], [-74.2488248, 4.5412969], [-74.2485097, 4.5412782], [-74.2482616, 4.5412635], [-74.248157, 4.5412608], [-74.2480926, 4.5412608], [-74.2480604, 4.5412702], [-74.2479813, 4.5413022], [-74.2479115, 4.541345], [-74.2478203, 4.5414065], [-74.2477613, 4.5414319], [-74.247713, 4.5414439], [-74.247661, 4.5414583], [-74.2474086, 4.5415282], [-74.247308, 4.5415496], [-74.247249, 4.5415536], [-74.2471981, 4.5415322], [-74.2471672, 4.5415282], [-74.2471417, 4.5415362], [-74.2471145, 4.54159], [-74.2470921, 4.5416351], [-74.2470465, 4.5417087], [-74.2470063, 4.5417341], [-74.2467488, 4.5418651], [-74.2465919, 4.5419573], [-74.24649, 4.5420442], [-74.2464055, 4.5421084], [-74.2463679, 4.5421378], [-74.246333, 4.5421498], [-74.2462996, 4.5421218], [-74.2462512, 4.542091], [-74.2462258, 4.542091], [-74.2461976, 4.542107], [-74.2461386, 4.5422167], [-74.2460434, 4.5423691], [-74.2458583, 4.5426044], [-74.2456705, 4.5428611], [-74.2453406, 4.543325], [-74.244894, 4.5439185], [-74.2444488, 4.5445054], [-74.24419, 4.544845], [-74.2441213, 4.5449337], [-74.2438596, 4.5452943], [-74.2437447, 4.5454212], [-74.2436495, 4.5455402], [-74.2433136, 4.5459584], [-74.2431199, 4.5462108]]}}, {"type": "Feature", "properties": {"highway": "cycleway", "cycleway": null, "name": null}, "geometry": {"type": "LineString", "coordinates": [[-74.1993385, 4.7194724], [-74.199336, 4.7194478], [-74.1993615, 4.7194031], [-74.1994755, 4.7193244], [-74.1998627, 4.7190572], [-74.2000459, 4.7189409], [-74.2005783, 4.7186368], [-74.2008531, 4.7184714], [-74.2015578, 4.7180305]]}}, {"type": "Feature", "properties": {"highway": "cycleway", "cycleway": null, "name": null}, "geometry": {"type": "LineString", "coordinates": [[-74.1260186, 4.6182947], [-74.1256078, 4.6196242], [-74.1254968, 4.619983], [-74.1253896, 4.62033], [-74.1253319, 4.6205164]]}}, {"type": "Feature", "properties": {"highway": "cycleway", "cycleway": null, "name": null}, "geometry": {"type": "LineString", "coordinates": [[-74.1220308, 4.6295171], [-74.1220186, 4.6295949], [-74.1219959, 4.6296854], [-74.1219722, 4.6297577], [-74.1219328, 4.629844], [-74.1216992, 4.6303544], [-74.1214487, 4.6308594], [-74.1212496, 4.6312993], [-74.1212168, 4.6313718], [-74.1210809, 4.6316942], [-74.1208318, 4.6322849], [-74.1208115, 4.632333], [-74.1205432, 4.6329695], [-74.1203436, 4.633454], [-74.1202861, 4.6336029], [-74.1202412, 4.6337192], [-74.1201296, 4.6340548], [-74.1200928, 4.6341862], [-74.1200743, 4.6342502], [-74.1200369, 4.6343473], [-74.1199434, 4.6345707], [-74.1198734, 4.6347381], [-74.1196899, 4.6351779], [-74.1195779, 4.6354446], [-74.1193819, 4.6359097], [-74.1192903, 4.6360829], [-74.1192231, 4.6362091], [-74.1191578, 4.6363087], [-74.1190711, 4.6364189], [-74.1188904, 4.6366201], [-74.1188466, 4.6366609], [-74.1187821, 4.6367245], [-74.1186012, 4.6368864], [-74.1185571, 4.6369208], [-74.1184634, 4.6369933], [-74.1184257, 4.6370175], [-74.1183774, 4.6370362], [-74.1183046, 4.6370452]]}}, {"type": "Feature", "properties": {"highway": "cycleway", "cycleway": null, "name": null}, "geometry": {"type": "LineString", "coordinates": [[-74.1219795, 4.6123352], [-74.1221903, 4.6122519]]}}, {"type": "Feature", "properties": {"highway": "cycleway", "cycleway": null, "name": null}, "geometry": {"type": "LineString", "coordinates": [[-74.1221903, 4.6122519], [-74.1222856, 4.6122146], [-74.1225056, 4.6121179]]}}, {"type": "Feature", "properties": {"highway": "cycleway", "cycleway": null, "name": null}, "geometry": {"type": "LineString", "coordinates": [[-74.1046902, 4.6522922], [-74.1052878, 4.6514352]]}}, {"type": "Feature", "properties": {"highway": "cycleway", "cycleway": null, "name": null}, "geometry": {"type": "LineString", "coordinates": [[-74.1002599, 4.6571847], [-74.1002331, 4.6572108], [-74.1001318, 4.6573094], [-74.0993408, 4.6583182], [-74.098937, 4.6588608], [-74.098817, 4.659022]]}}, {"type": "Feature", "properties": {"highway": "cycleway", "cycleway": null, "name": null}, "geometry": {"type": "LineString", "coordinates": [[-74.1088338, 4.64646], [-74.1086542, 4.6466397]]}}, {"type": "Feature", "properties": {"highway": "cycleway", "cycleway": null, "name": null}, "geometry": {"type": "LineString", "coordinates": [[-74.097545, 4.6554019], [-74.097529, 4.6554071]]}}, {"type": "Feature", "properties": {"highway": "cycleway", "cycleway": null, "name": null}, "geometry": {"type": "LineString", "coordinates": [[-74.2257631, 4.5937772], [-74.22583, 4.5937703], [-74.2261009, 4.5937423], [-74.2261386, 4.5937384]]}}, {"type": "Feature", "properties": {"highway": "cycleway", "cycleway": null, "name": null}, "geometry": {"type": "LineString", "coordinates": [[-74.1056308, 4.6184054], [-74.104964, 4.6187171], [-74.1036244, 4.6192666], [-74.1025562, 4.6196689], [-74.1019217, 4.6199372], [-74.1011521, 4.6202438], [-74.1005151, 4.6204977], [-74.0995917, 4.6208691], [-74.0995185, 4.6208988]]}}, {"type": "Feature", "properties": {"highway": "cycleway", "cycleway": null, "name": null}, "geometry": {"type": "LineString", "coordinates": [[-74.0942197, 4.6230506], [-74.0935537, 4.6233287], [-74.0935036, 4.6233496]]}}, {"type": "Feature", "properties": {"highway": "cycleway", "cycleway": "crossing", "name": null}, "geometry": {"type": "LineString", "coordinates": [[-74.1408707, 4.5765619], [-74.1407804, 4.5766001], [-74.140634, 4.5766619], [-74.1405439, 4.5767]]}}, {"type": "Feature", "properties": {"highway": "cycleway", "cycleway": null, "name": null}, "geometry": {"type": "LineString", "coordinates": [[-74.1008822, 4.7425528], [-74.1008837, 4.7426214]]}}, {"type": "Feature", "properties": {"highway": "cycleway", "cycleway": null, "name": null}, "geometry": {"type": "LineString", "coordinates": [[-74.1019046, 4.7429072], [-74.1019061, 4.7429261], [-74.1019098, 4.7429607]]}}, {"type": "Feature", "properties": {"highway": "cycleway", "cycleway": null, "name": null}, "geometry": {"type": "LineString", "coordinates": [[-74.1071809, 4.7449689], [-74.1071847, 4.7449963], [-74.1071843, 4.7450261]]}}, {"type": "Feature", "properties": {"highway": "cycleway", "cycleway": null, "name": null}, "geometry": {"type": "LineString", "coordinates": [[-74.0880458, 4.7452597], [-74.0880548, 4.745231]]}}, {"type": "Feature", "properties": {"highway": "cycleway", "cycleway": null, "name": null}, "geometry": {"type": "LineString", "coordinates": [[-74.0891389, 4.7455847], [-74.0891466, 4.7455589]]}}, {"type": "Feature", "properties": {"highway": "cycleway", "cycleway": null, "name": null}, "geometry": {"type": "LineString", "coordinates": [[-74.0901688, 4.7460982], [-74.0901426, 4.7461346]]}}, {"type": "Feature", "properties": {"highway": "cycleway", "cycleway": null, "name": null}, "geometry": {"type": "LineString", "coordinates": [[-74.1090402, 4.6624559], [-74.1090705, 4.6624368]]}}, {"type": "Feature", "properties": {"highway": "cycleway", "cycleway": null, "name": null}, "geometry": {"type": "LineString", "coordinates": [[-74.0915125, 4.5728244], [-74.0912502, 4.5731298], [-74.0911397, 4.5732583], [-74.0910302, 4.5733856], [-74.0900258, 4.5747924], [-74.0892178, 4.5759561], [-74.0891583, 4.5760418], [-74.0884853, 4.5769673], [-74.0883221, 4.5771447], [-74.0882228, 4.5772379]]}}, {"type": "Feature", "properties": {"highway": "cycleway", "cycleway": null, "name": null}, "geometry": {"type": "LineString", "coordinates": [[-74.089619, 4.5791267], [-74.0896744, 4.579015]]}}, {"type": "Feature", "properties": {"highway": "cycleway", "cycleway": null, "name": null}, "geometry": {"type": "LineString", "coordinates": [[-74.0896744, 4.579015], [-74.0900698, 4.5782781], [-74.0901808, 4.5780618], [-74.0906797, 4.5771297], [-74.0907285, 4.5770386], [-74.0907588, 4.5769839], [-74.0908837, 4.5767424], [-74.0909732, 4.5765644], [-74.0912532, 4.5760777], [-74.0913024, 4.5760064], [-74.0924296, 4.5748199], [-74.0929471, 4.5742978]]}}, {"type": "Feature", "properties": {"highway": "cycleway", "cycleway": null, "name": null}, "geometry": {"type": "LineString", "coordinates": [[-74.0815002, 4.5896984], [-74.0814973, 4.5896701], [-74.081769, 4.5891674], [-74.0817918, 4.5891254], [-74.0818183, 4.5890752], [-74.0820062, 4.5887712], [-74.0820477, 4.5887038], [-74.0822614, 4.58836], [-74.0824608, 4.5880821], [-74.0824959, 4.588032], [-74.0825996, 4.5878846], [-74.0828839, 4.5874687], [-74.0829155, 4.5874224], [-74.0829414, 4.5873951], [-74.0833367, 4.58698], [-74.0836859, 4.5865821], [-74.0839842, 4.5861998], [-74.084026, 4.5861461], [-74.0843858, 4.5856601], [-74.0844177, 4.5856171], [-74.084439, 4.5855865], [-74.0849385, 4.58487], [-74.0849661, 4.5848303], [-74.0861948, 4.5830814], [-74.0862181, 4.5830483], [-74.0867909, 4.5822433], [-74.0868143, 4.5822103], [-74.0870763, 4.5818746], [-74.0874304, 4.5814712], [-74.0877591, 4.5811443], [-74.0880995, 4.5808146]]}}, {"type": "Feature", "properties": {"highway": "cycleway", "cycleway": null, "name": null}, "geometry": {"type": "LineString", "coordinates": [[-74.0882228, 4.5772379], [-74.0881091, 4.5773408]]}}, {"type": "Feature", "properties": {"highway": "cycleway", "cycleway": null, "name": null}, "geometry": {"type": "LineString", "coordinates": [[-74.0867042, 4.5790051], [-74.086247, 4.5797065], [-74.0857462, 4.5805139], [-74.0855109, 4.5808482], [-74.0853935, 4.581015], [-74.0853046, 4.5811413], [-74.0852885, 4.5811642], [-74.0847231, 4.5819705], [-74.0846938, 4.5820105], [-74.0843377, 4.5824939], [-74.0841186, 4.5827751], [-74.0838961, 4.582944], [-74.0833063, 4.5834319], [-74.0831566, 4.5835448], [-74.0828363, 4.5837835], [-74.0825426, 4.5840576], [-74.0823347, 4.584339], [-74.0822453, 4.5844891], [-74.0822241, 4.5845247], [-74.0821334, 4.5847028], [-74.0821255, 4.5847218], [-74.0821142, 4.5847997], [-74.0820932, 4.5849438], [-74.0820655, 4.5851402], [-74.0820545, 4.5852181], [-74.0819914, 4.5855859], [-74.0818947, 4.5861165], [-74.0818339, 4.5865547], [-74.0818255, 4.5866168], [-74.0818152, 4.5866554], [-74.0818058, 4.5866928], [-74.081702, 4.5869021], [-74.0814591, 4.5873627], [-74.0813966, 4.587501], [-74.081348, 4.5876741], [-74.0812749, 4.5879041], [-74.0811661, 4.5881286], [-74.080936, 4.5885012], [-74.0808894, 4.5885757], [-74.0808107, 4.5887018], [-74.0806595, 4.5889569], [-74.0805949, 4.5890719], [-74.0805941, 4.5890734], [-74.0805797, 4.5891014], [-74.0805382, 4.5891701], [-74.080504, 4.5892268], [-74.0803782, 4.5894308], [-74.0803543, 4.5894696], [-74.0802375, 4.5896674], [-74.0801436, 4.5898317], [-74.0799, 4.5902566], [-74.079789, 4.5904644], [-74.0796225, 4.5907534]]}}, {"type": "Feature", "properties": {"highway": "cycleway", "cycleway": null, "name": null}, "geometry": {"type": "LineString", "coordinates": [[-74.0823479, 4.5961665], [-74.081618, 4.595664], [-74.0813075, 4.5956617], [-74.081186, 4.5957245], [-74.0809701, 4.5962808], [-74.0809565, 4.5962973], [-74.080924, 4.5963364], [-74.0808862, 4.5963822], [-74.0805743, 4.5967591], [-74.0805568, 4.5967859], [-74.0805451, 4.5968115], [-74.0805428, 4.5968371], [-74.0805428, 4.5971431], [-74.0805404, 4.5971664], [-74.0805346, 4.597185], [-74.0805206, 4.5972037], [-74.0801175, 4.5975379], [-74.079882, 4.5977332], [-74.0798656, 4.5977518], [-74.0798504, 4.5977727], [-74.0798306, 4.5978018], [-74.0797173, 4.59813], [-74.079708, 4.5981661], [-74.079708, 4.598194], [-74.0797138, 4.5982324], [-74.0797243, 4.5982673], [-74.0797419, 4.5983046], [-74.0797652, 4.5983441], [-74.0797932, 4.5983779], [-74.0798294, 4.5984116], [-74.0801026, 4.5985594], [-74.0801365, 4.5985687], [-74.080168, 4.5985734], [-74.0802065, 4.5985711], [-74.0802415, 4.5985652], [-74.0802719, 4.5985524], [-74.0803034, 4.5985327], [-74.0803373, 4.5985082], [-74.0803583, 4.5984884], [-74.0803781, 4.5984721], [-74.080705, 4.5984174], [-74.0809686, 4.5986059], [-74.0810229, 4.598824], [-74.0810785, 4.599047], [-74.0817009, 4.5993915], [-74.0818118, 4.5995404], [-74.0818515, 4.5995707], [-74.0818982, 4.5995858], [-74.0819671, 4.5995474], [-74.0821786, 4.5993352], [-74.082322, 4.5991913], [-74.0823395, 4.5991564], [-74.0823512, 4.599118], [-74.0823512, 4.5990889], [-74.0823477, 4.5990517], [-74.0823337, 4.5990191], [-74.0822088, 4.5988562], [-74.0822377, 4.5988028], [-74.0822594, 4.5987624], [-74.0823112, 4.5986668], [-74.0824705, 4.5983722], [-74.0825147, 4.5982906], [-74.0825217, 4.5982627], [-74.0825135, 4.5982417], [-74.082496, 4.5982243], [-74.0823232, 4.5981335], [-74.0822963, 4.59813], [-74.0822695, 4.5981207], [-74.0822496, 4.5981067], [-74.0822356, 4.5980916], [-74.0822368, 4.598073], [-74.0823711, 4.5978519], [-74.0823816, 4.5977751], [-74.0824633, 4.5976238], [-74.0824621, 4.5975726], [-74.0825532, 4.597398], [-74.0826104, 4.5973584], [-74.0826865, 4.5973211], [-74.0827067, 4.5973112], [-74.0827645, 4.5972828], [-74.0831597, 4.5972035], [-74.0833527, 4.5971647], [-74.0834428, 4.5971466], [-74.0836477, 4.5969212], [-74.083675, 4.5968911], [-74.0837347, 4.5968254], [-74.0837452, 4.5967987], [-74.0837405, 4.5967731], [-74.0837195, 4.5967405], [-74.0833191, 4.5964123], [-74.0832934, 4.5963949], [-74.0832677, 4.5963867], [-74.0832327, 4.5963809], [-74.0827575, 4.5963716], [-74.0827038, 4.5963704], [-74.0826629, 4.5963588], [-74.0826314, 4.5963413], [-74.0825544, 4.5962938], [-74.0824765, 4.5962458], [-74.0823479, 4.5961665]]}}, {"type": "Feature", "properties": {"highway": "cycleway", "cycleway": null, "name": null}, "geometry": {"type": "LineString", "coordinates": [[-74.0439301, 4.7625602], [-74.0438929, 4.7625559], [-74.0438642, 4.7625599], [-74.0438466, 4.7625667], [-74.0423597, 4.763333], [-74.0408687, 4.764133], [-74.0408161, 4.7641649]]}}, {"type": "Feature", "properties": {"highway": "cycleway", "cycleway": null, "name": null}, "geometry": {"type": "LineString", "coordinates": [[-74.0739619, 4.722047], [-74.0741862, 4.7216114], [-74.0743025, 4.7213746], [-74.0743988, 4.7211874], [-74.0744426, 4.7210438], [-74.0744642, 4.7209042], [-74.0744581, 4.7207628], [-74.0744054, 4.7202844]]}}, {"type": "Feature", "properties": {"highway": "cycleway", "cycleway": null, "name": null}, "geometry": {"type": "LineString", "coordinates": [[-74.0607028, 4.6783896], [-74.0607023, 4.6784116]]}}, {"type": "Feature", "properties": {"highway": "cycleway", "cycleway": null, "name": null}, "geometry": {"type": "LineString", "coordinates": [[-74.0924637, 4.6661683], [-74.0924452, 4.6662387], [-74.0924203, 4.6664281], [-74.092318, 4.6669438], [-74.0921961, 4.6675001]]}}, {"type": "Feature", "properties": {"highway": "cycleway", "cycleway": null, "name": "Ciclo Paseo Natural"}, "geometry": {"type": "LineString", "coordinates": [[-74.0988749, 4.6587355], [-74.0988828, 4.6586321], [-74.0988673, 4.6584373], [-74.0987629, 4.65828], [-74.0988071, 4.6581388], [-74.0988706, 4.6579375], [-74.0989186, 4.6575177], [-74.0989071, 4.6572724], [-74.0988975, 4.6568948], [-74.0988494, 4.6566648], [-74.0987782, 4.656452], [-74.0985879, 4.6561569], [-74.0984936, 4.6560553], [-74.0982706, 4.6558713], [-74.0981244, 4.655716], [-74.0975877, 4.6553882]]}}, {"type": "Feature", "properties": {"highway": "cycleway", "cycleway": "yes", "name": null}, "geometry": {"type": "LineString", "coordinates": [[-74.153017, 4.6429132], [-74.152979, 4.6428708]]}}, {"type": "Feature", "properties": {"highway": "cycleway", "cycleway": null, "name": null}, "geometry": {"type": "LineString", "coordinates": [[-74.0795314, 4.5908915], [-74.0793942, 4.5911352], [-74.0792292, 4.591437], [-74.079215, 4.5914629], [-74.0790191, 4.5918365], [-74.078804, 4.5922467], [-74.0787157, 4.592415], [-74.0786971, 4.5924505]]}}, {"type": "Feature", "properties": {"highway": "cycleway", "cycleway": null, "name": null}, "geometry": {"type": "LineString", "coordinates": [[-74.1834871, 4.6102185], [-74.1829203, 4.6106035], [-74.182318, 4.6110127]]}}, {"type": "Feature", "properties": {"highway": "cycleway", "cycleway": null, "name": null}, "geometry": {"type": "LineString", "coordinates": [[-74.0702733, 4.7268631], [-74.0700318, 4.7271738], [-74.0697769, 4.7274818], [-74.0697056, 4.7275655], [-74.0695497, 4.7277857], [-74.0690763, 4.7285632], [-74.0688557, 4.7288969], [-74.0686499, 4.7292239], [-74.0685123, 4.7294384], [-74.0684811, 4.7294911], [-74.0684618, 4.7295136], [-74.068435, 4.7295256], [-74.0684108, 4.7295243], [-74.0683816, 4.7295151]]}}, {"type": "Feature", "properties": {"highway": "cycleway", "cycleway": null, "name": null}, "geometry": {"type": "LineString", "coordinates": [[-74.0661904, 4.7014935], [-74.0659354, 4.7014356]]}}, {"type": "Feature", "properties": {"highway": "cycleway", "cycleway": null, "name": null}, "geometry": {"type": "LineString", "coordinates": [[-74.0671741, 4.7018778], [-74.0671079, 4.7017831], [-74.0670703, 4.7017417], [-74.0670328, 4.7017123], [-74.0669859, 4.7016895], [-74.0669454, 4.7016782], [-74.0661904, 4.7014935]]}}, {"type": "Feature", "properties": {"highway": "cycleway", "cycleway": null, "name": null}, "geometry": {"type": "LineString", "coordinates": [[-74.0996774, 4.6432183], [-74.0995871, 4.6432776], [-74.0995449, 4.6433054], [-74.0989335, 4.6437069], [-74.0981392, 4.6442286], [-74.0981015, 4.6442533]]}}, {"type": "Feature", "properties": {"highway": "cycleway", "cycleway": null, "name": null}, "geometry": {"type": "LineString", "coordinates": [[-74.0985998, 4.6414105], [-74.0986525, 4.6414994], [-74.0995517, 4.6430139], [-74.0996258, 4.6431388]]}}, {"type": "Feature", "properties": {"highway": "cycleway", "cycleway": null, "name": null}, "geometry": {"type": "LineString", "coordinates": [[-74.1052452, 4.6565014], [-74.1056427, 4.6571272]]}}, {"type": "Feature", "properties": {"highway": "cycleway", "cycleway": null, "name": null}, "geometry": {"type": "LineString", "coordinates": [[-74.105972, 4.6576467], [-74.1060083, 4.6577328], [-74.1060564, 4.6578318], [-74.1063095, 4.6582241], [-74.106358, 4.6583111], [-74.1063699, 4.6583215], [-74.1064658, 4.6584053]]}}, {"type": "Feature", "properties": {"highway": "cycleway", "cycleway": null, "name": null}, "geometry": {"type": "LineString", "coordinates": [[-74.1444971, 4.607836], [-74.1444769, 4.6078611], [-74.144279, 4.6081158], [-74.1438443, 4.6085594], [-74.1433096, 4.6091168], [-74.1427817, 4.6096577], [-74.1424454, 4.609996], [-74.1421455, 4.6102978], [-74.1417527, 4.6106422], [-74.1417014, 4.6106757], [-74.1414771, 4.610832], [-74.1413561, 4.6108952]]}}, {"type": "Feature", "properties": {"highway": "cycleway", "cycleway": null, "name": null}, "geometry": {"type": "LineString", "coordinates": [[-74.141506, 4.6109689], [-74.1417917, 4.6107745], [-74.1419464, 4.6106436], [-74.1422375, 4.6104131], [-74.1425377, 4.6100913], [-74.1430366, 4.609574], [-74.143955, 4.6086145], [-74.1443327, 4.6082313], [-74.1445652, 4.6079552], [-74.1445913, 4.6079242]]}}, {"type": "Feature", "properties": {"highway": "cycleway", "cycleway": null, "name": null}, "geometry": {"type": "LineString", "coordinates": [[-74.1235914, 4.5841596], [-74.1236467, 4.584253], [-74.1237709, 4.584336], [-74.1239314, 4.5843372], [-74.1240318, 4.5842837], [-74.1240762, 4.5842191], [-74.1241165, 4.5841409], [-74.1241029, 4.5840305], [-74.1240364, 4.5839076], [-74.1239347, 4.5838466]]}}, {"type": "Feature", "properties": {"highway": "cycleway", "cycleway": null, "name": null}, "geometry": {"type": "LineString", "coordinates": [[-74.0536822, 4.6691051], [-74.0537096, 4.6690611], [-74.0538807, 4.6687663], [-74.0538915, 4.6687477], [-74.0539493, 4.6686466], [-74.0539829, 4.6685863], [-74.0544697, 4.6677126], [-74.054554, 4.6675563], [-74.0548871, 4.6669481], [-74.0549075, 4.666911], [-74.0549316, 4.6668666], [-74.0552674, 4.6662491]]}}, {"type": "Feature", "properties": {"highway": "cycleway", "cycleway": null, "name": null}, "geometry": {"type": "LineString", "coordinates": [[-74.0552979, 4.6661937], [-74.054763, 4.6658538], [-74.0534591, 4.6650106]]}}, {"type": "Feature", "properties": {"highway": "cycleway", "cycleway": null, "name": null}, "geometry": {"type": "LineString", "coordinates": [[-74.1090705, 4.6624368], [-74.1092265, 4.6626902]]}}, {"type": "Feature", "properties": {"highway": "cycleway", "cycleway": null, "name": null}, "geometry": {"type": "LineString", "coordinates": [[-74.108947, 4.6623135], [-74.1089491, 4.6623167]]}}, {"type": "Feature", "properties": {"highway": "cycleway", "cycleway": null, "name": null}, "geometry": {"type": "LineString", "coordinates": [[-74.0716903, 4.6209153], [-74.0716788, 4.6209675], [-74.071665, 4.6210291], [-74.0715535, 4.6216522], [-74.0714067, 4.6224546], [-74.0713978, 4.6225013], [-74.0712692, 4.6231962], [-74.0712595, 4.6232482], [-74.071251, 4.6233092], [-74.0712463, 4.6233398], [-74.0711528, 4.6239727], [-74.0711332, 4.6240794], [-74.0709825, 4.6249119], [-74.0709756, 4.6249498]]}}, {"type": "Feature", "properties": {"highway": "cycleway", "cycleway": null, "name": null}, "geometry": {"type": "LineString", "coordinates": [[-74.0543669, 4.7389074], [-74.0546141, 4.7389594]]}}, {"type": "Feature", "properties": {"highway": "cycleway", "cycleway": null, "name": null}, "geometry": {"type": "LineString", "coordinates": [[-74.0372714, 4.7395513], [-74.0374701, 4.7395935]]}}, {"type": "Feature", "properties": {"highway": "cycleway", "cycleway": null, "name": null}, "geometry": {"type": "LineString", "coordinates": [[-74.0552617, 4.6814342], [-74.0552722, 4.6814167], [-74.0553124, 4.6813365], [-74.0554028, 4.6811455]]}}, {"type": "Feature", "properties": {"highway": "cycleway", "cycleway": null, "name": null}, "geometry": {"type": "LineString", "coordinates": [[-74.0554028, 4.6811455], [-74.0554117, 4.6811267]]}}, {"type": "Feature", "properties": {"highway": "cycleway", "cycleway": null, "name": null}, "geometry": {"type": "LineString", "coordinates": [[-74.1408663, 4.611122], [-74.1398308, 4.6116885], [-74.1382921, 4.6125304], [-74.1377495, 4.6128273], [-74.1359951, 4.6137861], [-74.1355792, 4.6140157]]}}, {"type": "Feature", "properties": {"highway": "cycleway", "cycleway": null, "name": null}, "geometry": {"type": "LineString", "coordinates": [[-74.1356582, 4.6140999], [-74.1360707, 4.6138794], [-74.1378137, 4.6129462], [-74.138359, 4.6126542], [-74.1392916, 4.6121549], [-74.1408312, 4.6113305]]}}, {"type": "Feature", "properties": {"highway": "cycleway", "cycleway": null, "name": null}, "geometry": {"type": "LineString", "coordinates": [[-74.0493013, 4.6839392], [-74.049436, 4.6838692]]}}, {"type": "Feature", "properties": {"highway": "cycleway", "cycleway": null, "name": null}, "geometry": {"type": "LineString", "coordinates": [[-74.1430371, 4.6209312], [-74.1430041, 4.6209687], [-74.1429448, 4.6210359]]}}, {"type": "Feature", "properties": {"highway": "cycleway", "cycleway": null, "name": null}, "geometry": {"type": "LineString", "coordinates": [[-74.1431462, 4.6210296], [-74.1434326, 4.6207217], [-74.1447125, 4.6193542], [-74.1447628, 4.619289], [-74.1447814, 4.6192441], [-74.144786, 4.6191938], [-74.1447686, 4.619096]]}}, {"type": "Feature", "properties": {"highway": "cycleway", "cycleway": null, "name": null}, "geometry": {"type": "LineString", "coordinates": [[-74.0924114, 4.613198], [-74.092353, 4.613269]]}}, {"type": "Feature", "properties": {"highway": "cycleway", "cycleway": null, "name": null}, "geometry": {"type": "LineString", "coordinates": [[-74.147427, 4.6166563], [-74.1474742, 4.6167141], [-74.1475025, 4.6167486], [-74.1484963, 4.6159504], [-74.148645, 4.6158272], [-74.1486604, 4.6158144], [-74.1494698, 4.6151442], [-74.1496745, 4.6149793], [-74.1496846, 4.6149712], [-74.1505997, 4.6142345], [-74.150635, 4.614207], [-74.1507571, 4.614112], [-74.1507791, 4.6140949], [-74.1508035, 4.6140767], [-74.1509166, 4.613988], [-74.150943, 4.6139675]]}}, {"type": "Feature", "properties": {"highway": "cycleway", "cycleway": null, "name": null}, "geometry": {"type": "LineString", "coordinates": [[-74.1508396, 4.6138158], [-74.1508128, 4.6138364], [-74.1507287, 4.613898], [-74.150705, 4.6139152], [-74.150653, 4.6139532], [-74.1505962, 4.6139947], [-74.1501362, 4.6143686], [-74.1497279, 4.6147025], [-74.1495731, 4.6148303], [-74.1495619, 4.6148395], [-74.149043, 4.6152677], [-74.1489628, 4.6153343], [-74.1485498, 4.6156774], [-74.1485336, 4.6156908], [-74.1483967, 4.6158046], [-74.14817, 4.6159843], [-74.1478602, 4.61623], [-74.1477719, 4.6163127], [-74.147722, 4.6163596], [-74.1476203, 4.616467], [-74.1475695, 4.6165278], [-74.1475147, 4.6165825], [-74.147427, 4.6166563]]}}, {"type": "Feature", "properties": {"highway": "cycleway", "cycleway": null, "name": null}, "geometry": {"type": "LineString", "coordinates": [[-74.1089491, 4.6623167], [-74.1090402, 4.6624559]]}}, {"type": "Feature", "properties": {"highway": "cycleway", "cycleway": null, "name": null}, "geometry": {"type": "LineString", "coordinates": [[-74.0317475, 4.7479895], [-74.0318146, 4.7454454], [-74.0318381, 4.744449], [-74.0318733, 4.7429375], [-74.0319273, 4.7414238], [-74.0319316, 4.7410029], [-74.031939, 4.7406255], [-74.0319398, 4.7405826], [-74.0319463, 4.7402538], [-74.03201, 4.738172], [-74.0320133, 4.7381123], [-74.0320951, 4.7344552], [-74.0321499, 4.7329356], [-74.0321918, 4.7314407], [-74.0321935, 4.7313281], [-74.0321988, 4.7309853], [-74.0322246, 4.7293165], [-74.0323443, 4.7256886]]}}, {"type": "Feature", "properties": {"highway": "cycleway", "cycleway": null, "name": null}, "geometry": {"type": "LineString", "coordinates": [[-74.1253319, 4.6205164], [-74.1252501, 4.6207769]]}}, {"type": "Feature", "properties": {"highway": "cycleway", "cycleway": null, "name": null}, "geometry": {"type": "LineString", "coordinates": [[-74.0408824, 4.7604475], [-74.0411233, 4.7604523]]}}, {"type": "Feature", "properties": {"highway": "cycleway", "cycleway": null, "name": null}, "geometry": {"type": "LineString", "coordinates": [[-74.0408161, 4.7641649], [-74.0406284, 4.7642592]]}}, {"type": "Feature", "properties": {"highway": "cycleway", "cycleway": null, "name": null}, "geometry": {"type": "LineString", "coordinates": [[-74.0406284, 4.7642592], [-74.0405638, 4.7642967]]}}, {"type": "Feature", "properties": {"highway": "cycleway", "cycleway": null, "name": null}, "geometry": {"type": "LineString", "coordinates": [[-74.1205306, 4.6565618], [-74.1207241, 4.6563578]]}}, {"type": "Feature", "properties": {"highway": "cycleway", "cycleway": null, "name": null}, "geometry": {"type": "LineString", "coordinates": [[-74.1158591, 4.6850525], [-74.1161054, 4.6853666], [-74.1164239, 4.6857728], [-74.1166873, 4.6861087], [-74.1168454, 4.6863074], [-74.1170143, 4.6865257], [-74.1171005, 4.6866456], [-74.1175168, 4.6871755], [-74.1176606, 4.6873712], [-74.1179565, 4.6877738], [-74.118219, 4.6881448], [-74.1183964, 4.6884043]]}}, {"type": "Feature", "properties": {"highway": "cycleway", "cycleway": null, "name": null}, "geometry": {"type": "LineString", "coordinates": [[-74.120528, 4.6921513], [-74.1203266, 4.6923519], [-74.1197358, 4.6929395], [-74.119188, 4.693491], [-74.1190781, 4.6936016], [-74.1188579, 4.6938233], [-74.1179573, 4.6946969], [-74.1179207, 4.6947299], [-74.1178847, 4.6947683]]}}, {"type": "Feature", "properties": {"highway": "cycleway", "cycleway": null, "name": null}, "geometry": {"type": "LineString", "coordinates": [[-74.1171881, 4.6946596], [-74.1168797, 4.6950096], [-74.1167603, 4.6951606], [-74.1165578, 4.6954266], [-74.1163969, 4.6956658], [-74.1161582, 4.6960107], [-74.1159867, 4.6962961], [-74.115883, 4.6964687], [-74.1157612, 4.6967017], [-74.1155037, 4.6971896], [-74.1152637, 4.6976467], [-74.1150397, 4.6980878], [-74.1147648, 4.698601], [-74.1145362, 4.6990169], [-74.1145138, 4.6990573], [-74.1142189, 4.6996182], [-74.1138499, 4.7002819], [-74.1138421, 4.7002958], [-74.1138234, 4.7003295], [-74.113594, 4.7007369], [-74.1134288, 4.701061]]}}, {"type": "Feature", "properties": {"highway": "cycleway", "cycleway": null, "name": null}, "geometry": {"type": "LineString", "coordinates": [[-74.1310447, 4.650235], [-74.1309668, 4.6503146], [-74.1306266, 4.6506618], [-74.1305679, 4.6507217]]}}, {"type": "Feature", "properties": {"highway": "cycleway", "cycleway": null, "name": null}, "geometry": {"type": "LineString", "coordinates": [[-74.1222972, 4.6398812], [-74.1223325, 4.6398312], [-74.1230355, 4.6373571], [-74.123458, 4.6358736], [-74.1234687, 4.6358359]]}}, {"type": "Feature", "properties": {"highway": "cycleway", "cycleway": "crossing", "name": null}, "geometry": {"type": "LineString", "coordinates": [[-74.123644, 4.6359075], [-74.1236623, 4.6358453], [-74.1236803, 4.6357841], [-74.1237002, 4.6357165], [-74.1237178, 4.6356565]]}}, {"type": "Feature", "properties": {"highway": "cycleway", "cycleway": null, "name": null}, "geometry": {"type": "LineString", "coordinates": [[-74.1554313, 4.6099321], [-74.1553762, 4.6100097], [-74.1551305, 4.6103554]]}}, {"type": "Feature", "properties": {"highway": "cycleway", "cycleway": null, "name": null}, "geometry": {"type": "LineString", "coordinates": [[-74.0665874, 4.7429764], [-74.0654185, 4.7424485]]}}, {"type": "Feature", "properties": {"highway": "cycleway", "cycleway": null, "name": null}, "geometry": {"type": "LineString", "coordinates": [[-74.1267871, 4.686402], [-74.1268036, 4.6863956], [-74.1268152, 4.6863863], [-74.1268228, 4.6863756], [-74.1268283, 4.6863597], [-74.1268282, 4.686341]]}}, {"type": "Feature", "properties": {"highway": "cycleway", "cycleway": null, "name": null}, "geometry": {"type": "LineString", "coordinates": [[-74.1358833, 4.6831652], [-74.1358431, 4.6831996], [-74.1354112, 4.6835695], [-74.1352384, 4.6841231], [-74.1351933, 4.6842387], [-74.1351164, 4.684372], [-74.1350116, 4.68453], [-74.1342341, 4.6855613], [-74.1338139, 4.6861186], [-74.1335354, 4.686563], [-74.1333691, 4.6867998], [-74.1328746, 4.6874833], [-74.1324908, 4.6879821], [-74.131962, 4.6886743], [-74.131502, 4.6892898], [-74.1314946, 4.6893051], [-74.1314934, 4.6893221], [-74.1314987, 4.6893383], [-74.1315096, 4.6893514], [-74.1316172, 4.6894392]]}}, {"type": "Feature", "properties": {"highway": "cycleway", "cycleway": null, "name": null}, "geometry": {"type": "LineString", "coordinates": [[-74.0790706, 4.7570956], [-74.078902, 4.7573312], [-74.0788512, 4.7573911], [-74.0785906, 4.7576204], [-74.0783304, 4.7577932], [-74.0780898, 4.7579713], [-74.0779032, 4.7581041], [-74.0777783, 4.7581336], [-74.0776899, 4.7581424], [-74.0775217, 4.7581142], [-74.0774946, 4.7581094], [-74.0774387, 4.7580996], [-74.0770797, 4.7580394]]}}, {"type": "Feature", "properties": {"highway": "cycleway", "cycleway": "crossing", "name": null}, "geometry": {"type": "LineString", "coordinates": [[-74.0659766, 4.7605376], [-74.0660178, 4.7604915], [-74.0660629, 4.7604411]]}}, {"type": "Feature", "properties": {"highway": "cycleway", "cycleway": "crossing", "name": null}, "geometry": {"type": "LineString", "coordinates": [[-74.0656433, 4.7602935], [-74.0657062, 4.7603451], [-74.0657234, 4.7603591], [-74.0658656, 4.7604755], [-74.0658815, 4.7604885], [-74.0659243, 4.7605236]]}}, {"type": "Feature", "properties": {"highway": "cycleway", "cycleway": null, "name": null}, "geometry": {"type": "LineString", "coordinates": [[-74.046962, 4.7516285], [-74.047588, 4.7517821], [-74.0480498, 4.7518919], [-74.048163, 4.7519346]]}}, {"type": "Feature", "properties": {"highway": "cycleway", "cycleway": null, "name": null}, "geometry": {"type": "LineString", "coordinates": [[-74.037412, 4.7491462], [-74.0374044, 4.749207]]}}, {"type": "Feature", "properties": {"highway": "cycleway", "cycleway": null, "name": null}, "geometry": {"type": "LineString", "coordinates": [[-74.0367331, 4.7411651], [-74.0365788, 4.7417537], [-74.0365663, 4.7417991], [-74.0365548, 4.741841], [-74.0364712, 4.7421528], [-74.0364429, 4.7422845], [-74.036402, 4.7424748], [-74.0363487, 4.7427791], [-74.0363395, 4.7434834], [-74.0363637, 4.7438777], [-74.0364094, 4.7442038], [-74.0364666, 4.7444703], [-74.0365145, 4.7446934], [-74.0366079, 4.7451286], [-74.0367205, 4.7456151], [-74.0368678, 4.7463008], [-74.0370398, 4.7471013], [-74.0372865, 4.7483897], [-74.0373944, 4.7489167]]}}, {"type": "Feature", "properties": {"highway": "cycleway", "cycleway": null, "name": null}, "geometry": {"type": "LineString", "coordinates": [[-74.0377472, 4.7493718], [-74.0377177, 4.7493673], [-74.037438, 4.749325]]}}, {"type": "Feature", "properties": {"highway": "cycleway", "cycleway": "crossing", "name": null}, "geometry": {"type": "LineString", "coordinates": [[-74.0316403, 4.7483927], [-74.0315755, 4.7483818], [-74.0315562, 4.7483785]]}}, {"type": "Feature", "properties": {"highway": "cycleway", "cycleway": null, "name": null}, "geometry": {"type": "LineString", "coordinates": [[-74.0770797, 4.7580394], [-74.0767555, 4.7579943], [-74.0765726, 4.7579922], [-74.0763719, 4.7580077]]}}, {"type": "Feature", "properties": {"highway": "cycleway", "cycleway": null, "name": null}, "geometry": {"type": "LineString", "coordinates": [[-74.1818248, 4.6098637], [-74.1818464, 4.6099179], [-74.1819542, 4.610162], [-74.1820731, 4.6104316], [-74.1821604, 4.6106346], [-74.182189, 4.6106976], [-74.1822501, 4.6108375], [-74.1822754, 4.6109013], [-74.1822938, 4.6109476]]}}, {"type": "Feature", "properties": {"highway": "cycleway", "cycleway": null, "name": null}, "geometry": {"type": "LineString", "coordinates": [[-74.1804533, 4.6095493], [-74.180567, 4.6094329]]}}, {"type": "Feature", "properties": {"highway": "cycleway", "cycleway": null, "name": null}, "geometry": {"type": "LineString", "coordinates": [[-74.1613844, 4.6115638], [-74.161385, 4.611335], [-74.1614304, 4.6105342]]}}, {"type": "Feature", "properties": {"highway": "cycleway", "cycleway": null, "name": null}, "geometry": {"type": "LineString", "coordinates": [[-74.1626114, 4.6149518], [-74.1621682, 4.6142191], [-74.1619587, 4.6138705], [-74.1619056, 4.6137733], [-74.1618354, 4.6136448], [-74.161752, 4.6134739], [-74.1616334, 4.6131738], [-74.1615396, 4.6128458], [-74.1614591, 4.6125211], [-74.161419, 4.6122026], [-74.1614033, 4.6119909]]}}, {"type": "Feature", "properties": {"highway": "cycleway", "cycleway": null, "name": null}, "geometry": {"type": "LineString", "coordinates": [[-74.1104968, 4.5972273], [-74.1100379, 4.5974539], [-74.1097756, 4.5975774], [-74.1094389, 4.5977375]]}}, {"type": "Feature", "properties": {"highway": "cycleway", "cycleway": "crossing", "name": null}, "geometry": {"type": "LineString", "coordinates": [[-74.0374044, 4.749207], [-74.0374185, 4.7492567], [-74.0374277, 4.7492889], [-74.037438, 4.749325]]}}, {"type": "Feature", "properties": {"highway": "cycleway", "cycleway": null, "name": null}, "geometry": {"type": "LineString", "coordinates": [[-74.1372029, 4.7044365], [-74.1372562, 4.7044803], [-74.1373081, 4.7045196], [-74.1383297, 4.7052943], [-74.1396018, 4.7062575], [-74.1413242, 4.7075595], [-74.1414003, 4.7076171], [-74.1420052, 4.7080743], [-74.142585, 4.7085126], [-74.1437812, 4.709425], [-74.1439162, 4.709528], [-74.144516, 4.7099783], [-74.1465799, 4.7115413]]}}, {"type": "Feature", "properties": {"highway": "cycleway", "cycleway": null, "name": null}, "geometry": {"type": "LineString", "coordinates": [[-74.0740271, 4.7588467], [-74.0739907, 4.7588809], [-74.0739252, 4.7589427], [-74.0738488, 4.7590148]]}}, {"type": "Feature", "properties": {"highway": "cycleway", "cycleway": null, "name": null}, "geometry": {"type": "LineString", "coordinates": [[-74.0763719, 4.7580077], [-74.0755059, 4.7581082], [-74.0751824, 4.758173], [-74.0749589, 4.758235], [-74.0747332, 4.7583267], [-74.0745514, 4.7584212], [-74.0743861, 4.7585272], [-74.0742704, 4.7586082], [-74.0740271, 4.7588467]]}}, {"type": "Feature", "properties": {"highway": "cycleway", "cycleway": null, "name": null}, "geometry": {"type": "LineString", "coordinates": [[-74.0454429, 4.7512979], [-74.0451696, 4.7511913], [-74.0449908, 4.7511046], [-74.0444551, 4.7508297], [-74.044297, 4.7507827], [-74.0439872, 4.7507112], [-74.0436944, 4.7506451], [-74.043436, 4.7505836], [-74.0432, 4.7505313], [-74.0429637, 4.7504802], [-74.0428737, 4.7504607], [-74.0428223, 4.7504496]]}}, {"type": "Feature", "properties": {"highway": "cycleway", "cycleway": null, "name": null}, "geometry": {"type": "LineString", "coordinates": [[-74.0455372, 4.7513314], [-74.0454429, 4.7512979]]}}, {"type": "Feature", "properties": {"highway": "cycleway", "cycleway": null, "name": null}, "geometry": {"type": "LineString", "coordinates": [[-74.045746, 4.7513914], [-74.0455372, 4.7513314]]}}, {"type": "Feature", "properties": {"highway": "cycleway", "cycleway": "crossing", "name": null}, "geometry": {"type": "LineString", "coordinates": [[-74.0319395, 4.748443], [-74.0318855, 4.7484339], [-74.0318597, 4.7484296]]}}, {"type": "Feature", "properties": {"highway": "cycleway", "cycleway": null, "name": null}, "geometry": {"type": "LineString", "coordinates": [[-74.0381095, 4.7492885], [-74.037765, 4.7492075], [-74.037412, 4.7491462]]}}, {"type": "Feature", "properties": {"highway": "cycleway", "cycleway": null, "name": null}, "geometry": {"type": "LineString", "coordinates": [[-74.0374231, 4.7490566], [-74.037412, 4.7491462]]}}, {"type": "Feature", "properties": {"highway": "cycleway", "cycleway": null, "name": null}, "geometry": {"type": "LineString", "coordinates": [[-74.1584526, 4.6064754], [-74.1584325, 4.6064641], [-74.1581912, 4.6063279], [-74.1580193, 4.6062316], [-74.1579821, 4.6062309], [-74.1579442, 4.6062396], [-74.1577605, 4.6063239], [-74.1572836, 4.6065635], [-74.1569491, 4.6067757], [-74.1565917, 4.6071225], [-74.1564421, 4.6073043], [-74.1563686, 4.60736]]}}, {"type": "Feature", "properties": {"highway": "cycleway", "cycleway": null, "name": null}, "geometry": {"type": "LineString", "coordinates": [[-74.1155409, 4.6397474], [-74.1154577, 4.639847], [-74.1152272, 4.6401761], [-74.1150925, 4.6403364], [-74.1148705, 4.640575], [-74.1146543, 4.6407824], [-74.1143319, 4.6410652], [-74.1137452, 4.641616], [-74.1133722, 4.641939], [-74.112971, 4.6422758], [-74.1128599, 4.6423692]]}}, {"type": "Feature", "properties": {"highway": "cycleway", "cycleway": null, "name": null}, "geometry": {"type": "LineString", "coordinates": [[-74.1449644, 4.6308083], [-74.1449878, 4.6307939], [-74.1450463, 4.6307959]]}}, {"type": "Feature", "properties": {"highway": "cycleway", "cycleway": "crossing", "name": null}, "geometry": {"type": "LineString", "coordinates": [[-74.1447904, 4.6307934], [-74.1447996, 4.6307942], [-74.1448303, 4.6307968], [-74.1449248, 4.6308049], [-74.1449644, 4.6308083]]}}, {"type": "Feature", "properties": {"highway": "cycleway", "cycleway": "crossing", "name": null}, "geometry": {"type": "LineString", "coordinates": [[-74.1983272, 4.6332455], [-74.1983055, 4.6332012], [-74.1982796, 4.6331484], [-74.1982541, 4.6330963], [-74.1982021, 4.6329902], [-74.1981877, 4.6329609], [-74.1981697, 4.6329241]]}}, {"type": "Feature", "properties": {"highway": "cycleway", "cycleway": null, "name": "Alameda el Porvenir"}, "geometry": {"type": "LineString", "coordinates": [[-74.1951284, 4.6344275], [-74.1950795, 4.6343441], [-74.1946261, 4.6335708], [-74.1945006, 4.6333567], [-74.1944277, 4.6333843]]}}, {"type": "Feature", "properties": {"highway": "cycleway", "cycleway": null, "name": null}, "geometry": {"type": "LineString", "coordinates": [[-74.1747563, 4.6142399], [-74.174801, 4.6142322], [-74.1748472, 4.6142153], [-74.1748864, 4.6141828], [-74.1749319, 4.6141401], [-74.1750783, 4.6140049], [-74.1750936, 4.6139908], [-74.1755528, 4.6135667], [-74.1756908, 4.6134392], [-74.1757637, 4.6133719], [-74.1757888, 4.6133488], [-74.1762026, 4.6129666], [-74.1762423, 4.61293], [-74.1763239, 4.6128546]]}}, {"type": "Feature", "properties": {"highway": "cycleway", "cycleway": null, "name": null}, "geometry": {"type": "LineString", "coordinates": [[-74.1744885, 4.6145468], [-74.1745282, 4.6145013], [-74.1745733, 4.6144479], [-74.1746807, 4.6143271], [-74.1747102, 4.6142918], [-74.1747563, 4.6142399]]}}, {"type": "Feature", "properties": {"highway": "cycleway", "cycleway": null, "name": null}, "geometry": {"type": "LineString", "coordinates": [[-74.1003224, 4.6033912], [-74.0999735, 4.6037773], [-74.0998761, 4.6038827], [-74.0991506, 4.6046684], [-74.0990401, 4.60479], [-74.0988043, 4.6050345], [-74.0982099, 4.6057834], [-74.0981931, 4.6058017], [-74.0980761, 4.6059292], [-74.0980033, 4.6059835], [-74.0979627, 4.6060074], [-74.097907, 4.606027]]}}, {"type": "Feature", "properties": {"highway": "cycleway", "cycleway": null, "name": null}, "geometry": {"type": "LineString", "coordinates": [[-74.1005507, 4.6031591], [-74.100497, 4.6032135], [-74.1004603, 4.6032507], [-74.100393, 4.6033189], [-74.1003787, 4.6033335], [-74.1003224, 4.6033912]]}}, {"type": "Feature", "properties": {"highway": "cycleway", "cycleway": null, "name": null}, "geometry": {"type": "LineString", "coordinates": [[-74.0785716, 4.6440991], [-74.0782714, 4.6440364], [-74.07764, 4.6439044], [-74.0771661, 4.6438057], [-74.077132, 4.6437998], [-74.0770767, 4.6437901], [-74.0770519, 4.6437858], [-74.0770395, 4.6437824], [-74.0764302, 4.6436775], [-74.0763421, 4.6436622], [-74.0762332, 4.6436426], [-74.0761028, 4.6436179], [-74.0759099, 4.6435815], [-74.0757394, 4.6435492], [-74.0756577, 4.6435338], [-74.0755895, 4.6435209], [-74.0749076, 4.643392], [-74.0747671, 4.6433654], [-74.0746644, 4.6433457], [-74.0746345, 4.64334], [-74.0746112, 4.6433355], [-74.0738862, 4.6431964], [-74.0738378, 4.6431884], [-74.0738147, 4.6431832], [-74.0737582, 4.6431772], [-74.0737118, 4.6431731], [-74.0736666, 4.6431724], [-74.0734732, 4.6431692], [-74.0732938, 4.6429866], [-74.0732795, 4.6429639], [-74.0732743, 4.6429501], [-74.0732725, 4.6429316]]}}, {"type": "Feature", "properties": {"highway": "cycleway", "cycleway": null, "name": null}, "geometry": {"type": "LineString", "coordinates": [[-74.0861192, 4.6472208], [-74.0861436, 4.6471608], [-74.0862913, 4.6467969], [-74.0863188, 4.646729]]}}, {"type": "Feature", "properties": {"highway": "cycleway", "cycleway": null, "name": null}, "geometry": {"type": "LineString", "coordinates": [[-74.0864502, 4.6468106], [-74.0863995, 4.6467792], [-74.0863578, 4.6467533], [-74.0863188, 4.646729], [-74.0862153, 4.6466648], [-74.0861526, 4.6466258], [-74.0858977, 4.6464675]]}}, {"type": "Feature", "properties": {"highway": "cycleway", "cycleway": null, "name": null}, "geometry": {"type": "LineString", "coordinates": [[-74.0858977, 4.6464675], [-74.0858011, 4.6464021], [-74.0856996, 4.6463333], [-74.085579, 4.6462517], [-74.0844233, 4.6454181]]}}, {"type": "Feature", "properties": {"highway": "cycleway", "cycleway": null, "name": null}, "geometry": {"type": "LineString", "coordinates": [[-74.0844233, 4.6454181], [-74.084253, 4.6452429], [-74.0841592, 4.6451555], [-74.0840396, 4.6450244]]}}, {"type": "Feature", "properties": {"highway": "cycleway", "cycleway": null, "name": null}, "geometry": {"type": "LineString", "coordinates": [[-74.0845636, 4.6513817], [-74.0845038, 4.6513565]]}}, {"type": "Feature", "properties": {"highway": "cycleway", "cycleway": null, "name": null}, "geometry": {"type": "LineString", "coordinates": [[-74.0265605, 4.7606099], [-74.0265945, 4.7605788], [-74.0266553, 4.7605553], [-74.0267319, 4.7605392], [-74.0271146, 4.7605199], [-74.0274026, 4.7605005], [-74.0275033, 4.7604935], [-74.0276728, 4.7604745], [-74.0279351, 4.7604392]]}}, {"type": "Feature", "properties": {"highway": "cycleway", "cycleway": null, "name": null}, "geometry": {"type": "LineString", "coordinates": [[-74.0378825, 4.739681], [-74.0378947, 4.7396359], [-74.0379049, 4.7395987]]}}, {"type": "Feature", "properties": {"highway": "cycleway", "cycleway": "crossing", "name": null}, "geometry": {"type": "LineString", "coordinates": [[-74.1199181, 4.5336928], [-74.1198587, 4.5336693], [-74.1197622, 4.5336312]]}}, {"type": "Feature", "properties": {"highway": "cycleway", "cycleway": "crossing", "name": null}, "geometry": {"type": "LineString", "coordinates": [[-74.1199699, 4.5339064], [-74.1199836, 4.5338587], [-74.1200043, 4.5337864]]}}, {"type": "Feature", "properties": {"highway": "cycleway", "cycleway": null, "name": null}, "geometry": {"type": "LineString", "coordinates": [[-74.1485864, 4.6667025], [-74.1486241, 4.6667158], [-74.1492165, 4.6669266], [-74.1496807, 4.6671111], [-74.1499033, 4.6672074], [-74.150025, 4.6672769], [-74.150136, 4.6673464], [-74.1503044, 4.6674721], [-74.1505445, 4.6676697], [-74.1505763, 4.6676966], [-74.1505972, 4.6677114], [-74.1506262, 4.6677263], [-74.1506983, 4.6677507], [-74.1507349, 4.6677702], [-74.1507607, 4.6677924], [-74.1507975, 4.6678325], [-74.1508148, 4.6678596], [-74.1508309, 4.6678881], [-74.1508576, 4.667969], [-74.1509111, 4.6680507], [-74.1511284, 4.668318], [-74.1513376, 4.6686495], [-74.1514298, 4.6687887], [-74.1515455, 4.669064], [-74.1515692, 4.6691241], [-74.1518346, 4.6699838], [-74.152027, 4.6706602], [-74.1520381, 4.6706993], [-74.1520579, 4.6707655], [-74.1520707, 4.6708084]]}}, {"type": "Feature", "properties": {"highway": "cycleway", "cycleway": null, "name": null}, "geometry": {"type": "LineString", "coordinates": [[-74.1308833, 4.7206672], [-74.1308664, 4.7209746], [-74.1308488, 4.7212996], [-74.1308451, 4.7213756], [-74.1308194, 4.7219087], [-74.1307885, 4.7224079], [-74.1307872, 4.7224258], [-74.1307836, 4.7224759], [-74.1307776, 4.7225605], [-74.130743, 4.7230448], [-74.1307263, 4.7233082], [-74.1307165, 4.723465], [-74.1306566, 4.724045]]}}, {"type": "Feature", "properties": {"highway": "cycleway", "cycleway": null, "name": null}, "geometry": {"type": "LineString", "coordinates": [[-74.1256049, 4.7252978], [-74.1258029, 4.7250665], [-74.1259972, 4.7248753], [-74.1263025, 4.7245849], [-74.1266057, 4.7243424], [-74.12674, 4.7242567], [-74.1268441, 4.7241927]]}}, {"type": "Feature", "properties": {"highway": "cycleway", "cycleway": null, "name": null}, "geometry": {"type": "LineString", "coordinates": [[-74.1233484, 4.7223895], [-74.1238458, 4.7222454], [-74.1240414, 4.7221922], [-74.1245426, 4.7220582]]}}, {"type": "Feature", "properties": {"highway": "cycleway", "cycleway": null, "name": null}, "geometry": {"type": "LineString", "coordinates": [[-74.1268441, 4.7241927], [-74.1269555, 4.7241632], [-74.1270494, 4.7241383], [-74.1270855, 4.7241287], [-74.1271513, 4.7241113]]}}, {"type": "Feature", "properties": {"highway": "cycleway", "cycleway": null, "name": null}, "geometry": {"type": "LineString", "coordinates": [[-74.1307716, 4.7240722], [-74.1311221, 4.7241569], [-74.1312045, 4.7241778], [-74.1315653, 4.7242692], [-74.1316526, 4.7242904], [-74.132649, 4.7245964]]}}, {"type": "Feature", "properties": {"highway": "cycleway", "cycleway": null, "name": null}, "geometry": {"type": "LineString", "coordinates": [[-74.1303895, 4.7239817], [-74.1305432, 4.7240181], [-74.1306393, 4.7240409], [-74.1306566, 4.724045], [-74.1307716, 4.7240722]]}}, {"type": "Feature", "properties": {"highway": "cycleway", "cycleway": null, "name": null}, "geometry": {"type": "LineString", "coordinates": [[-74.1341282, 4.7253456], [-74.1339876, 4.7240131], [-74.1339708, 4.7237512], [-74.1339696, 4.7236173], [-74.1339671, 4.7233554]]}}, {"type": "Feature", "properties": {"highway": "cycleway", "cycleway": null, "name": null}, "geometry": {"type": "LineString", "coordinates": [[-74.1260413, 4.7209151], [-74.1260801, 4.7209572], [-74.1261627, 4.7210467], [-74.1264886, 4.7213698], [-74.1265891, 4.7214687], [-74.1266489, 4.7215148], [-74.1267421, 4.7215829], [-74.1268895, 4.7216717], [-74.1270983, 4.7217936], [-74.1273273, 4.7218887], [-74.1275378, 4.7219798], [-74.1275883, 4.7220018], [-74.1277252, 4.7220566], [-74.1280491, 4.7221555], [-74.1284462, 4.7222625], [-74.128603, 4.7222952], [-74.1287881, 4.7223297], [-74.1289184, 4.7223473], [-74.1290949, 4.7223602], [-74.1291752, 4.7223626], [-74.1292424, 4.7223647], [-74.1296068, 4.7223758], [-74.129959, 4.7223915], [-74.1300244, 4.7223944], [-74.1306388, 4.7224219], [-74.1307293, 4.7224242], [-74.1307872, 4.7224258], [-74.1313238, 4.7224398], [-74.13145, 4.7224468], [-74.1317359, 4.7224628], [-74.1318289, 4.722468], [-74.1320629, 4.7224862], [-74.1322019, 4.7225059], [-74.1324207, 4.7225469], [-74.1324804, 4.7225624], [-74.1326668, 4.7226076], [-74.1330805, 4.7227108], [-74.1332865, 4.7227619], [-74.1336166, 4.7228445], [-74.1338784, 4.7229254], [-74.1339391, 4.7229441], [-74.1339614, 4.722951], [-74.1340073, 4.7229652], [-74.1343446, 4.7230904], [-74.1347358, 4.7232404], [-74.1349092, 4.7233155], [-74.1352002, 4.7234506], [-74.1354928, 4.7235799]]}}, {"type": "Feature", "properties": {"highway": "cycleway", "cycleway": null, "name": null}, "geometry": {"type": "LineString", "coordinates": [[-74.1290103, 4.7235617], [-74.1292171, 4.722495], [-74.1292343, 4.7224065], [-74.1292424, 4.7223647], [-74.1293186, 4.7219713], [-74.129401, 4.7215143], [-74.1294506, 4.7212388], [-74.1295463, 4.720646]]}}, {"type": "Feature", "properties": {"highway": "cycleway", "cycleway": null, "name": null}, "geometry": {"type": "LineString", "coordinates": [[-74.1339279, 4.7227793], [-74.1338556, 4.7219076], [-74.1338032, 4.7210158]]}}, {"type": "Feature", "properties": {"highway": "cycleway", "cycleway": null, "name": null}, "geometry": {"type": "LineString", "coordinates": [[-74.1339671, 4.7233554], [-74.133949, 4.7230899], [-74.1339432, 4.7230048], [-74.1339391, 4.7229441], [-74.1339279, 4.7227793]]}}, {"type": "Feature", "properties": {"highway": "cycleway", "cycleway": null, "name": null}, "geometry": {"type": "LineString", "coordinates": [[-74.1191683, 4.6281675], [-74.1188159, 4.6281044], [-74.1186785, 4.6280845], [-74.1183734, 4.6280247]]}}, {"type": "Feature", "properties": {"highway": "cycleway", "cycleway": null, "name": null}, "geometry": {"type": "LineString", "coordinates": [[-74.1262451, 4.6295821], [-74.1263338, 4.6295966], [-74.1270417, 4.6297092], [-74.1272956, 4.6297394], [-74.1275697, 4.6297615], [-74.1281647, 4.6298168], [-74.1282151, 4.6298278], [-74.1282495, 4.6298445], [-74.1282763, 4.629864], [-74.1282927, 4.6298869], [-74.1283002, 4.6299102], [-74.1283074, 4.6299397], [-74.128314, 4.6299577], [-74.12833, 4.6299677]]}}, {"type": "Feature", "properties": {"highway": "cycleway", "cycleway": "crossing", "name": null}, "geometry": {"type": "LineString", "coordinates": [[-74.1621439, 4.6436982], [-74.1621805, 4.6437408], [-74.1622387, 4.6438083], [-74.1623077, 4.6438885], [-74.1623474, 4.6439345]]}}, {"type": "Feature", "properties": {"highway": "cycleway", "cycleway": null, "name": null}, "geometry": {"type": "LineString", "coordinates": [[-74.065398, 4.6271857], [-74.0653605, 4.6271749], [-74.0650427, 4.6270838], [-74.0648379, 4.6270253], [-74.064591, 4.6269578], [-74.0639311, 4.6267761]]}}, {"type": "Feature", "properties": {"highway": "cycleway", "cycleway": null, "name": null}, "geometry": {"type": "LineString", "coordinates": [[-74.0426119, 4.7042675], [-74.0425435, 4.704261], [-74.0422551, 4.7042323], [-74.0421827, 4.7042483], [-74.042123, 4.7042443], [-74.0420365, 4.7042196], [-74.0419507, 4.7042176], [-74.0418957, 4.7042233], [-74.0418707, 4.7042457], [-74.0418704, 4.7042574], [-74.0418642, 4.7042571], [-74.0418359, 4.7042544], [-74.0418013, 4.7042509], [-74.0417375, 4.7042062], [-74.0414934, 4.7041895], [-74.0414015, 4.7041848], [-74.041364, 4.7041822], [-74.0410028, 4.70416], [-74.0409508, 4.7041609], [-74.0408797, 4.7041575], [-74.0408392, 4.7041555], [-74.0408031, 4.7041537], [-74.040454, 4.7041327], [-74.040324, 4.7041328], [-74.0401539, 4.704133], [-74.0400551, 4.7041414], [-74.0400376, 4.7041407], [-74.039998, 4.7041417]]}}, {"type": "Feature", "properties": {"highway": "cycleway", "cycleway": null, "name": null}, "geometry": {"type": "LineString", "coordinates": [[-74.0357578, 4.7044074], [-74.0355968, 4.7043657], [-74.0351973, 4.7042624], [-74.0349905, 4.7042088], [-74.0348866, 4.7041819], [-74.0344687, 4.70407], [-74.0337494, 4.7038844], [-74.033689, 4.7038284], [-74.0334169, 4.7037536]]}}, {"type": "Feature", "properties": {"highway": "cycleway", "cycleway": null, "name": null}, "geometry": {"type": "LineString", "coordinates": [[-74.0445653, 4.7602364], [-74.0445512, 4.7602914], [-74.0444324, 4.7607523]]}}, {"type": "Feature", "properties": {"highway": "cycleway", "cycleway": null, "name": null}, "geometry": {"type": "LineString", "coordinates": [[-74.1518758, 4.671097], [-74.1519038, 4.6710689], [-74.1519489, 4.6710236], [-74.1520097, 4.6709626], [-74.1520469, 4.6709104], [-74.1520581, 4.6708946], [-74.152089, 4.6708471], [-74.152119, 4.6707974], [-74.1521777, 4.6706763], [-74.1521956, 4.6706393], [-74.1522305, 4.6705841], [-74.1522609, 4.6705531], [-74.1522957, 4.6705187], [-74.1523443, 4.6704817], [-74.1524179, 4.6704352], [-74.1525027, 4.6703985], [-74.1529217, 4.6702678], [-74.1537329, 4.6700187], [-74.1542167, 4.6698701], [-74.1548629, 4.6696703], [-74.1552726, 4.6695423]]}}, {"type": "Feature", "properties": {"highway": "cycleway", "cycleway": null, "name": null}, "geometry": {"type": "LineString", "coordinates": [[-74.1519092, 4.6712208], [-74.151896, 4.6711716], [-74.1518758, 4.671097]]}}, {"type": "Feature", "properties": {"highway": "cycleway", "cycleway": null, "name": null}, "geometry": {"type": "LineString", "coordinates": [[-74.1521596, 4.6709961], [-74.1523661, 4.6716706], [-74.1523842, 4.6717272], [-74.1524169, 4.6718293], [-74.1527058, 4.6728055], [-74.1527204, 4.6728781], [-74.1527379, 4.6729243], [-74.1527646, 4.6729714], [-74.1528777, 4.6730929], [-74.1528974, 4.6731141], [-74.152916, 4.6731454], [-74.1529748, 4.6733694], [-74.1529956, 4.6734214], [-74.1530257, 4.6734581], [-74.1530638, 4.6734878], [-74.1531104, 4.6735095]]}}, {"type": "Feature", "properties": {"highway": "cycleway", "cycleway": null, "name": null}, "geometry": {"type": "LineString", "coordinates": [[-74.1481876, 4.6326793], [-74.1482257, 4.6327047], [-74.148263, 4.6327297]]}}, {"type": "Feature", "properties": {"highway": "cycleway", "cycleway": null, "name": null}, "geometry": {"type": "LineString", "coordinates": [[-74.148263, 4.6327297], [-74.1482919, 4.6327813], [-74.1483112, 4.6328156]]}}, {"type": "Feature", "properties": {"highway": "cycleway", "cycleway": null, "name": null}, "geometry": {"type": "LineString", "coordinates": [[-74.1263139, 4.5933817], [-74.1262763, 4.5933983], [-74.1262629, 4.5934004], [-74.1262334, 4.593405], [-74.1261183, 4.5934114], [-74.1259647, 4.5934214], [-74.1259362, 4.5934232], [-74.1259115, 4.5934247], [-74.1255449, 4.5934474], [-74.1254108, 4.5934524], [-74.125194, 4.593456], [-74.125091, 4.5934588], [-74.1250662, 4.5934578], [-74.1249466, 4.5934529], [-74.1248281, 4.593452], [-74.1247554, 4.5934554], [-74.1245654, 4.5934712], [-74.1240624, 4.5935191], [-74.1235584, 4.5935723]]}}, {"type": "Feature", "properties": {"highway": "cycleway", "cycleway": null, "name": null}, "geometry": {"type": "LineString", "coordinates": [[-74.1235584, 4.5935723], [-74.1234316, 4.5935849], [-74.1233942, 4.5935886], [-74.1233122, 4.5935967], [-74.1232665, 4.5936012], [-74.1231825, 4.5936096], [-74.1231211, 4.5936157], [-74.1230854, 4.5936192]]}}, {"type": "Feature", "properties": {"highway": "cycleway", "cycleway": null, "name": null}, "geometry": {"type": "LineString", "coordinates": [[-74.094097, 4.6660238], [-74.0940775, 4.6659817], [-74.0940727, 4.6659467], [-74.0940792, 4.66591], [-74.0940919, 4.665867], [-74.0941181, 4.6658242], [-74.0946495, 4.6651675], [-74.0946811, 4.6651272], [-74.0947182, 4.6650794], [-74.0950952, 4.6645958], [-74.0953178, 4.6643103], [-74.096124, 4.6632774], [-74.0961713, 4.6632169], [-74.0965951, 4.6626806], [-74.0969298, 4.6622272], [-74.0973554, 4.6616483], [-74.0974898, 4.6614795], [-74.0975368, 4.6614168], [-74.097625, 4.661299], [-74.097919, 4.6609211], [-74.0983793, 4.6603137], [-74.0984429, 4.6602299], [-74.0985305, 4.6601147], [-74.0986123, 4.660007], [-74.0988545, 4.6597026], [-74.0989728, 4.659539], [-74.0990627, 4.6594213], [-74.0994641, 4.6589025], [-74.0994974, 4.6588578], [-74.0995763, 4.6587516], [-74.0997052, 4.6585784], [-74.0997622, 4.6585017], [-74.1005959, 4.6574774]]}}, {"type": "Feature", "properties": {"highway": "cycleway", "cycleway": "crossing", "name": null}, "geometry": {"type": "LineString", "coordinates": [[-74.0756939, 4.6338561], [-74.0756058, 4.6338474], [-74.0755798, 4.6338449], [-74.0755093, 4.6338379], [-74.0754629, 4.6338334], [-74.0754132, 4.6338285], [-74.0754062, 4.6338278], [-74.0753193, 4.6338192], [-74.0752379, 4.6338112]]}}, {"type": "Feature", "properties": {"highway": "cycleway", "cycleway": null, "name": null}, "geometry": {"type": "LineString", "coordinates": [[-74.1481347, 4.6885377], [-74.148118, 4.6885178], [-74.1474132, 4.6876786], [-74.1473971, 4.6876594], [-74.1473633, 4.6876876], [-74.147337, 4.6877096], [-74.14699, 4.6872965], [-74.146623, 4.6868597], [-74.14596, 4.6860705], [-74.1456056, 4.6856487]]}}, {"type": "Feature", "properties": {"highway": "cycleway", "cycleway": "crossing", "name": null}, "geometry": {"type": "LineString", "coordinates": [[-74.1252155, 4.6295926], [-74.1252866, 4.629596], [-74.1255365, 4.629608], [-74.1256228, 4.6296121]]}}, {"type": "Feature", "properties": {"highway": "cycleway", "cycleway": null, "name": null}, "geometry": {"type": "LineString", "coordinates": [[-74.1237741, 4.6293427], [-74.1240016, 4.6293646], [-74.1240819, 4.6294792]]}}, {"type": "Feature", "properties": {"highway": "cycleway", "cycleway": null, "name": null}, "geometry": {"type": "LineString", "coordinates": [[-74.1212651, 4.6290924], [-74.1237741, 4.6293427]]}}, {"type": "Feature", "properties": {"highway": "cycleway", "cycleway": null, "name": null}, "geometry": {"type": "LineString", "coordinates": [[-74.1209272, 4.6292683], [-74.1210847, 4.6290869], [-74.1212651, 4.6290924]]}}, {"type": "Feature", "properties": {"highway": "cycleway", "cycleway": null, "name": null}, "geometry": {"type": "LineString", "coordinates": [[-74.1206724, 4.6292452], [-74.1197402, 4.6291727]]}}, {"type": "Feature", "properties": {"highway": "cycleway", "cycleway": null, "name": null}, "geometry": {"type": "LineString", "coordinates": [[-74.1119832, 4.6282956], [-74.1117109, 4.6282639], [-74.1109637, 4.62818], [-74.1103224, 4.6281035], [-74.1102042, 4.628092], [-74.1099558, 4.6280755], [-74.1097185, 4.6280606], [-74.1094622, 4.6280459], [-74.1093877, 4.6280419], [-74.1087314, 4.6279985], [-74.108704, 4.6279909], [-74.1086646, 4.6279787], [-74.1086206, 4.6279711], [-74.1085758, 4.6279739], [-74.1085496, 4.6279872], [-74.1085258, 4.6279948], [-74.1084958, 4.6279925]]}}, {"type": "Feature", "properties": {"highway": "cycleway", "cycleway": null, "name": null}, "geometry": {"type": "LineString", "coordinates": [[-74.1250892, 4.6288839], [-74.1252919, 4.6289085], [-74.1254226, 4.6289245], [-74.1260477, 4.6290006]]}}, {"type": "Feature", "properties": {"highway": "cycleway", "cycleway": null, "name": null}, "geometry": {"type": "LineString", "coordinates": [[-74.1303821, 4.6293618], [-74.1313415, 4.6294542], [-74.1318779, 4.6294958], [-74.1333344, 4.629635], [-74.133383, 4.6296404], [-74.1338167, 4.6296807], [-74.1338658, 4.6296859], [-74.134932, 4.6297942], [-74.135058, 4.6296871], [-74.1353686, 4.6297153], [-74.1357871, 4.6297533], [-74.1361031, 4.6297821], [-74.1361824, 4.6297893]]}}, {"type": "Feature", "properties": {"highway": "cycleway", "cycleway": null, "name": null}, "geometry": {"type": "LineString", "coordinates": [[-74.1417929, 4.6312816], [-74.141699, 4.6312733], [-74.1409433, 4.6312061], [-74.1407906, 4.6311894]]}}, {"type": "Feature", "properties": {"highway": "cycleway", "cycleway": null, "name": null}, "geometry": {"type": "LineString", "coordinates": [[-74.11682, 4.6280027], [-74.1167478, 4.6279936], [-74.1167259, 4.6279821], [-74.1167088, 4.6279668], [-74.1166803, 4.6279318], [-74.1166614, 4.6279185], [-74.1166369, 4.6279094], [-74.1160506, 4.6278527], [-74.116018, 4.6278518], [-74.1159889, 4.627858], [-74.1159466, 4.6278739], [-74.1159007, 4.6278925], [-74.115867, 4.6278989], [-74.1158368, 4.6279016]]}}, {"type": "Feature", "properties": {"highway": "cycleway", "cycleway": null, "name": null}, "geometry": {"type": "LineString", "coordinates": [[-74.1182297, 4.6281058], [-74.1176951, 4.6280197], [-74.1172987, 4.6279657], [-74.1172509, 4.6279694], [-74.1172006, 4.6279818], [-74.1171528, 4.6280065], [-74.1171154, 4.6280236], [-74.1170771, 4.6280292], [-74.1170176, 4.6280239]]}}, {"type": "Feature", "properties": {"highway": "cycleway", "cycleway": null, "name": null}, "geometry": {"type": "LineString", "coordinates": [[-74.1237782, 4.6290186], [-74.1212911, 4.6287631]]}}, {"type": "Feature", "properties": {"highway": "cycleway", "cycleway": null, "name": null}, "geometry": {"type": "LineString", "coordinates": [[-74.1252106, 4.6290013], [-74.1242966, 4.6290645]]}}, {"type": "Feature", "properties": {"highway": "cycleway", "cycleway": null, "name": null}, "geometry": {"type": "LineString", "coordinates": [[-74.1206633, 4.6286948], [-74.1206072, 4.6286809], [-74.1204976, 4.6286426], [-74.1203709, 4.628586], [-74.119984, 4.6283806], [-74.1199036, 4.6283513], [-74.1198016, 4.6283212]]}}, {"type": "Feature", "properties": {"highway": "cycleway", "cycleway": null, "name": null}, "geometry": {"type": "LineString", "coordinates": [[-74.0971752, 4.6446783], [-74.0961573, 4.6430858], [-74.0960118, 4.6428585], [-74.0957708, 4.6424744], [-74.0956336, 4.6422394], [-74.095533, 4.6421899], [-74.095508, 4.6421517]]}}, {"type": "Feature", "properties": {"highway": "cycleway", "cycleway": null, "name": null}, "geometry": {"type": "LineString", "coordinates": [[-74.0806533, 4.626946], [-74.0805582, 4.6270231], [-74.0805282, 4.6274749], [-74.0805169, 4.627715], [-74.0802606, 4.6281666], [-74.0802678, 4.6282005]]}}, {"type": "Feature", "properties": {"highway": "cycleway", "cycleway": "crossing", "name": null}, "geometry": {"type": "LineString", "coordinates": [[-74.2246668, 4.593818], [-74.224602, 4.5938878], [-74.2245745, 4.5939157], [-74.2245222, 4.5939505], [-74.2244592, 4.5939598], [-74.2243774, 4.5939531], [-74.2243197, 4.5939451], [-74.2242259, 4.5939398], [-74.2241213, 4.5939505], [-74.2240086, 4.5939745], [-74.2239563, 4.5939919], [-74.2239397, 4.5940014], [-74.2238933, 4.594028], [-74.2238583, 4.5940757], [-74.2238571, 4.5941323], [-74.2238732, 4.5942259], [-74.2238933, 4.5943595], [-74.2238919, 4.5945119], [-74.2238638, 4.5946483], [-74.2238343, 4.5948341], [-74.2238155, 4.5950052], [-74.2238222, 4.595187], [-74.2238477, 4.5953127], [-74.2238584, 4.5954477], [-74.2238745, 4.5955961], [-74.2238705, 4.5957338], [-74.223849, 4.5958474], [-74.2238235, 4.5959209], [-74.2237954, 4.5960078], [-74.2237817, 4.5961029]]}}, {"type": "Feature", "properties": {"highway": "cycleway", "cycleway": null, "name": null}, "geometry": {"type": "LineString", "coordinates": [[-74.081123, 4.6262567], [-74.0811169, 4.6262937], [-74.0811159, 4.626304], [-74.0811189, 4.6263117], [-74.0811266, 4.6263169], [-74.0811469, 4.6263177]]}}, {"type": "Feature", "properties": {"highway": "cycleway", "cycleway": null, "name": null}, "geometry": {"type": "LineString", "coordinates": [[-74.0698608, 4.611575], [-74.0699349, 4.6112639]]}}, {"type": "Feature", "properties": {"highway": "cycleway", "cycleway": null, "name": null}, "geometry": {"type": "LineString", "coordinates": [[-74.2137192, 4.6064419], [-74.2138172, 4.6065286], [-74.2139359, 4.6066394], [-74.2140309, 4.6067291], [-74.2140952, 4.6067878], [-74.2141289, 4.6068236], [-74.2141843, 4.6069037], [-74.2142189, 4.6069613], [-74.2142779, 4.6070757], [-74.214282, 4.6070825], [-74.2143485, 4.6072112], [-74.2143469, 4.6072307], [-74.2143409, 4.6072663], [-74.2143319, 4.6073123]]}}, {"type": "Feature", "properties": {"highway": "cycleway", "cycleway": null, "name": null}, "geometry": {"type": "LineString", "coordinates": [[-74.0847645, 4.6223169], [-74.0846704, 4.6224261], [-74.0846186, 4.6224891], [-74.0838091, 4.6234735], [-74.0837779, 4.6235117], [-74.0837631, 4.6235296], [-74.0833606, 4.6239926], [-74.083287, 4.6240568], [-74.0832227, 4.6240996], [-74.0831156, 4.6241611], [-74.0829993, 4.6242104], [-74.0829331, 4.6242287], [-74.08286, 4.6242348], [-74.0828384, 4.6242332], [-74.0828019, 4.6242306], [-74.0826772, 4.6242091], [-74.0826143, 4.6241912], [-74.0824682, 4.6240786], [-74.0823964, 4.6241077], [-74.0823713, 4.6241188], [-74.0818093, 4.6236398], [-74.0816851, 4.623532], [-74.0814674, 4.6233584], [-74.0814447, 4.6233262], [-74.0814355, 4.6233017], [-74.0814324, 4.623274], [-74.0814201, 4.6232448], [-74.0813827, 4.623182], [-74.0813615, 4.6231481], [-74.0811868, 4.622898], [-74.0811494, 4.6228454], [-74.0810926, 4.62275], [-74.0809121, 4.6224487], [-74.080817, 4.6223005], [-74.0806777, 4.6220965]]}}, {"type": "Feature", "properties": {"highway": "cycleway", "cycleway": null, "name": null}, "geometry": {"type": "LineString", "coordinates": [[-74.1247346, 4.6847832], [-74.124393, 4.6845469], [-74.1241942, 4.6843959], [-74.1239144, 4.6842006], [-74.1237432, 4.6840972], [-74.1236613, 4.6840342]]}}, {"type": "Feature", "properties": {"highway": "cycleway", "cycleway": "crossing", "name": null}, "geometry": {"type": "LineString", "coordinates": [[-74.1572975, 4.5806361], [-74.1572789, 4.5806984], [-74.1572739, 4.5807151], [-74.1572484, 4.5808006]]}}, {"type": "Feature", "properties": {"highway": "cycleway", "cycleway": "crossing", "name": null}, "geometry": {"type": "LineString", "coordinates": [[-74.1571724, 4.5803607], [-74.1572056, 4.5804338], [-74.1572195, 4.5804645], [-74.157268, 4.5805704], [-74.1572748, 4.5805856], [-74.1572975, 4.5806361]]}}, {"type": "Feature", "properties": {"highway": "cycleway", "cycleway": null, "name": null}, "geometry": {"type": "LineString", "coordinates": [[-74.1222687, 4.720883], [-74.1229088, 4.7217913], [-74.1233484, 4.7223895]]}}, {"type": "Feature", "properties": {"highway": "cycleway", "cycleway": "crossing", "name": null}, "geometry": {"type": "LineString", "coordinates": [[-74.2292011, 4.5817263], [-74.2292466, 4.581908], [-74.2292872, 4.5821467], [-74.2293009, 4.5821941], [-74.2293068, 4.5822146], [-74.229323, 4.5822383]]}}, {"type": "Feature", "properties": {"highway": "cycleway", "cycleway": null, "name": null}, "geometry": {"type": "LineString", "coordinates": [[-74.1554313, 4.6099321], [-74.157614, 4.6073]]}}, {"type": "Feature", "properties": {"highway": "cycleway", "cycleway": null, "name": null}, "geometry": {"type": "LineString", "coordinates": [[-74.0323443, 4.7256886], [-74.0323469, 4.7255122], [-74.0323482, 4.7254083], [-74.0323499, 4.7253172]]}}, {"type": "Feature", "properties": {"highway": "cycleway", "cycleway": null, "name": null}, "geometry": {"type": "LineString", "coordinates": [[-74.0840396, 4.6450244], [-74.0839029, 4.6448988]]}}, {"type": "Feature", "properties": {"highway": "cycleway", "cycleway": null, "name": null}, "geometry": {"type": "LineString", "coordinates": [[-74.103786, 4.6122849], [-74.1037547, 4.6123139], [-74.1037516, 4.6123624], [-74.1038802, 4.6125811], [-74.1041593, 4.6130852], [-74.1042237, 4.6132082], [-74.1042984, 4.6133516], [-74.1043523, 4.6134515], [-74.1045527, 4.6137506], [-74.1046693, 4.6140293], [-74.1047547, 4.6142562], [-74.1049961, 4.6148497], [-74.1052508, 4.6156797], [-74.1053005, 4.615871], [-74.1054131, 4.6162928], [-74.1054412, 4.6164042], [-74.1054654, 4.6165867], [-74.1054621, 4.6166223], [-74.105503, 4.6167025], [-74.1056425, 4.6168763], [-74.1056747, 4.6169912], [-74.1056924, 4.6170506], [-74.1057014, 4.617078], [-74.1057176, 4.6171677], [-74.1056559, 4.6174457], [-74.1057795, 4.6182731]]}}, {"type": "Feature", "properties": {"highway": "cycleway", "cycleway": "crossing", "name": null}, "geometry": {"type": "LineString", "coordinates": [[-74.1057795, 4.6182731], [-74.1057942, 4.618383], [-74.1058119, 4.6184999], [-74.1058393, 4.6186925], [-74.1058517, 4.6187764]]}}, {"type": "Feature", "properties": {"highway": "cycleway", "cycleway": null, "name": null}, "geometry": {"type": "LineString", "coordinates": [[-74.0364812, 4.7046045], [-74.0359601, 4.7044618], [-74.0357578, 4.7044074]]}}, {"type": "Feature", "properties": {"highway": "cycleway", "cycleway": null, "name": null}, "geometry": {"type": "LineString", "coordinates": [[-74.0467158, 4.7205281], [-74.0467221, 4.7204626], [-74.0467327, 4.7203904], [-74.0469022, 4.7192296], [-74.0469146, 4.7191444], [-74.0470488, 4.718147], [-74.0470751, 4.7179232]]}}, {"type": "Feature", "properties": {"highway": "cycleway", "cycleway": "crossing", "name": null}, "geometry": {"type": "LineString", "coordinates": [[-74.0471292, 4.7174986], [-74.047038, 4.7174752], [-74.0469799, 4.7174603]]}}, {"type": "Feature", "properties": {"highway": "cycleway", "cycleway": "crossing", "name": null}, "geometry": {"type": "LineString", "coordinates": [[-74.0470751, 4.7179232], [-74.0470817, 4.7178717], [-74.0470943, 4.7177724], [-74.0471181, 4.7175822], [-74.0471292, 4.7174986]]}}, {"type": "Feature", "properties": {"highway": "cycleway", "cycleway": null, "name": null}, "geometry": {"type": "LineString", "coordinates": [[-74.0495002, 4.7302764], [-74.0494481, 4.7306077], [-74.0494054, 4.7308789], [-74.0492424, 4.7319847], [-74.0492221, 4.7320975], [-74.0487636, 4.7346477], [-74.0487228, 4.7347062], [-74.0486702, 4.735088], [-74.048408, 4.7367865], [-74.0483969, 4.7368145], [-74.0483779, 4.7368462], [-74.0483456, 4.7368672], [-74.0482867, 4.7368935]]}}, {"type": "Feature", "properties": {"highway": "cycleway", "cycleway": null, "name": null}, "geometry": {"type": "LineString", "coordinates": [[-74.0482965, 4.7371431], [-74.0481596, 4.7380187]]}}, {"type": "Feature", "properties": {"highway": "cycleway", "cycleway": null, "name": null}, "geometry": {"type": "LineString", "coordinates": [[-74.1402709, 4.5952128], [-74.1402221, 4.5952061], [-74.1401588, 4.5951932], [-74.1397796, 4.5950862], [-74.1394977, 4.5950069], [-74.1381983, 4.5948023], [-74.1380701, 4.5947775], [-74.1380236, 4.5947605], [-74.1379846, 4.5947327], [-74.1379731, 4.5947202]]}}, {"type": "Feature", "properties": {"highway": "cycleway", "cycleway": null, "name": null}, "geometry": {"type": "LineString", "coordinates": [[-74.136643, 4.5969979], [-74.1361301, 4.5978467]]}}, {"type": "Feature", "properties": {"highway": "cycleway", "cycleway": "crossing", "name": null}, "geometry": {"type": "LineString", "coordinates": [[-74.1379237, 4.5946454], [-74.1378645, 4.5946363], [-74.1377963, 4.5946258], [-74.1377401, 4.5946172]]}}, {"type": "Feature", "properties": {"highway": "cycleway", "cycleway": "crossing", "name": null}, "geometry": {"type": "LineString", "coordinates": [[-74.1281419, 4.6094239], [-74.1281577, 4.6094535], [-74.1281762, 4.6094883], [-74.1281977, 4.6095287], [-74.1282273, 4.6095842]]}}, {"type": "Feature", "properties": {"highway": "cycleway", "cycleway": null, "name": null}, "geometry": {"type": "LineString", "coordinates": [[-74.1282273, 4.6095842], [-74.1282388, 4.6096806], [-74.1282523, 4.6097934]]}}, {"type": "Feature", "properties": {"highway": "cycleway", "cycleway": "crossing", "name": null}, "geometry": {"type": "LineString", "coordinates": [[-74.1282523, 4.6097934], [-74.1282231, 4.6099203], [-74.1282112, 4.6099717]]}}, {"type": "Feature", "properties": {"highway": "cycleway", "cycleway": null, "name": null}, "geometry": {"type": "LineString", "coordinates": [[-74.1266599, 4.6162968], [-74.1266122, 4.6164876], [-74.1265607, 4.616652], [-74.1265009, 4.616843], [-74.1263748, 4.6172458], [-74.1261489, 4.6178981], [-74.1261326, 4.6179453], [-74.1260709, 4.6181313]]}}, {"type": "Feature", "properties": {"highway": "cycleway", "cycleway": null, "name": null}, "geometry": {"type": "LineString", "coordinates": [[-74.1252501, 4.6207769], [-74.1252265, 4.6208498], [-74.1251733, 4.6210172], [-74.1250537, 4.6213937], [-74.1249338, 4.6217701], [-74.124858, 4.6220079], [-74.1246904, 4.6225787], [-74.1246227, 4.6228147], [-74.1245582, 4.6230361], [-74.1245204, 4.6231462], [-74.1244496, 4.6233108], [-74.1243926, 4.6234433], [-74.1243481, 4.6235337], [-74.1243017, 4.6236285], [-74.1242612, 4.6236938], [-74.1242141, 4.6237571]]}}, {"type": "Feature", "properties": {"highway": "cycleway", "cycleway": "crossing", "name": null}, "geometry": {"type": "LineString", "coordinates": [[-74.1242141, 4.6237571], [-74.1241986, 4.6238371], [-74.1241757, 4.6239547]]}}, {"type": "Feature", "properties": {"highway": "cycleway", "cycleway": null, "name": null}, "geometry": {"type": "LineString", "coordinates": [[-74.1241757, 4.6239547], [-74.1240754, 4.6241798]]}}, {"type": "Feature", "properties": {"highway": "cycleway", "cycleway": "crossing", "name": null}, "geometry": {"type": "LineString", "coordinates": [[-74.1240754, 4.6241798], [-74.124021, 4.6242417], [-74.1239839, 4.6242839]]}}, {"type": "Feature", "properties": {"highway": "cycleway", "cycleway": "crossing", "name": null}, "geometry": {"type": "LineString", "coordinates": [[-74.1223622, 4.6284007], [-74.1223528, 4.6284315], [-74.1223147, 4.6285565], [-74.1222895, 4.6286393]]}}, {"type": "Feature", "properties": {"highway": "cycleway", "cycleway": null, "name": null}, "geometry": {"type": "LineString", "coordinates": [[-74.1241309, 4.6290529], [-74.1237782, 4.6290186]]}}, {"type": "Feature", "properties": {"highway": "cycleway", "cycleway": null, "name": null}, "geometry": {"type": "LineString", "coordinates": [[-74.1222895, 4.6286393], [-74.1220553, 4.6291804]]}}, {"type": "Feature", "properties": {"highway": "cycleway", "cycleway": null, "name": null}, "geometry": {"type": "LineString", "coordinates": [[-74.1182084, 4.6371283], [-74.1179848, 4.6373213], [-74.1178982, 4.637396]]}}, {"type": "Feature", "properties": {"highway": "cycleway", "cycleway": "crossing", "name": null}, "geometry": {"type": "LineString", "coordinates": [[-74.1178982, 4.637396], [-74.117834, 4.6374024], [-74.1177997, 4.6374058], [-74.1177525, 4.6374105]]}}, {"type": "Feature", "properties": {"highway": "cycleway", "cycleway": "crossing", "name": null}, "geometry": {"type": "LineString", "coordinates": [[-74.1183046, 4.6370452], [-74.1182563, 4.6370869], [-74.1182084, 4.6371283]]}}, {"type": "Feature", "properties": {"highway": "cycleway", "cycleway": null, "name": null}, "geometry": {"type": "LineString", "coordinates": [[-74.1086542, 4.6466397], [-74.1086169, 4.6466767], [-74.1085734, 4.6467199], [-74.1083327, 4.6469589], [-74.1079904, 4.6473117], [-74.1078096, 4.6475165], [-74.1074139, 4.6480105]]}}, {"type": "Feature", "properties": {"highway": "cycleway", "cycleway": "crossing", "name": null}, "geometry": {"type": "LineString", "coordinates": [[-74.1067593, 4.6487946], [-74.1067424, 4.6488388], [-74.1067126, 4.6489165]]}}, {"type": "Feature", "properties": {"highway": "cycleway", "cycleway": null, "name": null}, "geometry": {"type": "LineString", "coordinates": [[-74.1067126, 4.6489165], [-74.1065138, 4.6491884], [-74.1064062, 4.6493357], [-74.1062813, 4.6495065]]}}, {"type": "Feature", "properties": {"highway": "cycleway", "cycleway": "crossing", "name": null}, "geometry": {"type": "LineString", "coordinates": [[-74.1062813, 4.6495065], [-74.1061878, 4.6495941], [-74.1061217, 4.6496561]]}}, {"type": "Feature", "properties": {"highway": "cycleway", "cycleway": null, "name": null}, "geometry": {"type": "LineString", "coordinates": [[-74.1061217, 4.6496561], [-74.1057876, 4.6500539], [-74.105761, 4.650086], [-74.1057436, 4.650107], [-74.1054524, 4.6504583], [-74.1050661, 4.6509243]]}}, {"type": "Feature", "properties": {"highway": "cycleway", "cycleway": "crossing", "name": null}, "geometry": {"type": "LineString", "coordinates": [[-74.1050661, 4.6509243], [-74.1050462, 4.6509644], [-74.1050202, 4.6510168], [-74.1049773, 4.651103]]}}, {"type": "Feature", "properties": {"highway": "cycleway", "cycleway": null, "name": null}, "geometry": {"type": "LineString", "coordinates": [[-74.1049773, 4.651103], [-74.1048963, 4.6512413], [-74.1047115, 4.651487], [-74.1045462, 4.6517256]]}}, {"type": "Feature", "properties": {"highway": "cycleway", "cycleway": "crossing", "name": null}, "geometry": {"type": "LineString", "coordinates": [[-74.1045462, 4.6517256], [-74.1044183, 4.6517454], [-74.1043708, 4.6517527]]}}, {"type": "Feature", "properties": {"highway": "cycleway", "cycleway": "crossing", "name": null}, "geometry": {"type": "LineString", "coordinates": [[-74.1046569, 4.652496], [-74.1046663, 4.6524387], [-74.1046902, 4.6522922]]}}, {"type": "Feature", "properties": {"highway": "cycleway", "cycleway": "crossing", "name": null}, "geometry": {"type": "LineString", "coordinates": [[-74.1052878, 4.6514352], [-74.1054005, 4.6514361], [-74.1055725, 4.6514375]]}}, {"type": "Feature", "properties": {"highway": "cycleway", "cycleway": null, "name": null}, "geometry": {"type": "LineString", "coordinates": [[-74.1029397, 4.6539185], [-74.1023364, 4.6546801], [-74.1022587, 4.6547781], [-74.1020692, 4.6550174]]}}, {"type": "Feature", "properties": {"highway": "cycleway", "cycleway": null, "name": null}, "geometry": {"type": "LineString", "coordinates": [[-74.1017708, 4.6553841], [-74.1015034, 4.6557365], [-74.1008731, 4.6565671], [-74.1006927, 4.6568049], [-74.1006179, 4.6568758], [-74.1004964, 4.6569755]]}}, {"type": "Feature", "properties": {"highway": "cycleway", "cycleway": "crossing", "name": null}, "geometry": {"type": "LineString", "coordinates": [[-74.102096, 4.6560111], [-74.1020975, 4.6559432], [-74.1021011, 4.6557867]]}}, {"type": "Feature", "properties": {"highway": "cycleway", "cycleway": null, "name": null}, "geometry": {"type": "LineString", "coordinates": [[-74.1021011, 4.6557867], [-74.1023175, 4.6554796], [-74.1024225, 4.6553069]]}}, {"type": "Feature", "properties": {"highway": "cycleway", "cycleway": "crossing", "name": null}, "geometry": {"type": "LineString", "coordinates": [[-74.1024225, 4.6553069], [-74.1025267, 4.6552196], [-74.1025697, 4.6551836]]}}, {"type": "Feature", "properties": {"highway": "cycleway", "cycleway": "crossing", "name": null}, "geometry": {"type": "LineString", "coordinates": [[-74.1020692, 4.6550174], [-74.1019712, 4.6551378], [-74.1018258, 4.6553166], [-74.1017708, 4.6553841]]}}, {"type": "Feature", "properties": {"highway": "cycleway", "cycleway": "crossing", "name": null}, "geometry": {"type": "LineString", "coordinates": [[-74.1004964, 4.6569755], [-74.100466, 4.6570024], [-74.1003529, 4.6571024], [-74.1002599, 4.6571847]]}}, {"type": "Feature", "properties": {"highway": "cycleway", "cycleway": null, "name": null}, "geometry": {"type": "LineString", "coordinates": [[-74.1007597, 4.6572916], [-74.1009225, 4.6571162], [-74.1011358, 4.6568621], [-74.1015887, 4.6562849], [-74.1017512, 4.6561356], [-74.1018365, 4.6560769], [-74.1019235, 4.6560474], [-74.102096, 4.6560111]]}}, {"type": "Feature", "properties": {"highway": "cycleway", "cycleway": null, "name": null}, "geometry": {"type": "LineString", "coordinates": [[-74.1039358, 4.6535033], [-74.1039174, 4.6535287]]}}, {"type": "Feature", "properties": {"highway": "cycleway", "cycleway": null, "name": null}, "geometry": {"type": "LineString", "coordinates": [[-74.1032976, 4.654328], [-74.1033295, 4.6542859]]}}, {"type": "Feature", "properties": {"highway": "cycleway", "cycleway": "crossing", "name": null}, "geometry": {"type": "LineString", "coordinates": [[-74.0431178, 4.6827912], [-74.0431916, 4.6828269], [-74.0432151, 4.6828382], [-74.0432994, 4.6828789], [-74.0433701, 4.6829131]]}}, {"type": "Feature", "properties": {"highway": "cycleway", "cycleway": "crossing", "name": null}, "geometry": {"type": "LineString", "coordinates": [[-74.0435897, 4.6825022], [-74.0435596, 4.6824875], [-74.0435041, 4.6824603], [-74.043426, 4.6824221], [-74.0433969, 4.6824078], [-74.0433539, 4.6823868], [-74.0433198, 4.68237]]}}, {"type": "Feature", "properties": {"highway": "cycleway", "cycleway": null, "name": null}, "geometry": {"type": "LineString", "coordinates": [[-74.0434254, 4.6830193], [-74.0434658, 4.6830036], [-74.0435037, 4.6829966], [-74.043541, 4.6830016], [-74.044539, 4.6834675], [-74.0452995, 4.6838267], [-74.045511, 4.6839319], [-74.0457803, 4.6840659], [-74.0466369, 4.6844921], [-74.0469548, 4.6846502], [-74.0472439, 4.6848072], [-74.0472927, 4.6848325], [-74.0473509, 4.6848786], [-74.0474196, 4.6849403], [-74.04744, 4.6849623]]}}, {"type": "Feature", "properties": {"highway": "cycleway", "cycleway": null, "name": null}, "geometry": {"type": "LineString", "coordinates": [[-74.0478372, 4.6854745], [-74.0479613, 4.6855154], [-74.0479954, 4.6855266]]}}, {"type": "Feature", "properties": {"highway": "cycleway", "cycleway": null, "name": null}, "geometry": {"type": "LineString", "coordinates": [[-74.0552975, 4.6868579], [-74.0553458, 4.6868378], [-74.0554418, 4.6867978]]}}, {"type": "Feature", "properties": {"highway": "cycleway", "cycleway": null, "name": null}, "geometry": {"type": "LineString", "coordinates": [[-74.0554418, 4.6867978], [-74.0555397, 4.686807], [-74.0555818, 4.686811], [-74.0556622, 4.6868186]]}}, {"type": "Feature", "properties": {"highway": "cycleway", "cycleway": null, "name": null}, "geometry": {"type": "LineString", "coordinates": [[-74.2111082, 4.613263], [-74.2110363, 4.6132047], [-74.2109949, 4.6131711], [-74.2108919, 4.6130874], [-74.2106633, 4.6129248], [-74.210418, 4.6128028], [-74.2102376, 4.6127234], [-74.21016, 4.6126892], [-74.2101243, 4.612666], [-74.2101046, 4.6126532], [-74.2099023, 4.6125216], [-74.2096317, 4.6123198], [-74.2094564, 4.6122128], [-74.2090988, 4.6120716]]}}, {"type": "Feature", "properties": {"highway": "cycleway", "cycleway": null, "name": null}, "geometry": {"type": "LineString", "coordinates": [[-74.2090988, 4.6120716], [-74.2090445, 4.6120524], [-74.2090001, 4.6120367], [-74.2089709, 4.6120264], [-74.2088987, 4.6120008], [-74.2088371, 4.611979]]}}, {"type": "Feature", "properties": {"highway": "cycleway", "cycleway": null, "name": null}, "geometry": {"type": "LineString", "coordinates": [[-74.1092521, 4.7074509], [-74.1091569, 4.7073555], [-74.1090265, 4.7072451], [-74.1087699, 4.7070492], [-74.1084499, 4.706822], [-74.1081053, 4.7065944], [-74.1079586, 4.7065286], [-74.1077944, 4.7064619]]}}, {"type": "Feature", "properties": {"highway": "cycleway", "cycleway": null, "name": null}, "geometry": {"type": "LineString", "coordinates": [[-74.1077944, 4.7064619], [-74.1077702, 4.7064498], [-74.1077295, 4.706423], [-74.1076536, 4.7063686]]}}, {"type": "Feature", "properties": {"highway": "cycleway", "cycleway": null, "name": null}, "geometry": {"type": "LineString", "coordinates": [[-74.1076536, 4.7063686], [-74.107526, 4.7063625], [-74.1074518, 4.706359], [-74.1074223, 4.7063576]]}}, {"type": "Feature", "properties": {"highway": "cycleway", "cycleway": null, "name": null}, "geometry": {"type": "LineString", "coordinates": [[-74.0584558, 4.6818954], [-74.0587074, 4.6803975], [-74.0587191, 4.6803319], [-74.0587313, 4.6802945], [-74.0587846, 4.6801314], [-74.0588662, 4.6799258], [-74.0590117, 4.6796915], [-74.0592509, 4.679336], [-74.059282, 4.6792898], [-74.0594467, 4.6790634], [-74.0595443, 4.6789407], [-74.0596434, 4.6788435], [-74.059701, 4.678802], [-74.0599853, 4.6786349], [-74.0600897, 4.6785709], [-74.0604956, 4.6783413], [-74.0605916, 4.6782849], [-74.0607097, 4.678218], [-74.0607047, 4.6782763]]}}, {"type": "Feature", "properties": {"highway": "cycleway", "cycleway": null, "name": null}, "geometry": {"type": "LineString", "coordinates": [[-74.0577071, 4.6865898], [-74.057716, 4.6865355], [-74.0577428, 4.6863735], [-74.0577569, 4.6862881]]}}, {"type": "Feature", "properties": {"highway": "cycleway", "cycleway": null, "name": null}, "geometry": {"type": "LineString", "coordinates": [[-74.0607442, 4.6875661], [-74.0601183, 4.6874001], [-74.0597973, 4.6873077], [-74.0596892, 4.6872772], [-74.0595202, 4.687221], [-74.0594283, 4.6871909], [-74.059388, 4.6871777], [-74.0593244, 4.6871569], [-74.0592047, 4.6871122], [-74.0591154, 4.6870788], [-74.0590752, 4.6870494], [-74.0590322, 4.6870146]]}}, {"type": "Feature", "properties": {"highway": "cycleway", "cycleway": null, "name": null}, "geometry": {"type": "LineString", "coordinates": [[-74.0575231, 4.6868392], [-74.0575342, 4.6867795], [-74.057565, 4.6867058], [-74.0576066, 4.6866548], [-74.0576579, 4.6866118], [-74.0577071, 4.6865898]]}}, {"type": "Feature", "properties": {"highway": "cycleway", "cycleway": null, "name": null}, "geometry": {"type": "LineString", "coordinates": [[-74.0574809, 4.6877506], [-74.0574625, 4.6877013], [-74.0574365, 4.6876318]]}}, {"type": "Feature", "properties": {"highway": "cycleway", "cycleway": null, "name": null}, "geometry": {"type": "LineString", "coordinates": [[-74.0574365, 4.6876318], [-74.057466, 4.6874262]]}}, {"type": "Feature", "properties": {"highway": "cycleway", "cycleway": null, "name": null}, "geometry": {"type": "LineString", "coordinates": [[-74.057466, 4.6874262], [-74.0574757, 4.6873737], [-74.0574871, 4.6873119]]}}, {"type": "Feature", "properties": {"highway": "cycleway", "cycleway": null, "name": null}, "geometry": {"type": "LineString", "coordinates": [[-74.0574809, 4.6877506], [-74.057498, 4.6877123], [-74.0575248, 4.6876909], [-74.0575463, 4.6876776], [-74.0575768, 4.6876786], [-74.0586114, 4.6878496], [-74.059131, 4.6879355]]}}, {"type": "Feature", "properties": {"highway": "cycleway", "cycleway": null, "name": null}, "geometry": {"type": "LineString", "coordinates": [[-74.0586114, 4.6878496], [-74.0587506, 4.6877284], [-74.058815, 4.6876749], [-74.0588858, 4.6876368], [-74.0589437, 4.6876188], [-74.0590135, 4.6876081], [-74.0590472, 4.6876099], [-74.0591714, 4.6876165], [-74.0592256, 4.6876194], [-74.0593139, 4.6876241], [-74.0593863, 4.6876348], [-74.0595445, 4.6876803], [-74.0599011, 4.6877824], [-74.0602363, 4.6878787], [-74.0603793, 4.687922], [-74.0606655, 4.6879969], [-74.0607026, 4.6880075], [-74.0608184, 4.6880391], [-74.0608631, 4.6880511], [-74.0612556, 4.6881567], [-74.0613713, 4.6882167], [-74.0614567, 4.6882609], [-74.0617344, 4.6883417], [-74.061905, 4.688392], [-74.0620556, 4.6884361], [-74.0624813, 4.6885577], [-74.0625987, 4.6885848]]}}, {"type": "Feature", "properties": {"highway": "cycleway", "cycleway": null, "name": null}, "geometry": {"type": "LineString", "coordinates": [[-74.064713, 4.6885654], [-74.0646593, 4.6886058], [-74.0645896, 4.6886325], [-74.0645413, 4.6886379], [-74.0644984, 4.6886352], [-74.0644554, 4.6886245], [-74.0643535, 4.6885951], [-74.0636844, 4.6884051], [-74.0634308, 4.6883331], [-74.0628649, 4.688175], [-74.0627465, 4.688142], [-74.0625213, 4.688079], [-74.0624192, 4.6880505], [-74.0617464, 4.6878626], [-74.0614889, 4.687761], [-74.0611188, 4.6876541], [-74.0609705, 4.6876193]]}}, {"type": "Feature", "properties": {"highway": "cycleway", "cycleway": null, "name": null}, "geometry": {"type": "LineString", "coordinates": [[-74.0628188, 4.6886355], [-74.0630607, 4.6886913], [-74.0641129, 4.6889916], [-74.0647559, 4.6891752], [-74.0648211, 4.6891938], [-74.0648667, 4.6892205], [-74.0649101, 4.6892666], [-74.064948, 4.6893163]]}}, {"type": "Feature", "properties": {"highway": "cycleway", "cycleway": "crossing", "name": null}, "geometry": {"type": "LineString", "coordinates": [[-74.0625987, 4.6885848], [-74.0626447, 4.6885954], [-74.0626846, 4.6886046], [-74.0627702, 4.6886243], [-74.0628188, 4.6886355]]}}, {"type": "Feature", "properties": {"highway": "cycleway", "cycleway": null, "name": null}, "geometry": {"type": "LineString", "coordinates": [[-74.0684292, 4.6893916], [-74.068417, 4.6894177], [-74.0683983, 4.6894351], [-74.0683714, 4.6894525], [-74.0683285, 4.6894685], [-74.0682829, 4.6894685], [-74.0682293, 4.6894685], [-74.0679491, 4.6894467], [-74.0678163, 4.6894281], [-74.067666, 4.689407], [-74.0673826, 4.6893542], [-74.0672421, 4.6893267], [-74.0671144, 4.6892994], [-74.0669708, 4.6892646], [-74.0668747, 4.6892375], [-74.0667335, 4.6892071], [-74.0663491, 4.6891113], [-74.0662614, 4.6890895], [-74.0659503, 4.689012], [-74.0658162, 4.6889746], [-74.0657411, 4.6889478], [-74.0656633, 4.6889131], [-74.0655855, 4.6888596], [-74.0654783, 4.6887583]]}}, {"type": "Feature", "properties": {"highway": "cycleway", "cycleway": "crossing", "name": null}, "geometry": {"type": "LineString", "coordinates": [[-74.0653965, 4.688873], [-74.0653034, 4.6888471], [-74.0652127, 4.6888218], [-74.0649859, 4.6887586], [-74.0649298, 4.688743]]}}, {"type": "Feature", "properties": {"highway": "cycleway", "cycleway": null, "name": null}, "geometry": {"type": "LineString", "coordinates": [[-74.065637, 4.6895334], [-74.0656874, 4.6894985], [-74.0657384, 4.6894771], [-74.0657974, 4.6894691], [-74.065902, 4.6894664], [-74.0660147, 4.6894771], [-74.066138, 4.6895039], [-74.0663912, 4.689571], [-74.0664605, 4.6895893], [-74.0665833, 4.6896161], [-74.066873, 4.6896856], [-74.0670516, 4.6897178], [-74.0671573, 4.6897364], [-74.0674684, 4.6897952], [-74.067618, 4.6898182], [-74.0679892, 4.6898743], [-74.068132, 4.6898883]]}}, {"type": "Feature", "properties": {"highway": "cycleway", "cycleway": null, "name": null}, "geometry": {"type": "LineString", "coordinates": [[-74.0688006, 4.689391], [-74.069168, 4.6893856], [-74.0693504, 4.689399], [-74.0696991, 4.6894284], [-74.0698597, 4.6894175], [-74.0700532, 4.6894017], [-74.0702517, 4.6893776], [-74.0704448, 4.6893509], [-74.0705615, 4.6893238], [-74.0706874, 4.6892945], [-74.0708015, 4.689268], [-74.0711468, 4.6891664], [-74.0712369, 4.6891361], [-74.0713621, 4.6890939], [-74.0714882, 4.6890515], [-74.0718602, 4.6889128], [-74.0720343, 4.6888493], [-74.0721909, 4.6887815], [-74.0723089, 4.6887334], [-74.0723676, 4.6887044], [-74.0725959, 4.6885997], [-74.0727031, 4.6885467], [-74.0727783, 4.6885088], [-74.0732155, 4.6882602], [-74.0737224, 4.6879287]]}}, {"type": "Feature", "properties": {"highway": "cycleway", "cycleway": "crossing", "name": null}, "geometry": {"type": "LineString", "coordinates": [[-74.071625, 4.6894578], [-74.0717994, 4.6894832], [-74.0718877, 4.6894961], [-74.0719549, 4.6895059]]}}, {"type": "Feature", "properties": {"highway": "cycleway", "cycleway": null, "name": null}, "geometry": {"type": "LineString", "coordinates": [[-74.0743181, 4.6880211], [-74.0745333, 4.6878527], [-74.0749267, 4.6875349], [-74.0750098, 4.6874707], [-74.0761337, 4.6865912], [-74.0762561, 4.6864923], [-74.0763321, 4.6864309], [-74.0769759, 4.6858615], [-74.0771424, 4.6857217], [-74.0772307, 4.6856476]]}}, {"type": "Feature", "properties": {"highway": "cycleway", "cycleway": "crossing", "name": null}, "geometry": {"type": "LineString", "coordinates": [[-74.0737224, 4.6879287], [-74.0738459, 4.6878356], [-74.073929, 4.6877729], [-74.0740548, 4.6876779]]}}, {"type": "Feature", "properties": {"highway": "cycleway", "cycleway": null, "name": null}, "geometry": {"type": "LineString", "coordinates": [[-74.0740548, 4.6876779], [-74.075054, 4.6868701], [-74.0752399, 4.6867278], [-74.0753419, 4.6866402], [-74.0755248, 4.686495], [-74.0756217, 4.686392], [-74.0757049, 4.6863036], [-74.0758064, 4.6861956], [-74.07597, 4.6860245], [-74.076072, 4.6859256], [-74.0761685, 4.6858427], [-74.0763, 4.6857492], [-74.0764448, 4.6856556], [-74.076823, 4.6854498], [-74.0768904, 4.6854117], [-74.0769485, 4.6853789], [-74.0769839, 4.6853589]]}}, {"type": "Feature", "properties": {"highway": "cycleway", "cycleway": null, "name": null}, "geometry": {"type": "LineString", "coordinates": [[-74.0772307, 4.6856476], [-74.0775579, 4.6853856]]}}, {"type": "Feature", "properties": {"highway": "cycleway", "cycleway": null, "name": null}, "geometry": {"type": "LineString", "coordinates": [[-74.077346, 4.6851023], [-74.0774326, 4.6850295], [-74.0775004, 4.6849722], [-74.0778399, 4.6846851], [-74.0780112, 4.6845435], [-74.0780568, 4.6844954], [-74.078097, 4.6844473], [-74.0781185, 4.6844045], [-74.0781426, 4.6843377], [-74.0781531, 4.6842781], [-74.0781528, 4.6842212]]}}, {"type": "Feature", "properties": {"highway": "cycleway", "cycleway": null, "name": null}, "geometry": {"type": "LineString", "coordinates": [[-74.0769839, 4.6853589], [-74.077346, 4.6851023]]}}, {"type": "Feature", "properties": {"highway": "cycleway", "cycleway": null, "name": null}, "geometry": {"type": "LineString", "coordinates": [[-74.0779798, 4.6857122], [-74.0776439, 4.6853224]]}}, {"type": "Feature", "properties": {"highway": "cycleway", "cycleway": null, "name": null}, "geometry": {"type": "LineString", "coordinates": [[-74.0779951, 4.6852092], [-74.0780032, 4.6851664], [-74.0780192, 4.6851183], [-74.0780407, 4.6850809], [-74.0782714, 4.6848991], [-74.0789892, 4.6843045]]}}, {"type": "Feature", "properties": {"highway": "cycleway", "cycleway": "crossing", "name": null}, "geometry": {"type": "LineString", "coordinates": [[-74.0776439, 4.6853224], [-74.0776598, 4.6853107], [-74.0777832, 4.6852199]]}}, {"type": "Feature", "properties": {"highway": "cycleway", "cycleway": "crossing", "name": null}, "geometry": {"type": "LineString", "coordinates": [[-74.0777832, 4.6852199], [-74.0778717, 4.6852154], [-74.0779337, 4.6852123], [-74.0779951, 4.6852092]]}}, {"type": "Feature", "properties": {"highway": "cycleway", "cycleway": null, "name": null}, "geometry": {"type": "LineString", "coordinates": [[-74.0853288, 4.6782358], [-74.0851813, 4.6784778], [-74.084972, 4.6788253], [-74.0848594, 4.678975], [-74.0847843, 4.6790632], [-74.0846824, 4.6791808], [-74.0845988, 4.679265], [-74.0844866, 4.679376], [-74.083413, 4.6802344], [-74.0833064, 4.6803196], [-74.0824077, 4.6810092], [-74.0822769, 4.6811095], [-74.0817619, 4.6815025], [-74.0816362, 4.6815984], [-74.0815318, 4.6816778], [-74.0806344, 4.6823969], [-74.080443, 4.6825522], [-74.0800148, 4.6828995], [-74.0799317, 4.6829637], [-74.0798753, 4.6829957], [-74.0798271, 4.6830144], [-74.0798077, 4.6830165], [-74.0797866, 4.6830187], [-74.0797761, 4.6830198], [-74.0797278, 4.6830064], [-74.0796929, 4.6829957]]}}, {"type": "Feature", "properties": {"highway": "cycleway", "cycleway": null, "name": null}, "geometry": {"type": "LineString", "coordinates": [[-74.0854078, 4.6781127], [-74.0855782, 4.6778472]]}}, {"type": "Feature", "properties": {"highway": "cycleway", "cycleway": null, "name": null}, "geometry": {"type": "LineString", "coordinates": [[-74.0857567, 4.6774036], [-74.0858856, 4.6772987], [-74.0859068, 4.6772815], [-74.085953, 4.6772439], [-74.085996, 4.6771672], [-74.0861834, 4.6768333], [-74.0863444, 4.6765464], [-74.0867371, 4.6758352], [-74.0868757, 4.6755998], [-74.0871155, 4.675179], [-74.0872765, 4.6748962], [-74.0876218, 4.6742903], [-74.08788, 4.6738371], [-74.0880111, 4.673607], [-74.0884734, 4.6728069], [-74.0888378, 4.6721619], [-74.0889247, 4.6720341], [-74.0891116, 4.67172], [-74.0892094, 4.6715557], [-74.0893447, 4.6713335], [-74.0893702, 4.6712917], [-74.0896773, 4.670876], [-74.0899244, 4.6705262]]}}, {"type": "Feature", "properties": {"highway": "cycleway", "cycleway": null, "name": null}, "geometry": {"type": "LineString", "coordinates": [[-74.0902912, 4.6564422], [-74.090352, 4.6562579], [-74.0904074, 4.6561329], [-74.0907202, 4.6553833], [-74.0907825, 4.6552465], [-74.0907999, 4.6552083], [-74.0912228, 4.6542803], [-74.0913489, 4.6540263], [-74.0915018, 4.6537723], [-74.0917896, 4.6533713], [-74.0918375, 4.6533145], [-74.0919604, 4.6531842], [-74.0920503, 4.6530745], [-74.0920878, 4.6530251], [-74.0927315, 4.6527605], [-74.0934799, 4.6524664], [-74.0935416, 4.6524397], [-74.0936714, 4.6525396], [-74.0943369, 4.6530024], [-74.0951979, 4.6536012], [-74.0959377, 4.6541409], [-74.0969681, 4.6548497], [-74.0974852, 4.6552118], [-74.0975262, 4.6552405], [-74.0976035, 4.6552946], [-74.0976172, 4.6553042], [-74.0983565, 4.6558442], [-74.0986274, 4.6560111], [-74.0987451, 4.6560917], [-74.0987952, 4.6561532], [-74.0988562, 4.6562486], [-74.0989141, 4.6563829], [-74.0989682, 4.6565134], [-74.0990248, 4.6566953], [-74.0990476, 4.6568679], [-74.0990654, 4.657038], [-74.0990375, 4.6573108], [-74.0989637, 4.6576621], [-74.0989302, 4.6580256], [-74.0989146, 4.6582293], [-74.0988846, 4.6582806], [-74.0989191, 4.6584418], [-74.0989074, 4.6587902], [-74.0988749, 4.6588934], [-74.098817, 4.659022], [-74.0987089, 4.659188], [-74.0984815, 4.6594958]]}}, {"type": "Feature", "properties": {"highway": "cycleway", "cycleway": null, "name": null}, "geometry": {"type": "LineString", "coordinates": [[-74.1019683, 4.6513655], [-74.1019986, 4.651418], [-74.1020277, 4.6514742], [-74.1020557, 4.6515288], [-74.10208, 4.651587], [-74.1021019, 4.651641], [-74.1021281, 4.6516964], [-74.1021571, 4.6517539], [-74.1021917, 4.6518086], [-74.1023719, 4.6520861]]}}, {"type": "Feature", "properties": {"highway": "cycleway", "cycleway": null, "name": null}, "geometry": {"type": "LineString", "coordinates": [[-74.0522554, 4.6861676], [-74.0529155, 4.6862781], [-74.0543301, 4.6865149], [-74.0544738, 4.686535], [-74.0546023, 4.6865528], [-74.0549438, 4.6866274], [-74.0550536, 4.6866591], [-74.0551258, 4.6866855], [-74.0551848, 4.6867159], [-74.0552253, 4.6867493], [-74.0552674, 4.6867947], [-74.0552975, 4.6868579]]}}, {"type": "Feature", "properties": {"highway": "cycleway", "cycleway": "crossing", "name": null}, "geometry": {"type": "LineString", "coordinates": [[-74.1954862, 4.6285682], [-74.1955256, 4.6285568], [-74.1955794, 4.6285411], [-74.1956346, 4.6285251], [-74.1956993, 4.6285063], [-74.1957409, 4.6284942], [-74.1957612, 4.6284883]]}}, {"type": "Feature", "properties": {"highway": "cycleway", "cycleway": null, "name": null}, "geometry": {"type": "LineString", "coordinates": [[-74.1422253, 4.5793578], [-74.1421338, 4.5791267]]}}, {"type": "Feature", "properties": {"highway": "cycleway", "cycleway": null, "name": null}, "geometry": {"type": "LineString", "coordinates": [[-74.0666386, 4.7342728], [-74.0665294, 4.734694], [-74.0664887, 4.7348511], [-74.0664662, 4.7349776], [-74.0664508, 4.7350637], [-74.0662982, 4.7356386], [-74.0662694, 4.7357648], [-74.0662433, 4.7358795], [-74.0660864, 4.7366454], [-74.0660118, 4.736971], [-74.0657701, 4.7380311], [-74.0657677, 4.7380421], [-74.065676, 4.7384577], [-74.0655775, 4.7389315], [-74.065409, 4.7397449]]}}, {"type": "Feature", "properties": {"highway": "cycleway", "cycleway": null, "name": null}, "geometry": {"type": "LineString", "coordinates": [[-74.0761434, 4.66238], [-74.0760744, 4.6624387], [-74.0758458, 4.6627474], [-74.0756517, 4.6630485]]}}, {"type": "Feature", "properties": {"highway": "cycleway", "cycleway": null, "name": null}, "geometry": {"type": "LineString", "coordinates": [[-74.0758162, 4.6635435], [-74.0759087, 4.6632229]]}}, {"type": "Feature", "properties": {"highway": "cycleway", "cycleway": null, "name": null}, "geometry": {"type": "LineString", "coordinates": [[-74.2097209, 4.6054754], [-74.2094683, 4.605174], [-74.209177, 4.6048265], [-74.2088237, 4.6044199], [-74.2080639, 4.6035679], [-74.207304, 4.6030993], [-74.2071798, 4.6029857], [-74.2070545, 4.6028424], [-74.20712, 4.6027845]]}}, {"type": "Feature", "properties": {"highway": "cycleway", "cycleway": null, "name": null}, "geometry": {"type": "LineString", "coordinates": [[-74.2098044, 4.6054169], [-74.2097741, 4.6054412], [-74.2097209, 4.6054754]]}}, {"type": "Feature", "properties": {"highway": "cycleway", "cycleway": null, "name": null}, "geometry": {"type": "LineString", "coordinates": [[-74.2100238, 4.6043652], [-74.2098324, 4.604607], [-74.2097643, 4.6047625], [-74.2097198, 4.6049071], [-74.2097004, 4.6050184], [-74.2097038, 4.6050379], [-74.2097058, 4.6051386], [-74.2097335, 4.6052409], [-74.2097636, 4.6053301], [-74.2098044, 4.6054169]]}}, {"type": "Feature", "properties": {"highway": "cycleway", "cycleway": null, "name": null}, "geometry": {"type": "LineString", "coordinates": [[-74.2082904, 4.6060538], [-74.2077101, 4.6062915], [-74.2076639, 4.6063105], [-74.2075985, 4.6063374], [-74.2070956, 4.6065435], [-74.2068463, 4.6066456], [-74.2067283, 4.6067419], [-74.2062958, 4.6069379]]}}, {"type": "Feature", "properties": {"highway": "cycleway", "cycleway": null, "name": null}, "geometry": {"type": "LineString", "coordinates": [[-74.2031549, 4.6101327], [-74.2032542, 4.6099781], [-74.2032853, 4.6099407], [-74.2033231, 4.6099099], [-74.2033769, 4.6098793]]}}, {"type": "Feature", "properties": {"highway": "cycleway", "cycleway": null, "name": null}, "geometry": {"type": "LineString", "coordinates": [[-74.1816032, 4.6221103], [-74.1817323, 4.6219963], [-74.1819514, 4.6217954], [-74.1819827, 4.6217642], [-74.1820342, 4.6217096], [-74.1821191, 4.6216034], [-74.1822022, 4.6214965], [-74.1822773, 4.6213922], [-74.1823186, 4.6213268], [-74.1823497, 4.6212772], [-74.1824222, 4.6211516], [-74.182474, 4.6210446], [-74.1825026, 4.6209832], [-74.1825827, 4.6208588], [-74.1828203, 4.6202977], [-74.1828664, 4.6201987], [-74.1829818, 4.6199592], [-74.1830632, 4.6198229], [-74.1831265, 4.6197375], [-74.1831759, 4.6196785], [-74.1832402, 4.619609], [-74.1833583, 4.6195047], [-74.1834444, 4.6194423]]}}, {"type": "Feature", "properties": {"highway": "cycleway", "cycleway": null, "name": null}, "geometry": {"type": "LineString", "coordinates": [[-74.1868459, 4.6182837], [-74.1869399, 4.6183358], [-74.1869828, 4.6183478], [-74.1870365, 4.6183523], [-74.1870882, 4.6183479], [-74.1871709, 4.618333], [-74.187249, 4.6183142], [-74.1874593, 4.6182337], [-74.1875222, 4.6182096], [-74.187673, 4.6181504], [-74.1876866, 4.6181445], [-74.1879979, 4.6179726], [-74.1882651, 4.617822], [-74.1884759, 4.6176867]]}}, {"type": "Feature", "properties": {"highway": "cycleway", "cycleway": null, "name": null}, "geometry": {"type": "LineString", "coordinates": [[-74.1696714, 4.6271002], [-74.1697524, 4.6272203], [-74.1699095, 4.6274478], [-74.1699944, 4.6275874], [-74.1700435, 4.6276683], [-74.1701461, 4.6278342], [-74.170194, 4.6279564], [-74.1702178, 4.6280309], [-74.1702373, 4.6281138], [-74.1702458, 4.6281788], [-74.1702478, 4.6282416]]}}, {"type": "Feature", "properties": {"highway": "cycleway", "cycleway": null, "name": null}, "geometry": {"type": "LineString", "coordinates": [[-74.1659177, 4.6322622], [-74.1657478, 4.6324007], [-74.1657055, 4.6324351], [-74.1655263, 4.6325865], [-74.1653614, 4.6327257], [-74.1651662, 4.6328907], [-74.1649704, 4.633056], [-74.1648248, 4.633179], [-74.1647729, 4.6332229], [-74.1647131, 4.6332734], [-74.1646293, 4.6333441], [-74.1645728, 4.6333918], [-74.1645083, 4.6334464], [-74.1643024, 4.6336202], [-74.1640259, 4.6338538], [-74.1637917, 4.6340516], [-74.1631723, 4.6345748]]}}, {"type": "Feature", "properties": {"highway": "cycleway", "cycleway": "crossing", "name": null}, "geometry": {"type": "LineString", "coordinates": [[-74.1706636, 4.6286622], [-74.1707561, 4.6286265], [-74.170919, 4.6285636], [-74.1709909, 4.6285359]]}}, {"type": "Feature", "properties": {"highway": "cycleway", "cycleway": null, "name": null}, "geometry": {"type": "LineString", "coordinates": [[-74.155918, 4.6399624], [-74.1558861, 4.6399857], [-74.1558174, 4.6400621], [-74.1558119, 4.6400823], [-74.1558134, 4.6401025], [-74.1558228, 4.6401322], [-74.1558496, 4.6402124], [-74.1558697, 4.6402882], [-74.1558713, 4.6402941], [-74.1558778, 4.6404036], [-74.1558671, 4.6405158], [-74.1558456, 4.6406121], [-74.1558116, 4.6406925], [-74.1557774, 4.6407574], [-74.1557611, 4.6408288], [-74.1557639, 4.640902], [-74.1557854, 4.6409721], [-74.1558243, 4.6410342], [-74.1558631, 4.6410729], [-74.1559087, 4.6411034], [-74.1559593, 4.6411246], [-74.1560283, 4.6411369], [-74.1560925, 4.6411341], [-74.1561753, 4.6411223], [-74.156253, 4.6411102], [-74.1563516, 4.6410868], [-74.1564419, 4.6410605], [-74.156551, 4.6410116], [-74.1566514, 4.6409467], [-74.1567407, 4.6408673], [-74.1568167, 4.6407752], [-74.1568777, 4.6406725], [-74.1569222, 4.6405618], [-74.1569493, 4.6404456], [-74.1569581, 4.6403381], [-74.1569633, 4.6402417]]}}, {"type": "Feature", "properties": {"highway": "cycleway", "cycleway": "crossing", "name": null}, "geometry": {"type": "LineString", "coordinates": [[-74.1558671, 4.6405158], [-74.155714, 4.6404922], [-74.1556396, 4.6404807]]}}, {"type": "Feature", "properties": {"highway": "cycleway", "cycleway": "crossing", "name": null}, "geometry": {"type": "LineString", "coordinates": [[-74.1571304, 4.6404838], [-74.157075, 4.6404721], [-74.1569493, 4.6404456]]}}, {"type": "Feature", "properties": {"highway": "cycleway", "cycleway": null, "name": null}, "geometry": {"type": "LineString", "coordinates": [[-74.0508331, 4.7274751], [-74.0507146, 4.7282163], [-74.0504695, 4.7296832], [-74.0503201, 4.7305841], [-74.050241, 4.7310605]]}}, {"type": "Feature", "properties": {"highway": "cycleway", "cycleway": null, "name": null}, "geometry": {"type": "LineString", "coordinates": [[-74.0500236, 4.7320952], [-74.049974, 4.7324065], [-74.0499117, 4.732811], [-74.0498139, 4.7333519], [-74.0497642, 4.7336381], [-74.0496903, 4.734042], [-74.0496709, 4.734148], [-74.049653, 4.7342459], [-74.049586, 4.7346174], [-74.0495931, 4.7346501], [-74.0496066, 4.734675], [-74.0496287, 4.7346956]]}}, {"type": "Feature", "properties": {"highway": "cycleway", "cycleway": null, "name": null}, "geometry": {"type": "LineString", "coordinates": [[-74.0516829, 4.7222911], [-74.0516612, 4.7224207], [-74.0515724, 4.7229064], [-74.0515067, 4.7232992], [-74.051495, 4.723369], [-74.051488, 4.7234111], [-74.0514709, 4.7235132], [-74.0514654, 4.7235461], [-74.0514353, 4.7237265], [-74.0513636, 4.7242249], [-74.0512833, 4.724675], [-74.0511546, 4.7254499], [-74.0510249, 4.7262749]]}}, {"type": "Feature", "properties": {"highway": "cycleway", "cycleway": null, "name": null}, "geometry": {"type": "LineString", "coordinates": [[-74.1690188, 4.6941808], [-74.1688667, 4.6940461], [-74.1682598, 4.6935111], [-74.1680118, 4.6933002], [-74.1675458, 4.6928777], [-74.1669974, 4.6923963], [-74.1667158, 4.6921612], [-74.1660207, 4.6916366], [-74.165022, 4.6908677], [-74.1648798, 4.6907768], [-74.1648143, 4.690735], [-74.1647413, 4.6906884], [-74.1637553, 4.6899138], [-74.1635028, 4.6897158], [-74.1630352, 4.6893589], [-74.1626071, 4.6890321], [-74.1624601, 4.6889192], [-74.1620842, 4.6886308], [-74.1618472, 4.6884489], [-74.1609877, 4.6877875], [-74.160954, 4.6877614], [-74.1600043, 4.6870242], [-74.1597842, 4.6868533], [-74.1597429, 4.6868221], [-74.1596724, 4.6867688], [-74.1593996, 4.6865629]]}}, {"type": "Feature", "properties": {"highway": "cycleway", "cycleway": null, "name": null}, "geometry": {"type": "LineString", "coordinates": [[-74.1593996, 4.6865629], [-74.1593536, 4.6865106], [-74.1589386, 4.6860485], [-74.1582305, 4.6852686], [-74.1578065, 4.6846827], [-74.1567876, 4.682965], [-74.1567021, 4.6828208], [-74.1566819, 4.6827855], [-74.1558579, 4.681383], [-74.1558377, 4.6812271], [-74.1557117, 4.6810113], [-74.1556833, 4.6809873], [-74.1555814, 4.680901]]}}, {"type": "Feature", "properties": {"highway": "cycleway", "cycleway": null, "name": null}, "geometry": {"type": "LineString", "coordinates": [[-74.1529928, 4.6738871], [-74.1530028, 4.673919], [-74.1530343, 4.6740192], [-74.1530619, 4.6740568]]}}, {"type": "Feature", "properties": {"highway": "cycleway", "cycleway": null, "name": null}, "geometry": {"type": "LineString", "coordinates": [[-74.1520707, 4.6708084], [-74.152089, 4.6708471], [-74.1521255, 4.6709242], [-74.1521596, 4.6709961]]}}, {"type": "Feature", "properties": {"highway": "cycleway", "cycleway": null, "name": "Alameda El Porvenir"}, "geometry": {"type": "LineString", "coordinates": [[-74.1507469, 4.6675753], [-74.1507398, 4.6676227], [-74.1507382, 4.6676674], [-74.1507349, 4.6677702]]}}, {"type": "Feature", "properties": {"highway": "cycleway", "cycleway": null, "name": null}, "geometry": {"type": "LineString", "coordinates": [[-74.0463591, 4.7503832], [-74.04645, 4.7506313], [-74.0464661, 4.7507796], [-74.0464135, 4.7510928], [-74.0463739, 4.7512674], [-74.0463091, 4.7514828], [-74.0462792, 4.7515769], [-74.046167, 4.7520066], [-74.046149, 4.7520634], [-74.0461317, 4.7521044], [-74.0461053, 4.7521398], [-74.0460637, 4.7521787], [-74.0460107, 4.7522095]]}}, {"type": "Feature", "properties": {"highway": "cycleway", "cycleway": null, "name": null}, "geometry": {"type": "LineString", "coordinates": [[-74.0474806, 4.7424727], [-74.0473729, 4.7430902], [-74.0472768, 4.7437227], [-74.0472281, 4.7439998], [-74.0471694, 4.7443341], [-74.0471651, 4.7443636], [-74.0471567, 4.7444074], [-74.0470185, 4.7451993], [-74.0470091, 4.7452529], [-74.0470035, 4.7452918], [-74.0469984, 4.7453254], [-74.0468666, 4.7461946], [-74.0467984, 4.746392], [-74.046783, 4.7464607], [-74.0467486, 4.74666], [-74.0467168, 4.7468287], [-74.0467121, 4.7468582], [-74.0467272, 4.7469348], [-74.04674, 4.7470116], [-74.0467082, 4.747203], [-74.0466392, 4.7475761], [-74.0466063, 4.7477895], [-74.0465896, 4.7479103], [-74.0465848, 4.7479451], [-74.0465726, 4.748033], [-74.0465506, 4.7481926], [-74.0464583, 4.7492708], [-74.0463925, 4.7499205], [-74.0463888, 4.7499824], [-74.0463866, 4.7500202], [-74.0463591, 4.7503832]]}}, {"type": "Feature", "properties": {"highway": "cycleway", "cycleway": null, "name": null}, "geometry": {"type": "LineString", "coordinates": [[-74.0480581, 4.738379], [-74.0481099, 4.7384679], [-74.0481167, 4.7385098], [-74.0481283, 4.7385821], [-74.0480626, 4.7390457], [-74.0479571, 4.7396701], [-74.0478455, 4.740282], [-74.047632, 4.741584], [-74.0476117, 4.7417035], [-74.0476048, 4.7417443], [-74.0476011, 4.7417665], [-74.0475926, 4.7418162], [-74.0475881, 4.741843], [-74.0475829, 4.7418738], [-74.0475757, 4.7419203], [-74.0475505, 4.7420649], [-74.0474806, 4.7424727]]}}, {"type": "Feature", "properties": {"highway": "cycleway", "cycleway": null, "name": null}, "geometry": {"type": "LineString", "coordinates": [[-74.05023, 4.7261028], [-74.050156, 4.7265608], [-74.0501163, 4.7268068], [-74.0500723, 4.7270793]]}}, {"type": "Feature", "properties": {"highway": "cycleway", "cycleway": null, "name": null}, "geometry": {"type": "LineString", "coordinates": [[-74.0504458, 4.7248511], [-74.0504403, 4.7248872], [-74.0504375, 4.7249054], [-74.0504363, 4.7249132], [-74.0503907, 4.7251824], [-74.05023, 4.7261028]]}}, {"type": "Feature", "properties": {"highway": "cycleway", "cycleway": null, "name": null}, "geometry": {"type": "LineString", "coordinates": [[-74.0504511, 4.7248195], [-74.0497912, 4.7247083], [-74.0497476, 4.7247013], [-74.0491335, 4.7246028], [-74.0478094, 4.7243805], [-74.0477747, 4.7243748], [-74.0463342, 4.7241379], [-74.0462537, 4.7241246], [-74.0461803, 4.7241114]]}}, {"type": "Feature", "properties": {"highway": "cycleway", "cycleway": null, "name": null}, "geometry": {"type": "LineString", "coordinates": [[-74.046168, 4.7241874], [-74.0462434, 4.7241988], [-74.0463227, 4.7242109], [-74.0468323, 4.7242882], [-74.0471371, 4.724343], [-74.047761, 4.7244443], [-74.0477978, 4.7244503], [-74.0491221, 4.7246666], [-74.0497342, 4.7247653], [-74.0497803, 4.7247727], [-74.0504403, 4.7248872]]}}, {"type": "Feature", "properties": {"highway": "cycleway", "cycleway": null, "name": null}, "geometry": {"type": "LineString", "coordinates": [[-74.0510193, 4.7212462], [-74.0510018, 4.7213469], [-74.0508806, 4.7220215]]}}, {"type": "Feature", "properties": {"highway": "cycleway", "cycleway": null, "name": null}, "geometry": {"type": "LineString", "coordinates": [[-74.0508044, 4.7196823], [-74.051069, 4.7198573], [-74.051138, 4.719917], [-74.0511547, 4.7199485], [-74.0511754, 4.7200023], [-74.0511867, 4.7200601], [-74.0511387, 4.720525], [-74.0510812, 4.7208703], [-74.0510352, 4.7211464], [-74.0510193, 4.7212462]]}}, {"type": "Feature", "properties": {"highway": "cycleway", "cycleway": "crossing", "name": null}, "geometry": {"type": "LineString", "coordinates": [[-74.1299833, 4.6461064], [-74.1300234, 4.6460721], [-74.1301154, 4.6459934], [-74.1302595, 4.6458701]]}}, {"type": "Feature", "properties": {"highway": "cycleway", "cycleway": "crossing", "name": null}, "geometry": {"type": "LineString", "coordinates": [[-74.123644, 4.6359075], [-74.1236007, 4.6358898], [-74.1234687, 4.6358359], [-74.1234144, 4.6358137], [-74.1233631, 4.6357927]]}}, {"type": "Feature", "properties": {"highway": "cycleway", "cycleway": null, "name": null}, "geometry": {"type": "LineString", "coordinates": [[-74.1324644, 4.6459387], [-74.1309541, 4.6436021]]}}, {"type": "Feature", "properties": {"highway": "cycleway", "cycleway": null, "name": null}, "geometry": {"type": "LineString", "coordinates": [[-74.1360719, 4.6393464], [-74.1361754, 4.6391267], [-74.1362511, 4.6389529], [-74.1363756, 4.6386905], [-74.1365019, 4.6384259], [-74.136565, 4.6382794], [-74.1367418, 4.6378647], [-74.1368886, 4.6373966], [-74.1370738, 4.6368377], [-74.1370782, 4.6368246], [-74.1370881, 4.6367947], [-74.1371311, 4.6366697], [-74.1371414, 4.6366365], [-74.1372447, 4.636305], [-74.1372981, 4.6361256], [-74.1374272, 4.635538], [-74.1374496, 4.635411], [-74.1375584, 4.6347929], [-74.1376257, 4.6343229], [-74.1377056, 4.6337403], [-74.1377271, 4.6335832], [-74.1378168, 4.6326957], [-74.1378599, 4.6322553], [-74.1378967, 4.6319063], [-74.1379089, 4.6318482], [-74.1379499, 4.6317836], [-74.1379804, 4.6317418], [-74.1380078, 4.6317139]]}}, {"type": "Feature", "properties": {"highway": "cycleway", "cycleway": null, "name": null}, "geometry": {"type": "LineString", "coordinates": [[-74.1380078, 4.6317139], [-74.1380127, 4.6316579], [-74.138037, 4.6313773], [-74.1380487, 4.6312427]]}}, {"type": "Feature", "properties": {"highway": "cycleway", "cycleway": null, "name": null}, "geometry": {"type": "LineString", "coordinates": [[-74.0918807, 4.7543402], [-74.0918944, 4.7544485], [-74.0918853, 4.7545172], [-74.0915919, 4.7550667], [-74.0915126, 4.755219], [-74.0912599, 4.7556895], [-74.0910334, 4.7561438], [-74.0909502, 4.7563086], [-74.0907978, 4.7566104], [-74.0904732, 4.7572016], [-74.0903191, 4.7574613], [-74.0902936, 4.7575042], [-74.0902754, 4.7575392], [-74.090137, 4.7578129], [-74.0899006, 4.7582836], [-74.0897397, 4.7584915]]}}, {"type": "Feature", "properties": {"highway": "cycleway", "cycleway": null, "name": null}, "geometry": {"type": "LineString", "coordinates": [[-74.0919972, 4.7540946], [-74.0920149, 4.7541225], [-74.0920363, 4.7541562]]}}, {"type": "Feature", "properties": {"highway": "cycleway", "cycleway": null, "name": null}, "geometry": {"type": "LineString", "coordinates": [[-74.0920363, 4.7541562], [-74.0920093, 4.7542316], [-74.0919727, 4.7543341]]}}, {"type": "Feature", "properties": {"highway": "cycleway", "cycleway": null, "name": null}, "geometry": {"type": "LineString", "coordinates": [[-74.0919727, 4.7543341], [-74.0919281, 4.7543371], [-74.0918807, 4.7543402]]}}, {"type": "Feature", "properties": {"highway": "cycleway", "cycleway": null, "name": null}, "geometry": {"type": "LineString", "coordinates": [[-74.0372418, 4.7394956], [-74.0372272, 4.7395419], [-74.0368439, 4.740793], [-74.0367331, 4.7411651]]}}, {"type": "Feature", "properties": {"highway": "cycleway", "cycleway": null, "name": null}, "geometry": {"type": "LineString", "coordinates": [[-74.0429348, 4.7406977], [-74.0429074, 4.7406962], [-74.0428495, 4.740693]]}}, {"type": "Feature", "properties": {"highway": "cycleway", "cycleway": null, "name": null}, "geometry": {"type": "LineString", "coordinates": [[-74.0428495, 4.740693], [-74.0429026, 4.7407165], [-74.0429283, 4.7407278]]}}, {"type": "Feature", "properties": {"highway": "cycleway", "cycleway": null, "name": null}, "geometry": {"type": "LineString", "coordinates": [[-74.0379049, 4.7395987], [-74.0379444, 4.7396013], [-74.037979, 4.7396032]]}}, {"type": "Feature", "properties": {"highway": "cycleway", "cycleway": null, "name": null}, "geometry": {"type": "LineString", "coordinates": [[-74.0428495, 4.740693], [-74.0428471, 4.7406451], [-74.0428453, 4.7406076]]}}, {"type": "Feature", "properties": {"highway": "cycleway", "cycleway": null, "name": null}, "geometry": {"type": "LineString", "coordinates": [[-74.0712817, 4.7263232], [-74.0711869, 4.7263632], [-74.0708217, 4.7268634], [-74.0706154, 4.7271298], [-74.0702188, 4.7276421], [-74.0700025, 4.7279116], [-74.0698218, 4.7281852], [-74.0694139, 4.7288583], [-74.0690218, 4.7294803], [-74.0690019, 4.7295317], [-74.0689928, 4.7295831], [-74.0690036, 4.7296702]]}}, {"type": "Feature", "properties": {"highway": "cycleway", "cycleway": null, "name": null}, "geometry": {"type": "LineString", "coordinates": [[-74.0690036, 4.7296702], [-74.06895, 4.7296979], [-74.0689177, 4.7297146]]}}, {"type": "Feature", "properties": {"highway": "cycleway", "cycleway": null, "name": null}, "geometry": {"type": "LineString", "coordinates": [[-74.0689177, 4.7297146], [-74.0688796, 4.7298014], [-74.0688533, 4.7298626], [-74.0688345, 4.7299058]]}}, {"type": "Feature", "properties": {"highway": "cycleway", "cycleway": null, "name": null}, "geometry": {"type": "LineString", "coordinates": [[-74.0683816, 4.7295151], [-74.0683575, 4.7295832], [-74.068339, 4.7296353], [-74.068321, 4.729686]]}}, {"type": "Feature", "properties": {"highway": "cycleway", "cycleway": null, "name": null}, "geometry": {"type": "LineString", "coordinates": [[-74.0560767, 4.6966876], [-74.0561997, 4.69658]]}}, {"type": "Feature", "properties": {"highway": "cycleway", "cycleway": null, "name": null}, "geometry": {"type": "LineString", "coordinates": [[-74.0548553, 4.6971775], [-74.0548747, 4.6971553], [-74.0548941, 4.6971423], [-74.054913, 4.697134], [-74.0549351, 4.6971303], [-74.0550563, 4.6971465]]}}, {"type": "Feature", "properties": {"highway": "cycleway", "cycleway": null, "name": null}, "geometry": {"type": "LineString", "coordinates": [[-74.0702233, 4.6100717], [-74.0702296, 4.6100456]]}}, {"type": "Feature", "properties": {"highway": "cycleway", "cycleway": null, "name": null}, "geometry": {"type": "LineString", "coordinates": [[-74.0702296, 4.6100456], [-74.070237, 4.6100181]]}}, {"type": "Feature", "properties": {"highway": "cycleway", "cycleway": null, "name": null}, "geometry": {"type": "LineString", "coordinates": [[-74.0740916, 4.6125134], [-74.0733386, 4.6119502], [-74.0732847, 4.61191], [-74.0726113, 4.6113974]]}}, {"type": "Feature", "properties": {"highway": "cycleway", "cycleway": null, "name": null}, "geometry": {"type": "LineString", "coordinates": [[-74.0789055, 4.6193623], [-74.0785903, 4.6189134], [-74.0783275, 4.6185084], [-74.0783166, 4.6184941], [-74.0782872, 4.6184577], [-74.0782694, 4.6184307], [-74.0782522, 4.6184055], [-74.0782395, 4.6183883], [-74.0781109, 4.6181956], [-74.0779138, 4.6179075], [-74.0777247, 4.6176261], [-74.0771873, 4.6168574], [-74.0771676, 4.6168272], [-74.0771479, 4.6167967], [-74.0770199, 4.6165942], [-74.0768922, 4.6163937], [-74.0768198, 4.6162643], [-74.0767685, 4.6161591], [-74.0766967, 4.6160137], [-74.0766313, 4.6158757], [-74.0765834, 4.6157864], [-74.0764825, 4.6156361], [-74.0763183, 4.6153922], [-74.0758967, 4.6147769], [-74.0757553, 4.6145783], [-74.0755004, 4.6142147], [-74.0753466, 4.6139965]]}}, {"type": "Feature", "properties": {"highway": "cycleway", "cycleway": null, "name": null}, "geometry": {"type": "LineString", "coordinates": [[-74.0795982, 4.620306], [-74.0794947, 4.6203613], [-74.0794178, 4.6204026], [-74.0793861, 4.6203569], [-74.0793542, 4.6202988], [-74.0789776, 4.6196762], [-74.0789504, 4.6196313], [-74.0789054, 4.6195703], [-74.0788921, 4.6195497], [-74.0789538, 4.619509], [-74.0788934, 4.6193686], [-74.0789055, 4.6193623]]}}, {"type": "Feature", "properties": {"highway": "cycleway", "cycleway": null, "name": null}, "geometry": {"type": "LineString", "coordinates": [[-74.0723287, 4.6314919], [-74.0722859, 4.6317313], [-74.0722783, 4.6317748], [-74.0721478, 4.6325244], [-74.0721217, 4.6326718], [-74.0720195, 4.6332219]]}}, {"type": "Feature", "properties": {"highway": "cycleway", "cycleway": null, "name": null}, "geometry": {"type": "LineString", "coordinates": [[-74.046873, 4.7517683], [-74.0470874, 4.7525669]]}}, {"type": "Feature", "properties": {"highway": "cycleway", "cycleway": "crossing", "name": null}, "geometry": {"type": "LineString", "coordinates": [[-74.0470874, 4.7525669], [-74.0471391, 4.7527325], [-74.0471839, 4.7528757], [-74.047207, 4.7529496]]}}, {"type": "Feature", "properties": {"highway": "cycleway", "cycleway": null, "name": "Alameda el Porvenir"}, "geometry": {"type": "LineString", "coordinates": [[-74.1759759, 4.6445675], [-74.1760768, 4.6446091], [-74.1762977, 4.6444977], [-74.1765383, 4.6443692], [-74.1770554, 4.6440931], [-74.1772387, 4.6440405], [-74.1773946, 4.6439947], [-74.1779317, 4.6437202], [-74.178523, 4.6434203]]}}, {"type": "Feature", "properties": {"highway": "cycleway", "cycleway": null, "name": null}, "geometry": {"type": "LineString", "coordinates": [[-74.0930365, 4.5966406], [-74.0927626, 4.5968412], [-74.0926403, 4.5969299], [-74.0924449, 4.5970645], [-74.0922903, 4.5971555], [-74.0920183, 4.5973099]]}}, {"type": "Feature", "properties": {"highway": "cycleway", "cycleway": null, "name": null}, "geometry": {"type": "LineString", "coordinates": [[-74.0944213, 4.5954536], [-74.0942833, 4.5955888], [-74.0939416, 4.5959238], [-74.0938104, 4.5960454], [-74.0936208, 4.596195]]}}, {"type": "Feature", "properties": {"highway": "cycleway", "cycleway": null, "name": null}, "geometry": {"type": "LineString", "coordinates": [[-74.0848533, 4.6915735], [-74.0842684, 4.6908554], [-74.0841606, 4.6907179], [-74.084036, 4.6905595], [-74.0836497, 4.690073], [-74.0833706, 4.6897245], [-74.0831477, 4.6894448], [-74.0827798, 4.6889798], [-74.0824545, 4.6885677], [-74.0823815, 4.6884774]]}}, {"type": "Feature", "properties": {"highway": "cycleway", "cycleway": null, "name": null}, "geometry": {"type": "LineString", "coordinates": [[-74.1259571, 4.645161], [-74.1259725, 4.6451977]]}}, {"type": "Feature", "properties": {"highway": "cycleway", "cycleway": null, "name": null}, "geometry": {"type": "LineString", "coordinates": [[-74.1299833, 4.6461064], [-74.1294607, 4.6454435], [-74.1292255, 4.6451451], [-74.1291805, 4.645088], [-74.1291585, 4.6450685], [-74.1291229, 4.6450563], [-74.1290812, 4.6450496], [-74.1269425, 4.645792], [-74.1268341, 4.6458297]]}}, {"type": "Feature", "properties": {"highway": "cycleway", "cycleway": null, "name": null}, "geometry": {"type": "LineString", "coordinates": [[-74.1266867, 4.6458377], [-74.12675, 4.6458456], [-74.1267841, 4.6458445], [-74.1268341, 4.6458297]]}}, {"type": "Feature", "properties": {"highway": "cycleway", "cycleway": null, "name": null}, "geometry": {"type": "LineString", "coordinates": [[-74.1016472, 4.702256], [-74.1015649, 4.7021983], [-74.101527, 4.7021666]]}}, {"type": "Feature", "properties": {"highway": "cycleway", "cycleway": null, "name": null}, "geometry": {"type": "LineString", "coordinates": [[-74.2009356, 4.6332118], [-74.2010244, 4.6331645], [-74.2011317, 4.6333543], [-74.2012444, 4.6335521], [-74.2013839, 4.6337526], [-74.2014777, 4.6339638], [-74.2016145, 4.6342312], [-74.2019158, 4.6348307], [-74.202049, 4.6351027], [-74.2020596, 4.6351195], [-74.2022234, 4.6353808], [-74.2023253, 4.6355519], [-74.2023656, 4.6356214], [-74.2022819, 4.6356829]]}}, {"type": "Feature", "properties": {"highway": "cycleway", "cycleway": null, "name": null}, "geometry": {"type": "LineString", "coordinates": [[-74.1272859, 4.6529082], [-74.1273026, 4.6529297], [-74.127322, 4.6529545], [-74.1273502, 4.6529908]]}}, {"type": "Feature", "properties": {"highway": "cycleway", "cycleway": null, "name": null}, "geometry": {"type": "LineString", "coordinates": [[-74.1931785, 4.615197], [-74.1935517, 4.6155526], [-74.1936362, 4.6156704], [-74.1936912, 4.6158103], [-74.1937169, 4.6159535], [-74.1937116, 4.6160678], [-74.1936832, 4.6162348], [-74.193617, 4.6164742], [-74.1935957, 4.6165617], [-74.1935781, 4.6166338]]}}, {"type": "Feature", "properties": {"highway": "cycleway", "cycleway": null, "name": null}, "geometry": {"type": "LineString", "coordinates": [[-74.1721029, 4.6131737], [-74.1723573, 4.6131481], [-74.1725295, 4.6131497], [-74.1726471, 4.6131564], [-74.1728048, 4.6131795], [-74.1729395, 4.6132127], [-74.1731346, 4.6132633], [-74.1731582, 4.6132713], [-74.173357, 4.6133374], [-74.1734735, 4.6133982], [-74.1736095, 4.6134698], [-74.1737142, 4.6135345], [-74.1739966, 4.6137422], [-74.174268, 4.613941], [-74.1743801, 4.6140227], [-74.1744795, 4.6140928], [-74.1745665, 4.6141536], [-74.1746167, 4.6141848], [-74.1746445, 4.6141975], [-74.174686, 4.6142214], [-74.1747279, 4.6142369], [-74.1747563, 4.6142399]]}}, {"type": "Feature", "properties": {"highway": "cycleway", "cycleway": null, "name": null}, "geometry": {"type": "LineString", "coordinates": [[-74.0699086, 4.6411123], [-74.0703106, 4.6411869], [-74.0707798, 4.641274], [-74.0712152, 4.6413548], [-74.0712816, 4.6413671], [-74.0713746, 4.6413844], [-74.0718978, 4.6414807], [-74.0719564, 4.6414914], [-74.072062, 4.6415109], [-74.0721684, 4.6415305], [-74.073444, 4.6417652], [-74.073481, 4.641772], [-74.0738754, 4.6418446]]}}, {"type": "Feature", "properties": {"highway": "cycleway", "cycleway": null, "name": null}, "geometry": {"type": "LineString", "coordinates": [[-74.1534916, 4.6116934], [-74.153451, 4.6117257], [-74.153419, 4.6117511]]}}, {"type": "Feature", "properties": {"highway": "cycleway", "cycleway": null, "name": null}, "geometry": {"type": "LineString", "coordinates": [[-74.1112981, 4.6611014], [-74.1112784, 4.6611235], [-74.1112612, 4.6611459], [-74.1111885, 4.6612226]]}}, {"type": "Feature", "properties": {"highway": "cycleway", "cycleway": "crossing", "name": null}, "geometry": {"type": "LineString", "coordinates": [[-74.2045094, 4.6223637], [-74.2044393, 4.6220268], [-74.2043452, 4.6216869], [-74.2042057, 4.6212252], [-74.2038027, 4.6200385], [-74.2037178, 4.6197887]]}}, {"type": "Feature", "properties": {"highway": "cycleway", "cycleway": null, "name": null}, "geometry": {"type": "LineString", "coordinates": [[-74.2037178, 4.6197887], [-74.2036589, 4.6195898], [-74.203646, 4.619335], [-74.2036485, 4.6190597], [-74.2036481, 4.6188583], [-74.2036588, 4.6186605], [-74.2037124, 4.6186017], [-74.2037956, 4.6182889], [-74.2038921, 4.6180696], [-74.2040021, 4.6179226], [-74.2040638, 4.6178665], [-74.2041496, 4.6177996], [-74.2048121, 4.617575], [-74.2048235, 4.6175301]]}}, {"type": "Feature", "properties": {"highway": "cycleway", "cycleway": null, "name": null}, "geometry": {"type": "LineString", "coordinates": [[-74.1080407, 4.6282918], [-74.1079247, 4.6282468], [-74.1076619, 4.6282507], [-74.1074941, 4.6283436], [-74.1068761, 4.628575], [-74.1063599, 4.628663], [-74.1063047, 4.6286819]]}}, {"type": "Feature", "properties": {"highway": "cycleway", "cycleway": null, "name": null}, "geometry": {"type": "LineString", "coordinates": [[-74.1874104, 4.6379521], [-74.1874411, 4.6379261], [-74.1874632, 4.6379001], [-74.1874834, 4.6378734], [-74.1874987, 4.637848], [-74.1875136, 4.6378045], [-74.1875224, 4.6377622], [-74.1875218, 4.6377423], [-74.1875211, 4.6377175], [-74.1875136, 4.6376839], [-74.1870821, 4.6367934], [-74.1870604, 4.6367509], [-74.1866301, 4.6359076], [-74.1861618, 4.6349861], [-74.1861481, 4.634959]]}}, {"type": "Feature", "properties": {"highway": "cycleway", "cycleway": "crossing", "name": null}, "geometry": {"type": "LineString", "coordinates": [[-74.1876134, 4.6381413], [-74.1875841, 4.6380809], [-74.1875387, 4.6379874], [-74.1874834, 4.6378734]]}}, {"type": "Feature", "properties": {"highway": "cycleway", "cycleway": "crossing", "name": "Calle 81 Sur"}, "geometry": {"type": "LineString", "coordinates": [[-74.2046919, 4.6169254], [-74.204744, 4.6168853], [-74.2048132, 4.616785], [-74.2048566, 4.6166669], [-74.2048702, 4.6166144], [-74.2049062, 4.6165058]]}}, {"type": "Feature", "properties": {"highway": "cycleway", "cycleway": null, "name": null}, "geometry": {"type": "LineString", "coordinates": [[-74.2106673, 4.6060275], [-74.2105899, 4.6061102], [-74.2105629, 4.6061539], [-74.2105413, 4.6061896], [-74.2105252, 4.6062128], [-74.2105104, 4.6062497], [-74.2105051, 4.6062764], [-74.2105024, 4.6063058], [-74.2105145, 4.6063406], [-74.2105426, 4.6063767], [-74.2105267, 4.6063931], [-74.2104802, 4.6064305]]}}, {"type": "Feature", "properties": {"highway": "cycleway", "cycleway": null, "name": null}, "geometry": {"type": "LineString", "coordinates": [[-74.0405638, 4.7642967], [-74.0405447, 4.7643057], [-74.0405406, 4.7643182], [-74.039681, 4.7669205], [-74.0396252, 4.7670811], [-74.039156, 4.7684313], [-74.0391146, 4.7685504], [-74.0390435, 4.7687551], [-74.0390368, 4.7687798], [-74.0385247, 4.7706562], [-74.0385137, 4.7706954], [-74.038472, 4.7708445], [-74.0384381, 4.7710241], [-74.0384335, 4.7711347], [-74.0384427, 4.7712728], [-74.0384689, 4.7713987], [-74.0392838, 4.7739563], [-74.0398153, 4.7756727], [-74.0402975, 4.7772263], [-74.0407323, 4.7780863], [-74.0407438, 4.7781091], [-74.0407557, 4.7781326], [-74.0408516, 4.7783223], [-74.0411943, 4.7790002], [-74.0412187, 4.7790485], [-74.0412369, 4.7790449], [-74.0415195, 4.7789892], [-74.0415376, 4.7789856]]}}, {"type": "Feature", "properties": {"highway": "cycleway", "cycleway": null, "name": null}, "geometry": {"type": "LineString", "coordinates": [[-74.0405447, 4.7643057], [-74.040585, 4.7642087], [-74.0406199, 4.7641248], [-74.0406816, 4.7639762], [-74.0407178, 4.763875], [-74.04074, 4.7637947], [-74.0407482, 4.7637179], [-74.040786, 4.7631463], [-74.0407902, 4.7630827], [-74.0407283, 4.7629326], [-74.0407893, 4.7604447]]}}, {"type": "Feature", "properties": {"highway": "cycleway", "cycleway": null, "name": null}, "geometry": {"type": "LineString", "coordinates": [[-74.1034045, 4.6997046], [-74.1031854, 4.7000361], [-74.1028472, 4.7004698], [-74.1025958, 4.700804], [-74.1022611, 4.7012374], [-74.1019275, 4.7016456], [-74.101527, 4.7021666], [-74.1014337, 4.702288], [-74.1013032, 4.7024554], [-74.1012163, 4.7025311], [-74.1011763, 4.7025589], [-74.1011248, 4.7025838], [-74.1010236, 4.702615], [-74.1009656, 4.7026213], [-74.1008894, 4.7026171], [-74.1007917, 4.7026102]]}}, {"type": "Feature", "properties": {"highway": "cycleway", "cycleway": null, "name": null}, "geometry": {"type": "LineString", "coordinates": [[-74.1038435, 4.6990826], [-74.1037795, 4.6991733], [-74.10348, 4.6995976], [-74.1034045, 4.6997046]]}}, {"type": "Feature", "properties": {"highway": "cycleway", "cycleway": "crossing", "name": null}, "geometry": {"type": "LineString", "coordinates": [[-74.1197622, 4.5336312], [-74.1197094, 4.5336235], [-74.1196623, 4.5336166]]}}, {"type": "Feature", "properties": {"highway": "cycleway", "cycleway": null, "name": null}, "geometry": {"type": "LineString", "coordinates": [[-74.1203897, 4.5433329], [-74.1204406, 4.5432821], [-74.1204487, 4.54325], [-74.1204566, 4.5431757], [-74.1204541, 4.5428756], [-74.1204697, 4.5426301], [-74.1204718, 4.5425974], [-74.1204594, 4.542135], [-74.1204361, 4.5418042], [-74.1204302, 4.5417196], [-74.120387, 4.5411056], [-74.1203575, 4.5406831], [-74.1203495, 4.5404452], [-74.120336, 4.5399559], [-74.1203414, 4.5391484], [-74.1203364, 4.5389282], [-74.1203334, 4.5387981], [-74.1203065, 4.5377206], [-74.1202797, 4.5375441], [-74.1202207, 4.5373275], [-74.1201617, 4.5371724], [-74.120049, 4.5369398], [-74.1200169, 4.5368997], [-74.1199847, 4.5368168], [-74.119982, 4.536774], [-74.1199391, 4.536643], [-74.1199176, 4.5365093], [-74.1199096, 4.536389], [-74.1199176, 4.5362901], [-74.1199444, 4.5361457], [-74.1199847, 4.5360174], [-74.1203226, 4.5353088], [-74.1204299, 4.5350628], [-74.1204728, 4.5349184], [-74.1204916, 4.5348115], [-74.120497, 4.5347232], [-74.1204862, 4.5346029], [-74.1204541, 4.5345013], [-74.1204085, 4.534397], [-74.1203467, 4.5342634], [-74.1202529, 4.534127], [-74.1201751, 4.5340387], [-74.1200892, 4.5339719], [-74.1200356, 4.5339399], [-74.1199699, 4.5339064]]}}, {"type": "Feature", "properties": {"highway": "cycleway", "cycleway": "crossing", "name": null}, "geometry": {"type": "LineString", "coordinates": [[-74.1204487, 4.5438061], [-74.1204954, 4.5437508], [-74.1205479, 4.5436885]]}}, {"type": "Feature", "properties": {"highway": "cycleway", "cycleway": null, "name": null}, "geometry": {"type": "LineString", "coordinates": [[-74.1205479, 4.5436885], [-74.1204509, 4.5434706]]}}, {"type": "Feature", "properties": {"highway": "cycleway", "cycleway": null, "name": "Ciclov\u00eda La Finca"}, "geometry": {"type": "LineString", "coordinates": [[-74.2453521, 4.7349376], [-74.2463722, 4.7343824], [-74.2464367, 4.7343435], [-74.2490149, 4.7328666], [-74.2490968, 4.7328208], [-74.2501289, 4.7322451], [-74.2501913, 4.7322093]]}}, {"type": "Feature", "properties": {"highway": "cycleway", "cycleway": null, "name": null}, "geometry": {"type": "LineString", "coordinates": [[-74.2510316, 4.7250449], [-74.2509371, 4.725122], [-74.2502216, 4.725706], [-74.2501984, 4.725725], [-74.250131, 4.7257799], [-74.2500724, 4.7258264], [-74.2500403, 4.7258519], [-74.2493527, 4.7263974], [-74.2492305, 4.7264943], [-74.2491792, 4.7265367], [-74.2483744, 4.7272008], [-74.2483448, 4.7272252], [-74.2482478, 4.7273101]]}}, {"type": "Feature", "properties": {"highway": "cycleway", "cycleway": null, "name": null}, "geometry": {"type": "LineString", "coordinates": [[-74.0726242, 4.66822], [-74.0725259, 4.6683358], [-74.0720742, 4.6688675]]}}, {"type": "Feature", "properties": {"highway": "cycleway", "cycleway": null, "name": null}, "geometry": {"type": "LineString", "coordinates": [[-74.115836, 4.6141601], [-74.1156557, 4.6142311], [-74.1154553, 4.6143099], [-74.1151075, 4.6144485], [-74.1150508, 4.6144691], [-74.1150135, 4.614483]]}}, {"type": "Feature", "properties": {"highway": "cycleway", "cycleway": null, "name": null}, "geometry": {"type": "LineString", "coordinates": [[-74.1232128, 4.6981933], [-74.1232264, 4.698117], [-74.1232213, 4.6980361], [-74.1231741, 4.6979435], [-74.1231383, 4.6978959], [-74.1230852, 4.6978472], [-74.1229245, 4.6977492], [-74.1221904, 4.6973247], [-74.1213687, 4.6968449], [-74.1208446, 4.6965288], [-74.1199279, 4.6959906], [-74.1199163, 4.6959837], [-74.1190426, 4.6954604], [-74.1182991, 4.6950152], [-74.1180551, 4.6948717], [-74.1180017, 4.6948415], [-74.1178847, 4.6947683], [-74.1166052, 4.6940112], [-74.1165651, 4.6939871]]}}, {"type": "Feature", "properties": {"highway": "cycleway", "cycleway": null, "name": null}, "geometry": {"type": "LineString", "coordinates": [[-74.1165651, 4.6939871], [-74.1165253, 4.6939643], [-74.1164812, 4.6939374], [-74.1149153, 4.6929914], [-74.1137726, 4.6923113], [-74.1123116, 4.6914305], [-74.1108796, 4.690556], [-74.1094446, 4.6896775]]}}, {"type": "Feature", "properties": {"highway": "cycleway", "cycleway": null, "name": null}, "geometry": {"type": "LineString", "coordinates": [[-74.096596, 4.6932856], [-74.0965331, 4.6933852], [-74.0963318, 4.6937004], [-74.0961609, 4.6939308], [-74.0939898, 4.6967691], [-74.0937145, 4.6971092], [-74.0936252, 4.6971871], [-74.0934889, 4.6972891], [-74.0933857, 4.6973491], [-74.0933017, 4.6973827]]}}, {"type": "Feature", "properties": {"highway": "cycleway", "cycleway": null, "name": null}, "geometry": {"type": "LineString", "coordinates": [[-74.1073747, 4.7450988], [-74.1074013, 4.7450792], [-74.1074239, 4.7450626]]}}, {"type": "Feature", "properties": {"highway": "cycleway", "cycleway": null, "name": null}, "geometry": {"type": "LineString", "coordinates": [[-74.1042215, 4.7437332], [-74.1042364, 4.7437829]]}}, {"type": "Feature", "properties": {"highway": "cycleway", "cycleway": null, "name": null}, "geometry": {"type": "LineString", "coordinates": [[-74.1044997, 4.7438933], [-74.1045461, 4.7438646]]}}, {"type": "Feature", "properties": {"highway": "cycleway", "cycleway": null, "name": null}, "geometry": {"type": "LineString", "coordinates": [[-74.1020192, 4.7429951], [-74.102051, 4.7429722], [-74.102068, 4.7429606]]}}, {"type": "Feature", "properties": {"highway": "cycleway", "cycleway": null, "name": null}, "geometry": {"type": "LineString", "coordinates": [[-74.101052, 4.7426797], [-74.1011221, 4.7426359]]}}, {"type": "Feature", "properties": {"highway": "cycleway", "cycleway": null, "name": null}, "geometry": {"type": "LineString", "coordinates": [[-74.0687175, 4.6174265], [-74.0688323, 4.6169524], [-74.0689462, 4.616531], [-74.068967, 4.6164435], [-74.0690149, 4.6162348], [-74.0690317, 4.6161717], [-74.0690518, 4.6160628], [-74.069081, 4.6159039], [-74.0691782, 4.6156013], [-74.0692486, 4.6153841], [-74.0692709, 4.6153141], [-74.0693491, 4.6150681], [-74.0693914, 4.6149354], [-74.0695069, 4.6145838], [-74.0695136, 4.6145685], [-74.0696294, 4.6142929], [-74.0697405, 4.6140203], [-74.069834, 4.6137834], [-74.0699507, 4.6135568], [-74.0700115, 4.6134392], [-74.0701337, 4.6131987], [-74.0703353, 4.6128763], [-74.0704591, 4.6126658], [-74.0705074, 4.6125861], [-74.0706457, 4.6123583]]}}, {"type": "Feature", "properties": {"highway": "cycleway", "cycleway": null, "name": null}, "geometry": {"type": "LineString", "coordinates": [[-74.0687812, 4.6176136], [-74.068759, 4.6175484], [-74.068748, 4.6175162], [-74.0687389, 4.6174895], [-74.0687175, 4.6174265]]}}, {"type": "Feature", "properties": {"highway": "cycleway", "cycleway": null, "name": null}, "geometry": {"type": "LineString", "coordinates": [[-74.0687468, 4.6178642], [-74.068762, 4.6177532], [-74.0687688, 4.6177036], [-74.0687707, 4.6176901], [-74.0687812, 4.6176136]]}}, {"type": "Feature", "properties": {"highway": "cycleway", "cycleway": null, "name": null}, "geometry": {"type": "LineString", "coordinates": [[-74.0686915, 4.6177821], [-74.0687125, 4.6178133], [-74.0687468, 4.6178642]]}}, {"type": "Feature", "properties": {"highway": "cycleway", "cycleway": "crossing", "name": null}, "geometry": {"type": "LineString", "coordinates": [[-74.0625384, 4.6754187], [-74.0624927, 4.6755112], [-74.0624448, 4.675608]]}}, {"type": "Feature", "properties": {"highway": "cycleway", "cycleway": "crossing", "name": null}, "geometry": {"type": "LineString", "coordinates": [[-74.0625266, 4.6756211], [-74.0625326, 4.6755179], [-74.0625384, 4.6754187]]}}, {"type": "Feature", "properties": {"highway": "cycleway", "cycleway": null, "name": null}, "geometry": {"type": "LineString", "coordinates": [[-74.066757, 4.67357], [-74.0667562, 4.6736067], [-74.0666307, 4.6739516], [-74.0665417, 4.6740679], [-74.0664458, 4.6741526], [-74.0662817, 4.6742531], [-74.0661147, 4.6743526], [-74.0659795, 4.6744239], [-74.0658438, 4.6745014], [-74.0655083, 4.6746952], [-74.0651538, 4.6749152], [-74.064958, 4.6750334], [-74.0645905, 4.6752201], [-74.0642787, 4.6753793]]}}, {"type": "Feature", "properties": {"highway": "cycleway", "cycleway": null, "name": null}, "geometry": {"type": "LineString", "coordinates": [[-74.0626817, 4.6760988], [-74.0626299, 4.6761518], [-74.0625992, 4.6761833]]}}, {"type": "Feature", "properties": {"highway": "cycleway", "cycleway": null, "name": null}, "geometry": {"type": "LineString", "coordinates": [[-74.0625992, 4.6761833], [-74.0625915, 4.6761938], [-74.0624484, 4.6763888], [-74.0624142, 4.6764181], [-74.0623751, 4.6764457], [-74.0622925, 4.6764848], [-74.0622822, 4.6764897]]}}, {"type": "Feature", "properties": {"highway": "cycleway", "cycleway": null, "name": null}, "geometry": {"type": "LineString", "coordinates": [[-74.0622822, 4.6764897], [-74.0622536, 4.6765078], [-74.0622049, 4.6765388]]}}, {"type": "Feature", "properties": {"highway": "cycleway", "cycleway": null, "name": null}, "geometry": {"type": "LineString", "coordinates": [[-74.1286147, 4.7103759], [-74.1286359, 4.7103853], [-74.1286879, 4.7104064], [-74.1287963, 4.710384], [-74.1289821, 4.7102747], [-74.1290887, 4.7102127], [-74.1291626, 4.7101795], [-74.129227, 4.7101616], [-74.1293006, 4.710153], [-74.1294015, 4.7101795], [-74.1295005, 4.7102329], [-74.1295484, 4.7102588], [-74.1297235, 4.7103347], [-74.129782, 4.7103535], [-74.1300138, 4.7104281], [-74.1300926, 4.7104628], [-74.1301139, 4.7104722], [-74.13015, 4.7104881], [-74.1302506, 4.7105726], [-74.1302739, 4.7105921], [-74.1303344, 4.7106866], [-74.1303518, 4.7107138], [-74.1303597, 4.7107538], [-74.1303783, 4.7108479], [-74.1303812, 4.7109984], [-74.1303818, 4.7110278], [-74.1303658, 4.7111299], [-74.1303473, 4.7112484], [-74.1303341, 4.7113329], [-74.1303314, 4.7113696], [-74.1303243, 4.7114672], [-74.1303199, 4.7115269], [-74.1303535, 4.7116256], [-74.1304278, 4.7117209], [-74.1310594, 4.7123203], [-74.1313852, 4.712645], [-74.1314595, 4.7126732], [-74.131548, 4.7126644], [-74.1316172, 4.7126243], [-74.1316453, 4.712608], [-74.131755, 4.7125374], [-74.1318612, 4.7125163], [-74.1318852, 4.7124924], [-74.1320594, 4.7123187], [-74.1321065, 4.7122673], [-74.1323036, 4.7120641], [-74.1325007, 4.7118729], [-74.1327624, 4.7116069], [-74.1328345, 4.7115357], [-74.1329348, 4.7114308], [-74.1329796, 4.7113822], [-74.1330699, 4.7113276], [-74.1331049, 4.7113225], [-74.13313, 4.7113293], [-74.1332231, 4.7113629], [-74.133353, 4.7113999], [-74.1334291, 4.7113928], [-74.1334928, 4.7113734], [-74.1335222, 4.711354], [-74.1335972, 4.7113047], [-74.1337317, 4.7111988], [-74.1337537, 4.7111687], [-74.1338025, 4.7111018], [-74.1338609, 4.7109449], [-74.133867, 4.7108754], [-74.1338733, 4.7108039], [-74.1338743, 4.7107218], [-74.133875, 4.71067]]}}, {"type": "Feature", "properties": {"highway": "cycleway", "cycleway": null, "name": null}, "geometry": {"type": "LineString", "coordinates": [[-74.1560127, 4.5808808], [-74.1561022, 4.58091], [-74.1563603, 4.5809748], [-74.156587, 4.581039], [-74.1567137, 4.5810751], [-74.15677, 4.5811085], [-74.1568223, 4.5811466], [-74.1568773, 4.5812208], [-74.1569081, 4.5812729], [-74.1569303, 4.5813244], [-74.1569513, 4.5813558], [-74.1569607, 4.5813699], [-74.156996, 4.5814053], [-74.1570946, 4.5814735], [-74.1571938, 4.5815069], [-74.1572676, 4.5815129], [-74.1572866, 4.5815135], [-74.157395, 4.5815169], [-74.1574996, 4.581543], [-74.1575687, 4.5815864], [-74.1576116, 4.5816352], [-74.1576395, 4.5816739], [-74.1581621, 4.5826432], [-74.1581782, 4.5826873], [-74.1581701, 4.582714], [-74.15815, 4.5827263], [-74.1579348, 4.5828203], [-74.1578329, 4.5829099], [-74.1577819, 4.5829841], [-74.1577537, 4.5830014], [-74.157515, 4.5831211], [-74.1574694, 4.5831331], [-74.1574118, 4.583097], [-74.1573071, 4.5830542], [-74.1571771, 4.583075], [-74.1571033, 4.5831131], [-74.1570684, 4.5831518], [-74.1570269, 4.583226], [-74.1570034, 4.5832755], [-74.1569873, 4.5833076], [-74.1569578, 4.583339], [-74.156929, 4.5833577], [-74.156609, 4.5834446], [-74.1562618, 4.5835346], [-74.1561846, 4.5835351], [-74.1561187, 4.583509], [-74.1560795, 4.5834807]]}}, {"type": "Feature", "properties": {"highway": "cycleway", "cycleway": null, "name": "Alameda el Porvenir"}, "geometry": {"type": "LineString", "coordinates": [[-74.2062208, 4.6117446], [-74.2062122, 4.6117744], [-74.2061827, 4.6118763], [-74.2061668, 4.6119311], [-74.2060075, 4.6124812], [-74.2058879, 4.612894], [-74.2058054, 4.6131789], [-74.2057322, 4.6134316], [-74.205641, 4.6137465]]}}, {"type": "Feature", "properties": {"highway": "cycleway", "cycleway": null, "name": "Alameda el Porvenir"}, "geometry": {"type": "LineString", "coordinates": [[-74.2062208, 4.6117446], [-74.2060696, 4.6116244], [-74.2060465, 4.6116018], [-74.2060199, 4.6115675], [-74.2059858, 4.6115137], [-74.2059237, 4.611412], [-74.2059012, 4.6113755], [-74.2058681, 4.6113219], [-74.2053234, 4.6106515], [-74.2052737, 4.6105968], [-74.2052222, 4.6105552], [-74.2051856, 4.610533], [-74.2051437, 4.6105162], [-74.2050017, 4.6104652]]}}, {"type": "Feature", "properties": {"highway": "cycleway", "cycleway": null, "name": "Alameda el Porvenir"}, "geometry": {"type": "LineString", "coordinates": [[-74.2047847, 4.6103908], [-74.2046911, 4.6103491], [-74.2043676, 4.610191], [-74.2042278, 4.6101157], [-74.2035824, 4.6097314], [-74.2034531, 4.6096544]]}}, {"type": "Feature", "properties": {"highway": "cycleway", "cycleway": null, "name": null}, "geometry": {"type": "LineString", "coordinates": [[-74.1955519, 4.6286955], [-74.1953406, 4.6287481], [-74.1950686, 4.6288157], [-74.1947047, 4.6289105], [-74.1943955, 4.6289962], [-74.194061, 4.6290896], [-74.1937114, 4.6292032], [-74.1933999, 4.6293166], [-74.1927445, 4.6295803], [-74.1921367, 4.6298216], [-74.1917501, 4.6299774], [-74.1910896, 4.6302577], [-74.1903903, 4.6305458], [-74.1895862, 4.6308913], [-74.1894202, 4.6309611], [-74.1888633, 4.6311954]]}}, {"type": "Feature", "properties": {"highway": "cycleway", "cycleway": null, "name": null}, "geometry": {"type": "LineString", "coordinates": [[-74.0552674, 4.6662491], [-74.055278, 4.6662297], [-74.0552979, 4.6661937]]}}, {"type": "Feature", "properties": {"highway": "cycleway", "cycleway": null, "name": null}, "geometry": {"type": "LineString", "coordinates": [[-74.1361824, 4.6297893], [-74.1362167, 4.6297856], [-74.1362616, 4.6297732], [-74.1363003, 4.6297516], [-74.1363325, 4.6297102], [-74.1363511, 4.6296672], [-74.1363601, 4.6296131]]}}, {"type": "Feature", "properties": {"highway": "cycleway", "cycleway": null, "name": null}, "geometry": {"type": "LineString", "coordinates": [[-74.0958371, 4.5840421], [-74.0961911, 4.5836286], [-74.0962436, 4.583577], [-74.0970077, 4.5826966], [-74.0972163, 4.5824549], [-74.0972417, 4.5824262], [-74.0973004, 4.5823678], [-74.0973311, 4.5823335], [-74.0980092, 4.581588], [-74.0980576, 4.5815348], [-74.0980934, 4.5814875], [-74.0981054, 4.5814307], [-74.098096, 4.5813538], [-74.098212, 4.5812007], [-74.0982912, 4.5811145], [-74.0983772, 4.5810816], [-74.0986895, 4.5807329], [-74.0987147, 4.5807035], [-74.0987437, 4.5806728], [-74.0988031, 4.5806022], [-74.0988287, 4.5805684], [-74.0993211, 4.5799989], [-74.0993433, 4.5799708]]}}, {"type": "Feature", "properties": {"highway": "cycleway", "cycleway": null, "name": null}, "geometry": {"type": "LineString", "coordinates": [[-74.1542932, 4.6166818], [-74.1529985, 4.616923]]}}, {"type": "Feature", "properties": {"highway": "cycleway", "cycleway": null, "name": null}, "geometry": {"type": "LineString", "coordinates": [[-74.1558368, 4.6163918], [-74.155653, 4.6164264], [-74.1553733, 4.616479], [-74.1551519, 4.6165206], [-74.1548683, 4.616574], [-74.1546133, 4.6166219], [-74.1543697, 4.6166669], [-74.1543317, 4.6166749], [-74.1542932, 4.6166818]]}}, {"type": "Feature", "properties": {"highway": "cycleway", "cycleway": null, "name": null}, "geometry": {"type": "LineString", "coordinates": [[-74.1383952, 4.5775819], [-74.1383694, 4.5776374], [-74.1376725, 4.5779435], [-74.137367, 4.578071], [-74.1372728, 4.5781103], [-74.1369467, 4.5782465], [-74.1364547, 4.5784256], [-74.1364301, 4.5784346]]}}, {"type": "Feature", "properties": {"highway": "cycleway", "cycleway": null, "name": null}, "geometry": {"type": "LineString", "coordinates": [[-74.1225056, 4.6121179], [-74.122558, 4.6120948], [-74.1225754, 4.6120874], [-74.1229376, 4.6119332]]}}, {"type": "Feature", "properties": {"highway": "cycleway", "cycleway": null, "name": null}, "geometry": {"type": "LineString", "coordinates": [[-74.1563657, 4.6435823], [-74.1573367, 4.6428439], [-74.1574849, 4.6427669], [-74.1576861, 4.6426264]]}}, {"type": "Feature", "properties": {"highway": "cycleway", "cycleway": null, "name": null}, "geometry": {"type": "LineString", "coordinates": [[-74.110592, 4.7088759], [-74.1104436, 4.7087603]]}}, {"type": "Feature", "properties": {"highway": "cycleway", "cycleway": "crossing", "name": null}, "geometry": {"type": "LineString", "coordinates": [[-74.1104436, 4.7087603], [-74.1104054, 4.7087305], [-74.1103282, 4.7086703], [-74.1102708, 4.7086256]]}}, {"type": "Feature", "properties": {"highway": "cycleway", "cycleway": null, "name": null}, "geometry": {"type": "LineString", "coordinates": [[-74.1211794, 4.5546645], [-74.1211712, 4.5544994], [-74.1211509, 4.553978], [-74.121116, 4.5533176], [-74.1211073, 4.5531071], [-74.1211005, 4.5529395], [-74.1210951, 4.5526961], [-74.1211032, 4.552386], [-74.1210871, 4.5523566], [-74.1210871, 4.552271], [-74.1211032, 4.5522443], [-74.1210898, 4.5520224], [-74.121079, 4.5518753], [-74.1210603, 4.5517095], [-74.1210264, 4.5514174], [-74.1209969, 4.5510992], [-74.1209727, 4.5505885], [-74.1209647, 4.5504388], [-74.1209539, 4.550404], [-74.1209298, 4.5503692], [-74.1209003, 4.5503291], [-74.1208735, 4.5502917], [-74.1208574, 4.5502489], [-74.1208549, 4.5502068], [-74.1208413, 4.5499789], [-74.1208145, 4.549634], [-74.1208064, 4.5494896], [-74.120793, 4.5493826], [-74.1207581, 4.5492463]]}}, {"type": "Feature", "properties": {"highway": "cycleway", "cycleway": "crossing", "name": null}, "geometry": {"type": "LineString", "coordinates": [[-74.1207581, 4.5492463], [-74.1208096, 4.5492199], [-74.120852, 4.5491981]]}}, {"type": "Feature", "properties": {"highway": "cycleway", "cycleway": null, "name": null}, "geometry": {"type": "LineString", "coordinates": [[-74.120852, 4.5491981], [-74.1208762, 4.549158], [-74.1208842, 4.5491179], [-74.1208735, 4.5490591], [-74.1208198, 4.548773], [-74.1207964, 4.5485619], [-74.1207857, 4.5483855], [-74.1207777, 4.5480967]]}}, {"type": "Feature", "properties": {"highway": "cycleway", "cycleway": "crossing", "name": null}, "geometry": {"type": "LineString", "coordinates": [[-74.1207777, 4.5480967], [-74.120742, 4.5480664], [-74.1207053, 4.5480352]]}}, {"type": "Feature", "properties": {"highway": "cycleway", "cycleway": null, "name": null}, "geometry": {"type": "LineString", "coordinates": [[-74.1146081, 4.6836421], [-74.1145395, 4.6836429], [-74.1144592, 4.6836307], [-74.1143834, 4.6836046], [-74.1143249, 4.6835737], [-74.1137022, 4.6830151], [-74.1136132, 4.6829518], [-74.1134987, 4.6828805], [-74.11346, 4.6828564], [-74.1133454, 4.6827696], [-74.1128449, 4.682319], [-74.112286, 4.6818203], [-74.1119807, 4.6815476]]}}, {"type": "Feature", "properties": {"highway": "cycleway", "cycleway": null, "name": null}, "geometry": {"type": "LineString", "coordinates": [[-74.1132763, 4.6851527], [-74.1135283, 4.6848881], [-74.1135405, 4.6848739], [-74.1136519, 4.6847446], [-74.1140351, 4.6842996], [-74.1140632, 4.6842663], [-74.1140864, 4.684233], [-74.114118, 4.6841687], [-74.1141386, 4.6841467], [-74.1141738, 4.6841091]]}}, {"type": "Feature", "properties": {"highway": "cycleway", "cycleway": null, "name": null}, "geometry": {"type": "LineString", "coordinates": [[-74.1129871, 4.68544], [-74.1130643, 4.6853634], [-74.1132763, 4.6851527]]}}, {"type": "Feature", "properties": {"highway": "cycleway", "cycleway": null, "name": null}, "geometry": {"type": "LineString", "coordinates": [[-74.1108254, 4.6877176], [-74.1108785, 4.6876616], [-74.111192, 4.6873313], [-74.1112682, 4.687251], [-74.1114314, 4.687079], [-74.1115039, 4.6870025], [-74.1115943, 4.6869071], [-74.1117368, 4.6867574], [-74.1118246, 4.6866646], [-74.1119048, 4.68658], [-74.1120523, 4.6864248], [-74.1121312, 4.6863425], [-74.1122179, 4.6862521], [-74.1123736, 4.6860868], [-74.1124704, 4.6859844], [-74.1125385, 4.6859123], [-74.1126943, 4.6857483], [-74.1127772, 4.6856611], [-74.1128674, 4.6855661], [-74.1129871, 4.68544]]}}, {"type": "Feature", "properties": {"highway": "cycleway", "cycleway": null, "name": null}, "geometry": {"type": "LineString", "coordinates": [[-74.1105496, 4.6880154], [-74.1105997, 4.6879614], [-74.1107273, 4.6878235], [-74.1108254, 4.6877176]]}}, {"type": "Feature", "properties": {"highway": "cycleway", "cycleway": "crossing", "name": null}, "geometry": {"type": "LineString", "coordinates": [[-74.1718732, 4.637264], [-74.171851, 4.6372248], [-74.1718113, 4.6371546], [-74.1717774, 4.6370945], [-74.1717486, 4.6370436]]}}, {"type": "Feature", "properties": {"highway": "cycleway", "cycleway": null, "name": null}, "geometry": {"type": "LineString", "coordinates": [[-74.1706636, 4.6286622], [-74.170079, 4.6290173], [-74.1699878, 4.6290722], [-74.1698866, 4.6291331], [-74.1695701, 4.6293417], [-74.1693004, 4.6295259], [-74.1691783, 4.6296004], [-74.1688322, 4.6298597], [-74.1686151, 4.6300288], [-74.1680722, 4.6304536]]}}, {"type": "Feature", "properties": {"highway": "cycleway", "cycleway": "crossing", "name": null}, "geometry": {"type": "LineString", "coordinates": [[-74.1680722, 4.6304536], [-74.1680468, 4.6304776], [-74.1680147, 4.6305078], [-74.1679595, 4.6305597], [-74.1679161, 4.6306007]]}}, {"type": "Feature", "properties": {"highway": "cycleway", "cycleway": "crossing", "name": null}, "geometry": {"type": "LineString", "coordinates": [[-74.1699338, 4.6378973], [-74.1698446, 4.6379322], [-74.169754, 4.6379677], [-74.1697123, 4.637984], [-74.1696349, 4.6380143]]}}, {"type": "Feature", "properties": {"highway": "cycleway", "cycleway": "crossing", "name": null}, "geometry": {"type": "LineString", "coordinates": [[-74.1697822, 4.6382113], [-74.1698808, 4.6381741], [-74.1699392, 4.6381521], [-74.1700279, 4.6381186], [-74.1701002, 4.6380913]]}}, {"type": "Feature", "properties": {"highway": "cycleway", "cycleway": "crossing", "name": null}, "geometry": {"type": "LineString", "coordinates": [[-74.1697822, 4.6382113], [-74.1697479, 4.6381654], [-74.169703, 4.6381053], [-74.1696683, 4.638059], [-74.1696349, 4.6380143]]}}, {"type": "Feature", "properties": {"highway": "cycleway", "cycleway": "crossing", "name": null}, "geometry": {"type": "LineString", "coordinates": [[-74.1701002, 4.6380913], [-74.1700671, 4.6380527], [-74.1700164, 4.6379935], [-74.1699749, 4.6379451], [-74.1699338, 4.6378973]]}}, {"type": "Feature", "properties": {"highway": "cycleway", "cycleway": "crossing", "name": null}, "geometry": {"type": "LineString", "coordinates": [[-74.1750853, 4.6360357], [-74.174911, 4.636102], [-74.174727, 4.6361713], [-74.1746663, 4.6361951]]}}, {"type": "Feature", "properties": {"highway": "cycleway", "cycleway": "crossing", "name": null}, "geometry": {"type": "LineString", "coordinates": [[-74.1716066, 4.637106], [-74.1716348, 4.6371569], [-74.171668, 4.6372169], [-74.1717066, 4.6372868], [-74.1717271, 4.637328]]}}, {"type": "Feature", "properties": {"highway": "cycleway", "cycleway": "crossing", "name": null}, "geometry": {"type": "LineString", "coordinates": [[-74.1717271, 4.637328], [-74.1717634, 4.6373137], [-74.1718292, 4.6372839], [-74.1718732, 4.637264]]}}, {"type": "Feature", "properties": {"highway": "cycleway", "cycleway": "crossing", "name": null}, "geometry": {"type": "LineString", "coordinates": [[-74.1717486, 4.6370436], [-74.1717057, 4.6370625], [-74.1716382, 4.6370921], [-74.1716066, 4.637106]]}}, {"type": "Feature", "properties": {"highway": "cycleway", "cycleway": null, "name": null}, "geometry": {"type": "LineString", "coordinates": [[-74.089372, 4.6117686], [-74.0889833, 4.6114444], [-74.0886892, 4.6111982], [-74.0883517, 4.610883], [-74.0879831, 4.6105481], [-74.0879371, 4.6105064], [-74.0878975, 4.6104742]]}}, {"type": "Feature", "properties": {"highway": "cycleway", "cycleway": "crossing", "name": null}, "geometry": {"type": "LineString", "coordinates": [[-74.0895539, 4.6119258], [-74.089482, 4.6118637], [-74.0894548, 4.6118402], [-74.089423, 4.6118127], [-74.089372, 4.6117686]]}}, {"type": "Feature", "properties": {"highway": "cycleway", "cycleway": null, "name": null}, "geometry": {"type": "LineString", "coordinates": [[-74.0805053, 4.6217943], [-74.0803519, 4.6215308], [-74.0800633, 4.6210827], [-74.0800319, 4.6210338], [-74.0796832, 4.6204485], [-74.0795982, 4.620306]]}}, {"type": "Feature", "properties": {"highway": "cycleway", "cycleway": null, "name": null}, "geometry": {"type": "LineString", "coordinates": [[-74.0806777, 4.6220965], [-74.0806182, 4.6220021], [-74.080558, 4.6219055], [-74.0805064, 4.6219362], [-74.0804652, 4.6218708], [-74.080442, 4.6218339], [-74.0805053, 4.6217943]]}}, {"type": "Feature", "properties": {"highway": "cycleway", "cycleway": null, "name": null}, "geometry": {"type": "LineString", "coordinates": [[-74.0894139, 4.6003113], [-74.0894721, 4.6003589], [-74.0894733, 4.60036], [-74.0896283, 4.6004773], [-74.0897211, 4.6005179], [-74.0898139, 4.6005601], [-74.0899469, 4.6006221], [-74.0900753, 4.6007067], [-74.0905982, 4.6010878], [-74.0912305, 4.6015379], [-74.0916176, 4.6017967], [-74.0919311, 4.6020167], [-74.0926983, 4.602555], [-74.0928045, 4.6026639], [-74.0929391, 4.6028044], [-74.0929791, 4.6028327], [-74.0930563, 4.6028867]]}}, {"type": "Feature", "properties": {"highway": "cycleway", "cycleway": null, "name": null}, "geometry": {"type": "LineString", "coordinates": [[-74.0881607, 4.5993633], [-74.0882159, 4.5994025], [-74.0892269, 4.6001186], [-74.0892841, 4.600159]]}}, {"type": "Feature", "properties": {"highway": "cycleway", "cycleway": null, "name": "Ciclov\u00eda Avenida de los Comuneros"}, "geometry": {"type": "LineString", "coordinates": [[-74.0880397, 4.59928], [-74.0880708, 4.5993014], [-74.0880884, 4.5993136], [-74.0881338, 4.5993448], [-74.0881607, 4.5993633]]}}, {"type": "Feature", "properties": {"highway": "cycleway", "cycleway": null, "name": "Ciclov\u00eda Avenida de los Comuneros"}, "geometry": {"type": "LineString", "coordinates": [[-74.0892841, 4.600159], [-74.0892572, 4.600195], [-74.089289, 4.6002186], [-74.0893322, 4.6002507], [-74.0893635, 4.6002739], [-74.0893943, 4.6002967], [-74.0894139, 4.6003113]]}}, {"type": "Feature", "properties": {"highway": "cycleway", "cycleway": null, "name": null}, "geometry": {"type": "LineString", "coordinates": [[-74.1705063, 4.6512621], [-74.1704633, 4.6512405], [-74.1704275, 4.6512151], [-74.1703913, 4.6511697], [-74.1703852, 4.6511472], [-74.1703823, 4.6511363], [-74.1703765, 4.6511149], [-74.1703779, 4.6510654], [-74.1703846, 4.6510106], [-74.1703819, 4.6509545], [-74.1703658, 4.6509077], [-74.170339, 4.6508676]]}}, {"type": "Feature", "properties": {"highway": "cycleway", "cycleway": null, "name": null}, "geometry": {"type": "LineString", "coordinates": [[-74.1374592, 4.5956667], [-74.1374027, 4.5958598], [-74.1373499, 4.595972], [-74.1372933, 4.5960664], [-74.1367905, 4.596776]]}}, {"type": "Feature", "properties": {"highway": "cycleway", "cycleway": null, "name": null}, "geometry": {"type": "LineString", "coordinates": [[-74.1367905, 4.596776], [-74.1367204, 4.5968814], [-74.136643, 4.5969979]]}}, {"type": "Feature", "properties": {"highway": "cycleway", "cycleway": null, "name": null}, "geometry": {"type": "LineString", "coordinates": [[-74.1361301, 4.5978467], [-74.1360476, 4.5979843], [-74.1358051, 4.5983446], [-74.1357723, 4.5983948], [-74.1357514, 4.5984269], [-74.1357145, 4.5984834]]}}, {"type": "Feature", "properties": {"highway": "cycleway", "cycleway": null, "name": null}, "geometry": {"type": "LineString", "coordinates": [[-74.1361609, 4.5983461], [-74.1370224, 4.5970327]]}}, {"type": "Feature", "properties": {"highway": "cycleway", "cycleway": null, "name": null}, "geometry": {"type": "LineString", "coordinates": [[-74.1089067, 4.6465462], [-74.1102143, 4.6452429], [-74.1105046, 4.6449408], [-74.1114528, 4.6439099], [-74.1115212, 4.6438429], [-74.1115975, 4.6437656], [-74.1127359, 4.6426036], [-74.1128625, 4.6424955], [-74.1129353, 4.6424332], [-74.1131741, 4.642238], [-74.1134866, 4.6419613], [-74.1138875, 4.6416017], [-74.1141839, 4.6413384], [-74.1146775, 4.6409013], [-74.1149671, 4.6406192], [-74.1152447, 4.6403198], [-74.1153198, 4.6402209], [-74.1156224, 4.6398157], [-74.115646, 4.6397863], [-74.1157188, 4.6396952], [-74.1157496, 4.6396567], [-74.1177097, 4.637764], [-74.1180195, 4.637482], [-74.1181059, 4.6374112], [-74.1186444, 4.63697], [-74.1188604, 4.6368003], [-74.1190065, 4.6366599], [-74.119091, 4.636569], [-74.1191581, 4.6364875], [-74.1192493, 4.6363591], [-74.1194022, 4.6361052], [-74.1195443, 4.6358231], [-74.1197495, 4.6353339], [-74.1199815, 4.6347965], [-74.1202203, 4.6341643], [-74.1202728, 4.6341148], [-74.1204058, 4.6339895], [-74.120463, 4.6339357], [-74.1205609, 4.6337155], [-74.1209026, 4.6328968], [-74.1215336, 4.6314163], [-74.1220177, 4.6303358], [-74.1221907, 4.629961], [-74.1224661, 4.6292692], [-74.1227147, 4.6285754], [-74.1227713, 4.6284352], [-74.1230577, 4.6278681], [-74.1232177, 4.6274912], [-74.1234606, 4.6268321], [-74.1240727, 4.6252617], [-74.1243405, 4.6245417], [-74.124545, 4.6239737], [-74.1247772, 4.6231727], [-74.1249146, 4.6226918], [-74.1250564, 4.6222185], [-74.1253243, 4.6213618], [-74.1254716, 4.6209045]]}}, {"type": "Feature", "properties": {"highway": "cycleway", "cycleway": null, "name": null}, "geometry": {"type": "LineString", "coordinates": [[-74.1270429, 4.60997], [-74.12694, 4.6100085], [-74.1261431, 4.6103062], [-74.1254235, 4.6105928], [-74.1244344, 4.6109869], [-74.1241917, 4.6110835], [-74.122925, 4.6115736], [-74.1222803, 4.611823], [-74.1222211, 4.6118459]]}}, {"type": "Feature", "properties": {"highway": "cycleway", "cycleway": null, "name": null}, "geometry": {"type": "LineString", "coordinates": [[-74.1282112, 4.6099717], [-74.128258, 4.6100463], [-74.1282792, 4.6100955], [-74.1283031, 4.6101852], [-74.1283146, 4.6102697], [-74.1283208, 4.6103374], [-74.1283222, 4.6104463], [-74.1283093, 4.6105468], [-74.1282835, 4.6106473], [-74.128232, 4.6108484], [-74.1282153, 4.6108963], [-74.128213, 4.6109028], [-74.1279975, 4.6115195], [-74.1279811, 4.6115664], [-74.1278282, 4.6120039], [-74.1277954, 4.6121306], [-74.1277661, 4.6122427]]}}, {"type": "Feature", "properties": {"highway": "cycleway", "cycleway": null, "name": null}, "geometry": {"type": "LineString", "coordinates": [[-74.1277661, 4.6122427], [-74.127668, 4.6127106], [-74.1276475, 4.6127875], [-74.1276175, 4.6128988], [-74.127508, 4.6132622]]}}, {"type": "Feature", "properties": {"highway": "cycleway", "cycleway": "crossing", "name": null}, "geometry": {"type": "LineString", "coordinates": [[-74.127508, 4.6132622], [-74.1274831, 4.6133438], [-74.1274413, 4.6134809]]}}, {"type": "Feature", "properties": {"highway": "cycleway", "cycleway": null, "name": null}, "geometry": {"type": "LineString", "coordinates": [[-74.1274413, 4.6134809], [-74.1272238, 4.6141969], [-74.1270549, 4.6147506], [-74.1269261, 4.6151727], [-74.1268672, 4.6153841], [-74.1268493, 4.6154482], [-74.1268163, 4.6155867], [-74.1267812, 4.6157326], [-74.1267396, 4.6159477], [-74.1267134, 4.6160627]]}}, {"type": "Feature", "properties": {"highway": "cycleway", "cycleway": "crossing", "name": null}, "geometry": {"type": "LineString", "coordinates": [[-74.1267134, 4.6160627], [-74.1266871, 4.6161776], [-74.1266599, 4.6162968]]}}, {"type": "Feature", "properties": {"highway": "cycleway", "cycleway": "crossing", "name": null}, "geometry": {"type": "LineString", "coordinates": [[-74.1260709, 4.6181313], [-74.1260442, 4.6182147], [-74.1260186, 4.6182947]]}}, {"type": "Feature", "properties": {"highway": "cycleway", "cycleway": "crossing", "name": null}, "geometry": {"type": "LineString", "coordinates": [[-74.1413561, 4.6108952], [-74.1413463, 4.6109843], [-74.1413381, 4.6110589]]}}, {"type": "Feature", "properties": {"highway": "cycleway", "cycleway": null, "name": null}, "geometry": {"type": "LineString", "coordinates": [[-74.1363601, 4.6296131], [-74.1363261, 4.6296102], [-74.1362798, 4.6296063]]}}, {"type": "Feature", "properties": {"highway": "cycleway", "cycleway": null, "name": null}, "geometry": {"type": "LineString", "coordinates": [[-74.1380629, 4.6257674], [-74.1380106, 4.6257623], [-74.1368268, 4.6256475]]}}, {"type": "Feature", "properties": {"highway": "cycleway", "cycleway": null, "name": null}, "geometry": {"type": "LineString", "coordinates": [[-74.1338151, 4.6254147], [-74.1337857, 4.6257308], [-74.1337704, 4.6258892], [-74.1336278, 4.6273621], [-74.1336246, 4.6273952], [-74.1336206, 4.6274368], [-74.1335731, 4.6279304], [-74.1334822, 4.628926], [-74.1334293, 4.629452], [-74.1334157, 4.6295423], [-74.133398, 4.629604], [-74.133383, 4.6296404]]}}, {"type": "Feature", "properties": {"highway": "cycleway", "cycleway": null, "name": null}, "geometry": {"type": "LineString", "coordinates": [[-74.1338205, 4.6253362], [-74.1338201, 4.6253506], [-74.133818, 4.6253779], [-74.1338151, 4.6254147]]}}, {"type": "Feature", "properties": {"highway": "cycleway", "cycleway": null, "name": null}, "geometry": {"type": "LineString", "coordinates": [[-74.1368268, 4.6256475], [-74.1367486, 4.6256398], [-74.1366808, 4.6256332], [-74.1366252, 4.6256276], [-74.1365618, 4.6256213]]}}, {"type": "Feature", "properties": {"highway": "cycleway", "cycleway": null, "name": null}, "geometry": {"type": "LineString", "coordinates": [[-74.1362798, 4.6296063], [-74.1363187, 4.6292163], [-74.1363465, 4.6289363], [-74.1363926, 4.6284735], [-74.1364035, 4.6283637], [-74.1364146, 4.6282528], [-74.1365296, 4.6270975], [-74.1365366, 4.6270265], [-74.1365452, 4.6269407], [-74.136664, 4.6257464]]}}, {"type": "Feature", "properties": {"highway": "cycleway", "cycleway": null, "name": null}, "geometry": {"type": "LineString", "coordinates": [[-74.0921961, 4.6675001], [-74.0920005, 4.6679013], [-74.0919747, 4.6679469], [-74.0919079, 4.6680653], [-74.0918822, 4.6681137], [-74.0918462, 4.6681683], [-74.0918081, 4.6682196], [-74.0917043, 4.6683594]]}}, {"type": "Feature", "properties": {"highway": "cycleway", "cycleway": null, "name": null}, "geometry": {"type": "LineString", "coordinates": [[-74.0917043, 4.6683594], [-74.0907998, 4.6694962]]}}, {"type": "Feature", "properties": {"highway": "cycleway", "cycleway": null, "name": null}, "geometry": {"type": "LineString", "coordinates": [[-74.0907998, 4.6694962], [-74.0907098, 4.6695968], [-74.0906019, 4.6697174], [-74.0904114, 4.6699233], [-74.0903649, 4.6699798], [-74.0902262, 4.6701486], [-74.0901405, 4.6702529], [-74.0900411, 4.6703739], [-74.0899244, 4.6705262]]}}, {"type": "Feature", "properties": {"highway": "cycleway", "cycleway": "crossing", "name": null}, "geometry": {"type": "LineString", "coordinates": [[-74.1207246, 4.6919688], [-74.1206492, 4.692039], [-74.1205626, 4.6921197], [-74.120528, 4.6921513]]}}, {"type": "Feature", "properties": {"highway": "cycleway", "cycleway": null, "name": null}, "geometry": {"type": "LineString", "coordinates": [[-74.1341729, 4.6608709], [-74.1341424, 4.6609474], [-74.1341408, 4.6609897], [-74.1341433, 4.6610393], [-74.1339605, 4.6612707], [-74.1339008, 4.661266], [-74.1338535, 4.6612585], [-74.1338396, 4.661338], [-74.1338316, 4.6613834], [-74.1338134, 4.6614495], [-74.1337704, 4.6615258], [-74.13367, 4.6616902], [-74.1335695, 4.6618438], [-74.1334509, 4.6619881], [-74.1333879, 4.662035], [-74.1333324, 4.6620645]]}}, {"type": "Feature", "properties": {"highway": "cycleway", "cycleway": "crossing", "name": null}, "geometry": {"type": "LineString", "coordinates": [[-74.1333153, 4.6621447], [-74.1332688, 4.6622082], [-74.1332354, 4.6622543], [-74.1331688, 4.6623457], [-74.1331177, 4.6624145], [-74.1330872, 4.6624562], [-74.1330342, 4.6625286]]}}, {"type": "Feature", "properties": {"highway": "cycleway", "cycleway": "crossing", "name": null}, "geometry": {"type": "LineString", "coordinates": [[-74.1333324, 4.6620645], [-74.1333236, 4.6621059], [-74.1333153, 4.6621447]]}}, {"type": "Feature", "properties": {"highway": "cycleway", "cycleway": null, "name": null}, "geometry": {"type": "LineString", "coordinates": [[-74.0400623, 4.734846], [-74.0400211, 4.7348029], [-74.0399985, 4.7347598], [-74.0399839, 4.734706], [-74.0399819, 4.7346503], [-74.0399712, 4.7345991], [-74.0399438, 4.7345384], [-74.0399154, 4.7344999], [-74.0398839, 4.7344675], [-74.0398351, 4.734431], [-74.0397666, 4.7344011], [-74.0397015, 4.7343889], [-74.0396172, 4.7343851], [-74.0395469, 4.7343991], [-74.0394676, 4.7343985], [-74.0394192, 4.7343882], [-74.0393647, 4.7343713], [-74.0392932, 4.7343399], [-74.0370203, 4.7332546], [-74.0369489, 4.7332208], [-74.0367766, 4.7331377], [-74.0352224, 4.7323883], [-74.0340751, 4.7318351], [-74.033435, 4.7315264], [-74.0333064, 4.7314304], [-74.0330559, 4.7313063], [-74.0328349, 4.7311969], [-74.03266, 4.7311102], [-74.0325766, 4.7310621], [-74.0325135, 4.731014], [-74.0324631, 4.7309689], [-74.0324128, 4.7309144]]}}, {"type": "Feature", "properties": {"highway": "cycleway", "cycleway": "crossing", "name": null}, "geometry": {"type": "LineString", "coordinates": [[-74.0319553, 4.731256], [-74.0319555, 4.7312119], [-74.0319563, 4.730866], [-74.031958, 4.7307097], [-74.0319583, 4.7306524]]}}, {"type": "Feature", "properties": {"highway": "cycleway", "cycleway": "crossing", "name": null}, "geometry": {"type": "LineString", "coordinates": [[-74.0480963, 4.7382758], [-74.0480719, 4.7383418], [-74.0480581, 4.738379]]}}, {"type": "Feature", "properties": {"highway": "cycleway", "cycleway": "crossing", "name": null}, "geometry": {"type": "LineString", "coordinates": [[-74.0481596, 4.7380187], [-74.0481394, 4.7380915], [-74.0481238, 4.7381619], [-74.0480963, 4.7382758]]}}, {"type": "Feature", "properties": {"highway": "cycleway", "cycleway": "crossing", "name": null}, "geometry": {"type": "LineString", "coordinates": [[-74.0482867, 4.7368935], [-74.0482957, 4.7369387], [-74.0483137, 4.7370288], [-74.0483035, 4.7370963], [-74.0482965, 4.7371431]]}}, {"type": "Feature", "properties": {"highway": "cycleway", "cycleway": null, "name": null}, "geometry": {"type": "LineString", "coordinates": [[-74.0611525, 4.7402461], [-74.0610714, 4.7403301], [-74.0609956, 4.740382], [-74.060919, 4.7404117], [-74.0608317, 4.7404414], [-74.0607263, 4.7404575], [-74.0606112, 4.7404508], [-74.0604904, 4.7404265], [-74.0595981, 4.7402174]]}}, {"type": "Feature", "properties": {"highway": "cycleway", "cycleway": "crossing", "name": null}, "geometry": {"type": "LineString", "coordinates": [[-74.0612511, 4.7402713], [-74.0612033, 4.7402591], [-74.0611525, 4.7402461]]}}, {"type": "Feature", "properties": {"highway": "cycleway", "cycleway": "crossing", "name": null}, "geometry": {"type": "LineString", "coordinates": [[-74.0572788, 4.7396341], [-74.0573859, 4.7396638], [-74.0574616, 4.7396849], [-74.0577005, 4.7397514]]}}, {"type": "Feature", "properties": {"highway": "cycleway", "cycleway": null, "name": null}, "geometry": {"type": "LineString", "coordinates": [[-74.0594339, 4.74018], [-74.0577005, 4.7397514]]}}, {"type": "Feature", "properties": {"highway": "cycleway", "cycleway": "crossing", "name": null}, "geometry": {"type": "LineString", "coordinates": [[-74.0595981, 4.7402174], [-74.059553, 4.7402069], [-74.0594999, 4.7401949], [-74.0594339, 4.74018]]}}, {"type": "Feature", "properties": {"highway": "cycleway", "cycleway": null, "name": null}, "geometry": {"type": "LineString", "coordinates": [[-74.0654056, 4.744055], [-74.0653419, 4.744135], [-74.0653047, 4.7441971], [-74.0652863, 4.7442777], [-74.0652727, 4.7443993], [-74.0652589, 4.7445017], [-74.0652338, 4.7448613], [-74.0651777, 4.7456459], [-74.0651611, 4.7459263], [-74.0651468, 4.7461792], [-74.0651243, 4.7465753], [-74.0651293, 4.7466182], [-74.0651401, 4.7466622], [-74.0651363, 4.7467081], [-74.065122, 4.7467487], [-74.0651147, 4.7467931], [-74.0651056, 4.7469987], [-74.0650925, 4.7472925], [-74.0650963, 4.7476732], [-74.0650982, 4.7480222], [-74.065103, 4.7483345], [-74.0651086, 4.7486066], [-74.0651164, 4.7488046], [-74.0651446, 4.7492077], [-74.0651944, 4.7499655], [-74.0652337, 4.7504222], [-74.0652379, 4.7504635], [-74.0652659, 4.7507371], [-74.0652748, 4.7508251]]}}, {"type": "Feature", "properties": {"highway": "cycleway", "cycleway": "crossing", "name": null}, "geometry": {"type": "LineString", "coordinates": [[-74.0654185, 4.7424485], [-74.0654034, 4.7425994], [-74.0653912, 4.7427215], [-74.0653821, 4.7428119]]}}, {"type": "Feature", "properties": {"highway": "cycleway", "cycleway": null, "name": null}, "geometry": {"type": "LineString", "coordinates": [[-74.0649977, 4.7422277], [-74.0650855, 4.7416812], [-74.0651057, 4.7415545], [-74.065172, 4.7411119], [-74.0651934, 4.7409527], [-74.0651993, 4.7409138], [-74.0652272, 4.7406946], [-74.0652374, 4.7406175], [-74.0652389, 4.7405396], [-74.0652438, 4.7405065], [-74.0652638, 4.7404617], [-74.0652817, 4.7403813], [-74.0653732, 4.7399233], [-74.065409, 4.7397449]]}}, {"type": "Feature", "properties": {"highway": "cycleway", "cycleway": "crossing", "name": null}, "geometry": {"type": "LineString", "coordinates": [[-74.0649741, 4.7424417], [-74.0649774, 4.7424118], [-74.0649847, 4.7423452], [-74.0649977, 4.7422277]]}}, {"type": "Feature", "properties": {"highway": "cycleway", "cycleway": null, "name": null}, "geometry": {"type": "LineString", "coordinates": [[-74.0653821, 4.7428119], [-74.0653757, 4.7428755], [-74.0653626, 4.7434398], [-74.0653662, 4.743523], [-74.065376, 4.7435712], [-74.0653966, 4.7436115]]}}, {"type": "Feature", "properties": {"highway": "cycleway", "cycleway": "crossing", "name": null}, "geometry": {"type": "LineString", "coordinates": [[-74.0653966, 4.7436115], [-74.0653595, 4.7436429], [-74.0653168, 4.743679]]}}, {"type": "Feature", "properties": {"highway": "cycleway", "cycleway": null, "name": null}, "geometry": {"type": "LineString", "coordinates": [[-74.0653168, 4.743679], [-74.0652996, 4.7439557]]}}, {"type": "Feature", "properties": {"highway": "cycleway", "cycleway": "crossing", "name": null}, "geometry": {"type": "LineString", "coordinates": [[-74.0652996, 4.7439557], [-74.0653662, 4.7440181], [-74.0654056, 4.744055]]}}, {"type": "Feature", "properties": {"highway": "cycleway", "cycleway": null, "name": null}, "geometry": {"type": "LineString", "coordinates": [[-74.0977576, 4.5720774], [-74.0972649, 4.572626], [-74.0971564, 4.5727469], [-74.0969095, 4.5730116], [-74.0969009, 4.5730208], [-74.0968146, 4.5731138], [-74.0965346, 4.5734143], [-74.0963808, 4.5735779], [-74.0960003, 4.5739826], [-74.0958972, 4.5740939], [-74.0953347, 4.5747016], [-74.0950408, 4.5750214], [-74.0947328, 4.5753566], [-74.094583, 4.5755188]]}}, {"type": "Feature", "properties": {"highway": "cycleway", "cycleway": "crossing", "name": null}, "geometry": {"type": "LineString", "coordinates": [[-74.0926286, 4.5781123], [-74.0926021, 4.5781513], [-74.0925616, 4.578211], [-74.0925225, 4.5782685], [-74.0924844, 4.5783247]]}}, {"type": "Feature", "properties": {"highway": "cycleway", "cycleway": null, "name": null}, "geometry": {"type": "LineString", "coordinates": [[-74.1622403, 4.5970764], [-74.1622465, 4.5969627], [-74.1622616, 4.5968803], [-74.1622714, 4.596841], [-74.1623093, 4.5967467], [-74.1624098, 4.5965484], [-74.1624797, 4.5964569], [-74.1625761, 4.5963655], [-74.1627464, 4.5962528], [-74.1629486, 4.5961719], [-74.1631014, 4.5961508], [-74.1634329, 4.5961315], [-74.1639699, 4.5961306], [-74.1643193, 4.59613]]}}, {"type": "Feature", "properties": {"highway": "cycleway", "cycleway": "crossing", "name": null}, "geometry": {"type": "LineString", "coordinates": [[-74.1643193, 4.59613], [-74.1644299, 4.5961258], [-74.164462, 4.5961246], [-74.1645648, 4.5961206]]}}, {"type": "Feature", "properties": {"highway": "cycleway", "cycleway": null, "name": null}, "geometry": {"type": "LineString", "coordinates": [[-74.1623322, 4.5994769], [-74.1623542, 4.598765], [-74.1623653, 4.5985487], [-74.1623679, 4.5984352], [-74.1623618, 4.5982945], [-74.1623489, 4.5980502], [-74.1623264, 4.5978199], [-74.1622458, 4.5971439], [-74.1622403, 4.5970764]]}}, {"type": "Feature", "properties": {"highway": "cycleway", "cycleway": "crossing", "name": null}, "geometry": {"type": "LineString", "coordinates": [[-74.1623659, 4.5997627], [-74.1623609, 4.5997202], [-74.1623462, 4.5995957], [-74.1623322, 4.5994769]]}}, {"type": "Feature", "properties": {"highway": "cycleway", "cycleway": null, "name": null}, "geometry": {"type": "LineString", "coordinates": [[-74.1619745, 4.5995082], [-74.1620163, 4.5994543], [-74.1620303, 4.5994003], [-74.1620391, 4.599215], [-74.162059, 4.5988733], [-74.1620749, 4.5986043], [-74.1620752, 4.5985508], [-74.1620765, 4.5983925], [-74.1620693, 4.5982163], [-74.1620497, 4.5979215], [-74.1620392, 4.597834], [-74.16193, 4.5969139]]}}, {"type": "Feature", "properties": {"highway": "cycleway", "cycleway": "crossing", "name": null}, "geometry": {"type": "LineString", "coordinates": [[-74.1619574, 4.5998962], [-74.1619627, 4.5997756], [-74.1619643, 4.5997398], [-74.1619701, 4.599609], [-74.1619745, 4.5995082]]}}, {"type": "Feature", "properties": {"highway": "cycleway", "cycleway": null, "name": null}, "geometry": {"type": "LineString", "coordinates": [[-74.0997953, 4.7355205], [-74.0998159, 4.7353846], [-74.0998486, 4.7351904], [-74.0998833, 4.7349347], [-74.0998955, 4.7348558], [-74.0999286, 4.7346769], [-74.0999369, 4.7346245], [-74.1000835, 4.733827], [-74.1001032, 4.7337111], [-74.1001215, 4.7335895], [-74.1001712, 4.733285], [-74.1002011, 4.7330324], [-74.1002335, 4.7327587]]}}, {"type": "Feature", "properties": {"highway": "cycleway", "cycleway": "crossing", "name": null}, "geometry": {"type": "LineString", "coordinates": [[-74.1002335, 4.7327587], [-74.1002503, 4.7326591], [-74.100263, 4.7325737]]}}, {"type": "Feature", "properties": {"highway": "cycleway", "cycleway": null, "name": null}, "geometry": {"type": "LineString", "coordinates": [[-74.1009898, 4.7299169], [-74.1010176, 4.7298002], [-74.10108, 4.7295385], [-74.1011173, 4.7293757], [-74.101135, 4.7293094], [-74.1011629, 4.7291858], [-74.1011859, 4.7290663], [-74.1011925, 4.7290224], [-74.1012128, 4.7288657], [-74.1012207, 4.7286967], [-74.1012131, 4.7285565], [-74.1011787, 4.7284111], [-74.1011556, 4.7283391], [-74.1011321, 4.7282657], [-74.1010258, 4.7280642], [-74.100907, 4.7278892], [-74.1008203, 4.7277882], [-74.1007048, 4.7276646], [-74.1005339, 4.7274976], [-74.1003388, 4.7272972], [-74.1002496, 4.7272056]]}}, {"type": "Feature", "properties": {"highway": "cycleway", "cycleway": null, "name": null}, "geometry": {"type": "LineString", "coordinates": [[-74.1003969, 4.7336037], [-74.100445, 4.7332896], [-74.1004896, 4.7330025], [-74.1005183, 4.7328177], [-74.1005343, 4.7327148], [-74.100579, 4.7324268], [-74.1006224, 4.732147]]}}, {"type": "Feature", "properties": {"highway": "cycleway", "cycleway": null, "name": null}, "geometry": {"type": "LineString", "coordinates": [[-74.1006224, 4.732147], [-74.1006653, 4.7318701], [-74.1007048, 4.7316149], [-74.1007551, 4.7312907], [-74.1009245, 4.7301972]]}}, {"type": "Feature", "properties": {"highway": "cycleway", "cycleway": "crossing", "name": null}, "geometry": {"type": "LineString", "coordinates": [[-74.1009245, 4.7301972], [-74.1009612, 4.7300395], [-74.1009898, 4.7299169]]}}, {"type": "Feature", "properties": {"highway": "cycleway", "cycleway": null, "name": null}, "geometry": {"type": "LineString", "coordinates": [[-74.1001219, 4.7356626], [-74.1001659, 4.7353452], [-74.1001693, 4.7353236], [-74.1001736, 4.735296], [-74.100206, 4.7350549], [-74.1002369, 4.7348515], [-74.1002443, 4.73476], [-74.1002638, 4.7344722], [-74.1002694, 4.7343941], [-74.1003047, 4.7341789], [-74.1003234, 4.7340381], [-74.1003463, 4.7339191], [-74.1003969, 4.7336037]]}}, {"type": "Feature", "properties": {"highway": "cycleway", "cycleway": "crossing", "name": null}, "geometry": {"type": "LineString", "coordinates": [[-74.1000271, 4.7362745], [-74.1000399, 4.7361695], [-74.1000763, 4.7359572], [-74.1000874, 4.7358855], [-74.100103, 4.7357907], [-74.1001219, 4.7356626]]}}, {"type": "Feature", "properties": {"highway": "cycleway", "cycleway": null, "name": null}, "geometry": {"type": "LineString", "coordinates": [[-74.0315386, 4.7603501], [-74.0319198, 4.7603647], [-74.0319474, 4.7603657], [-74.0322952, 4.7603787], [-74.0325496, 4.7603892], [-74.0327889, 4.7603971], [-74.0329197, 4.7603968], [-74.0330528, 4.7603909], [-74.0331895, 4.760382]]}}, {"type": "Feature", "properties": {"highway": "cycleway", "cycleway": "crossing", "name": null}, "geometry": {"type": "LineString", "coordinates": [[-74.0309826, 4.7603297], [-74.0310928, 4.7603338], [-74.0313431, 4.7603429], [-74.0314727, 4.7603477], [-74.0315386, 4.7603501], [-74.031541, 4.7602862], [-74.0315445, 4.7601907], [-74.0315475, 4.760108]]}}, {"type": "Feature", "properties": {"highway": "cycleway", "cycleway": null, "name": null}, "geometry": {"type": "LineString", "coordinates": [[-74.0587216, 4.7695664], [-74.0587895, 4.7696088], [-74.0588748, 4.7696405], [-74.0589418, 4.7696618], [-74.0590086, 4.7696733], [-74.0590292, 4.7696769], [-74.0590787, 4.7696728], [-74.0590966, 4.7696713], [-74.0591598, 4.7696506], [-74.059202, 4.7696129], [-74.0592409, 4.7695526], [-74.059256, 4.7694922], [-74.0593202, 4.7692835], [-74.0593551, 4.7691936], [-74.059384, 4.7691292], [-74.059421, 4.7690513], [-74.0606523, 4.7673808], [-74.0628634, 4.7643811], [-74.0628782, 4.764361]]}}, {"type": "Feature", "properties": {"highway": "cycleway", "cycleway": null, "name": "Alameda el Porvenir"}, "geometry": {"type": "LineString", "coordinates": [[-74.1545756, 4.6561869], [-74.1556788, 4.6573132], [-74.1561004, 4.6577401], [-74.1559855, 4.6578528]]}}, {"type": "Feature", "properties": {"highway": "cycleway", "cycleway": null, "name": null}, "geometry": {"type": "LineString", "coordinates": [[-74.1566463, 4.6491529], [-74.1567927, 4.6493885], [-74.1571799, 4.6500116], [-74.1579952, 4.6513195], [-74.1584243, 4.6520502], [-74.158582, 4.6523214]]}}, {"type": "Feature", "properties": {"highway": "cycleway", "cycleway": "crossing", "name": null}, "geometry": {"type": "LineString", "coordinates": [[-74.1565134, 4.6489343], [-74.1565502, 4.6489949], [-74.1565828, 4.6490485], [-74.1566143, 4.6491002], [-74.1566463, 4.6491529]]}}, {"type": "Feature", "properties": {"highway": "cycleway", "cycleway": null, "name": "Calle 2"}, "geometry": {"type": "LineString", "coordinates": [[-74.1621439, 4.6436982], [-74.1620813, 4.6436232]]}}, {"type": "Feature", "properties": {"highway": "cycleway", "cycleway": "crossing", "name": null}, "geometry": {"type": "LineString", "coordinates": [[-74.1749189, 4.6358962], [-74.1750025, 4.6358699], [-74.1750558, 4.6359782], [-74.1750853, 4.6360357], [-74.1751153, 4.6360936]]}}, {"type": "Feature", "properties": {"highway": "cycleway", "cycleway": "crossing", "name": null}, "geometry": {"type": "LineString", "coordinates": [[-74.1745853, 4.6360316], [-74.1746357, 4.6361333], [-74.1746663, 4.6361951], [-74.1746954, 4.6362538], [-74.1747195, 4.6363027]]}}, {"type": "Feature", "properties": {"highway": "cycleway", "cycleway": null, "name": null}, "geometry": {"type": "LineString", "coordinates": [[-74.1471614, 4.655629], [-74.1453433, 4.6545789], [-74.1448382, 4.6543509], [-74.1445151, 4.6542039], [-74.144207, 4.654057], [-74.1439214, 4.6539036], [-74.1436733, 4.653762]]}}, {"type": "Feature", "properties": {"highway": "cycleway", "cycleway": null, "name": null}, "geometry": {"type": "LineString", "coordinates": [[-74.0443738, 4.6932385], [-74.0442735, 4.693437], [-74.0441461, 4.6936892]]}}, {"type": "Feature", "properties": {"highway": "cycleway", "cycleway": null, "name": null}, "geometry": {"type": "LineString", "coordinates": [[-74.0441461, 4.6936892], [-74.0440509, 4.6938044], [-74.0440421, 4.6938163], [-74.0440356, 4.6938267], [-74.0438933, 4.6940861], [-74.043887, 4.6941001], [-74.0438817, 4.6941133], [-74.0438345, 4.6942679]]}}, {"type": "Feature", "properties": {"highway": "cycleway", "cycleway": null, "name": null}, "geometry": {"type": "LineString", "coordinates": [[-74.0438345, 4.6942679], [-74.0439449, 4.6941491], [-74.0439562, 4.6941351], [-74.0439669, 4.6941168], [-74.0441026, 4.6938612], [-74.0441091, 4.6938466], [-74.0441136, 4.6938318], [-74.0441293, 4.6937629], [-74.0441461, 4.6936892]]}}, {"type": "Feature", "properties": {"highway": "cycleway", "cycleway": null, "name": null}, "geometry": {"type": "LineString", "coordinates": [[-74.0438345, 4.6942679], [-74.0437128, 4.6944895], [-74.0436957, 4.6945204]]}}, {"type": "Feature", "properties": {"highway": "cycleway", "cycleway": "crossing", "name": null}, "geometry": {"type": "LineString", "coordinates": [[-74.043176, 4.6962025], [-74.0431733, 4.6962542], [-74.043168, 4.6963556], [-74.0431622, 4.6964682], [-74.0431594, 4.696521]]}}, {"type": "Feature", "properties": {"highway": "cycleway", "cycleway": null, "name": null}, "geometry": {"type": "LineString", "coordinates": [[-74.0983809, 4.7413838], [-74.098659, 4.740715], [-74.0986779, 4.7406643], [-74.0987746, 4.7404059], [-74.0988733, 4.740142], [-74.0988876, 4.7401039], [-74.0989573, 4.7398905], [-74.098963, 4.7398733], [-74.0990322, 4.7396192], [-74.0990848, 4.7394247], [-74.0991055, 4.7393524], [-74.0991787, 4.7390936], [-74.0992249, 4.7389294], [-74.0992435, 4.7388245], [-74.0992912, 4.7385508], [-74.0993366, 4.7382841], [-74.0993988, 4.737922], [-74.0994247, 4.7377934], [-74.0994664, 4.7375706], [-74.0995183, 4.7372915], [-74.0995344, 4.7372078], [-74.0995593, 4.7370186], [-74.0995819, 4.736849], [-74.0996029, 4.7367379], [-74.0996486, 4.7364867], [-74.0996787, 4.7362895]]}}, {"type": "Feature", "properties": {"highway": "cycleway", "cycleway": null, "name": null}, "geometry": {"type": "LineString", "coordinates": [[-74.0981606, 4.7418862], [-74.0982489, 4.7416848], [-74.0982842, 4.7416044], [-74.0983179, 4.7415275], [-74.0983809, 4.7413838]]}}, {"type": "Feature", "properties": {"highway": "cycleway", "cycleway": null, "name": null}, "geometry": {"type": "LineString", "coordinates": [[-74.0966163, 4.7464401], [-74.0966029, 4.7463784], [-74.096602, 4.7463179], [-74.096608, 4.7462775], [-74.0966226, 4.7462298], [-74.0966583, 4.746153], [-74.0968033, 4.7458851], [-74.0968409, 4.7458161], [-74.0968685, 4.7457662], [-74.0968854, 4.7457364], [-74.0969973, 4.7455205], [-74.0970429, 4.7454293], [-74.097092, 4.7453134], [-74.0972327, 4.7449688], [-74.0973688, 4.744659], [-74.0976668, 4.7439656], [-74.0978632, 4.7434739], [-74.097899, 4.7433853], [-74.0980248, 4.7430741], [-74.0982022, 4.7427483], [-74.0983762, 4.7423094], [-74.0984964, 4.74196]]}}, {"type": "Feature", "properties": {"highway": "cycleway", "cycleway": null, "name": null}, "geometry": {"type": "LineString", "coordinates": [[-74.0984964, 4.74196], [-74.0985454, 4.7418104], [-74.0985775, 4.7417123], [-74.0985914, 4.7416701], [-74.0986037, 4.7416322], [-74.0986458, 4.7415039]]}}, {"type": "Feature", "properties": {"highway": "cycleway", "cycleway": null, "name": null}, "geometry": {"type": "LineString", "coordinates": [[-74.1230854, 4.5936192], [-74.1224347, 4.5936976]]}}, {"type": "Feature", "properties": {"highway": "cycleway", "cycleway": null, "name": null}, "geometry": {"type": "LineString", "coordinates": [[-74.0436244, 4.6946499], [-74.0435806, 4.6947358]]}}, {"type": "Feature", "properties": {"highway": "cycleway", "cycleway": null, "name": null}, "geometry": {"type": "LineString", "coordinates": [[-74.0436957, 4.6945204], [-74.0436244, 4.6946499]]}}, {"type": "Feature", "properties": {"highway": "cycleway", "cycleway": null, "name": null}, "geometry": {"type": "LineString", "coordinates": [[-74.0790728, 4.5729191], [-74.0791102, 4.5728963], [-74.0792315, 4.5729228], [-74.079404, 4.5729916], [-74.0795031, 4.5730471], [-74.0796128, 4.5731292], [-74.0799535, 4.5734158], [-74.0799919, 4.5734482], [-74.0803233, 4.573728], [-74.0804206, 4.5738118], [-74.0805427, 4.5738912], [-74.0806471, 4.5739759], [-74.080789, 4.5740822], [-74.080886, 4.5741549], [-74.0809957, 4.5742387], [-74.0812054, 4.5743869], [-74.0812376, 4.5744056], [-74.0813496, 4.5744709], [-74.0813824, 4.5744901], [-74.0815956, 4.5746523], [-74.0817832, 4.5747935], [-74.0818993, 4.5748893], [-74.0819743, 4.5749513], [-74.0819826, 4.5749585], [-74.0821885, 4.5751366], [-74.082369, 4.5752803], [-74.082799, 4.5756455], [-74.0828127, 4.575659], [-74.0828866, 4.5757319], [-74.0830034, 4.5758157], [-74.0832596, 4.5760252], [-74.083283, 4.5760444], [-74.0836971, 4.576387], [-74.0839319, 4.5765767], [-74.0840029, 4.5766359], [-74.0842016, 4.5768016], [-74.0844334, 4.576992], [-74.0845746, 4.5771124], [-74.0848193, 4.5773206], [-74.0851243, 4.5775792], [-74.0852107, 4.5776501], [-74.0855873, 4.5779617], [-74.0858485, 4.5781817], [-74.0862713, 4.5785345], [-74.0864326, 4.5786682], [-74.0865147, 4.5787288], [-74.086584, 4.5788056], [-74.086613, 4.5788456]]}}, {"type": "Feature", "properties": {"highway": "cycleway", "cycleway": null, "name": "Alameda el Porvenir"}, "geometry": {"type": "LineString", "coordinates": [[-74.2035751, 4.599992], [-74.2033576, 4.6006314], [-74.2033388, 4.600686]]}}, {"type": "Feature", "properties": {"highway": "cycleway", "cycleway": null, "name": null}, "geometry": {"type": "LineString", "coordinates": [[-74.1494783, 4.632366], [-74.149566, 4.6324031], [-74.1496434, 4.632455], [-74.1497378, 4.6325351], [-74.1501983, 4.6329291], [-74.1513404, 4.6340552]]}}, {"type": "Feature", "properties": {"highway": "cycleway", "cycleway": "crossing", "name": null}, "geometry": {"type": "LineString", "coordinates": [[-74.1532037, 4.6359254], [-74.1532349, 4.6359561], [-74.1532553, 4.6359762], [-74.1532749, 4.6359956]]}}, {"type": "Feature", "properties": {"highway": "cycleway", "cycleway": null, "name": null}, "geometry": {"type": "LineString", "coordinates": [[-74.1532749, 4.6359956], [-74.1535457, 4.6362661], [-74.1536534, 4.6363753], [-74.1539084, 4.6366731], [-74.1539783, 4.6367687]]}}, {"type": "Feature", "properties": {"highway": "cycleway", "cycleway": null, "name": null}, "geometry": {"type": "LineString", "coordinates": [[-74.1539783, 4.6367687], [-74.1539924, 4.636788], [-74.1540061, 4.6368089]]}}, {"type": "Feature", "properties": {"highway": "cycleway", "cycleway": null, "name": null}, "geometry": {"type": "LineString", "coordinates": [[-74.1540061, 4.6368089], [-74.1541332, 4.6370024], [-74.1542497, 4.637211], [-74.1544494, 4.6376328], [-74.1547442, 4.6381944], [-74.1547598, 4.6382259]]}}, {"type": "Feature", "properties": {"highway": "cycleway", "cycleway": null, "name": null}, "geometry": {"type": "LineString", "coordinates": [[-74.1547598, 4.6382259], [-74.1547803, 4.6382672], [-74.1547977, 4.6383193], [-74.1548004, 4.6383648], [-74.1548044, 4.6384196], [-74.1548178, 4.6384757], [-74.1548433, 4.6385145], [-74.1548853, 4.6385467], [-74.1549224, 4.6385974], [-74.1551106, 4.6388959], [-74.1552215, 4.6390719], [-74.1552686, 4.6391595]]}}, {"type": "Feature", "properties": {"highway": "cycleway", "cycleway": null, "name": null}, "geometry": {"type": "LineString", "coordinates": [[-74.1552686, 4.6391595], [-74.1554213, 4.6394435], [-74.155534, 4.6396841], [-74.1555688, 4.6397656], [-74.1555976, 4.6398366], [-74.1556305, 4.6399514]]}}, {"type": "Feature", "properties": {"highway": "cycleway", "cycleway": null, "name": null}, "geometry": {"type": "LineString", "coordinates": [[-74.1483112, 4.6328156], [-74.1488613, 4.632534], [-74.149201, 4.6323629], [-74.1492661, 4.6323465], [-74.1493549, 4.632343], [-74.149409, 4.6323486], [-74.1494783, 4.632366]]}}, {"type": "Feature", "properties": {"highway": "cycleway", "cycleway": null, "name": null}, "geometry": {"type": "LineString", "coordinates": [[-74.1513404, 4.6340552], [-74.1513776, 4.6340919], [-74.1513934, 4.6341079], [-74.1514505, 4.6341652]]}}, {"type": "Feature", "properties": {"highway": "cycleway", "cycleway": null, "name": null}, "geometry": {"type": "LineString", "coordinates": [[-74.1514505, 4.6341652], [-74.1526212, 4.6353401], [-74.1526987, 4.6354199], [-74.1532037, 4.6359254]]}}, {"type": "Feature", "properties": {"highway": "cycleway", "cycleway": null, "name": null}, "geometry": {"type": "LineString", "coordinates": [[-74.1533715, 4.643333], [-74.1533854, 4.6433565]]}}, {"type": "Feature", "properties": {"highway": "cycleway", "cycleway": null, "name": null}, "geometry": {"type": "LineString", "coordinates": [[-74.1533854, 4.6433565], [-74.1534412, 4.6434513], [-74.1537611, 4.6439992], [-74.154417, 4.6450828], [-74.1544946, 4.6452111]]}}, {"type": "Feature", "properties": {"highway": "cycleway", "cycleway": null, "name": null}, "geometry": {"type": "LineString", "coordinates": [[-74.1453939, 4.6316986], [-74.1453506, 4.6316407], [-74.1447166, 4.6315709], [-74.1440623, 4.6315044], [-74.1440382, 4.6315019]]}}, {"type": "Feature", "properties": {"highway": "cycleway", "cycleway": null, "name": null}, "geometry": {"type": "LineString", "coordinates": [[-74.1440382, 4.6315019], [-74.1439533, 4.6314933], [-74.1439025, 4.6314883], [-74.1433327, 4.6314322], [-74.1427639, 4.6313762], [-74.1422594, 4.631329], [-74.142224, 4.6313257], [-74.1417929, 4.6312816]]}}, {"type": "Feature", "properties": {"highway": "cycleway", "cycleway": null, "name": null}, "geometry": {"type": "LineString", "coordinates": [[-74.112729, 4.6424768], [-74.1123357, 4.642143], [-74.1118395, 4.6417218], [-74.1118279, 4.6417344], [-74.1116531, 4.6419085], [-74.1115897, 4.6419868], [-74.1115423, 4.6420758], [-74.1114963, 4.6421701], [-74.111461, 4.6422671], [-74.1114338, 4.6423588], [-74.1113905, 4.6424504], [-74.1113378, 4.6425407], [-74.111269, 4.6426257], [-74.1109926, 4.6429051], [-74.1097055, 4.6442063]]}}, {"type": "Feature", "properties": {"highway": "cycleway", "cycleway": null, "name": null}, "geometry": {"type": "LineString", "coordinates": [[-74.2273469, 4.7035311], [-74.2273685, 4.7035473], [-74.2273926, 4.7035658], [-74.2274355, 4.7035854], [-74.2275504, 4.7036649], [-74.2276065, 4.7037037], [-74.2276334, 4.7037253], [-74.2276749, 4.7037485], [-74.2280149, 4.703993], [-74.2280591, 4.7040218], [-74.2280902, 4.7040435], [-74.2281248, 4.7040666], [-74.2285071, 4.7043539], [-74.2287203, 4.704507], [-74.2287602, 4.7045357], [-74.2288844, 4.7046248], [-74.2289074, 4.7046413], [-74.228959, 4.704676], [-74.229002, 4.7046988]]}}, {"type": "Feature", "properties": {"highway": "cycleway", "cycleway": null, "name": null}, "geometry": {"type": "LineString", "coordinates": [[-74.2291457, 4.7069679], [-74.2291422, 4.7069717], [-74.2291104, 4.706997], [-74.2290687, 4.7070138], [-74.2290239, 4.7070174], [-74.2289929, 4.7070119], [-74.2289394, 4.7069838]]}}, {"type": "Feature", "properties": {"highway": "cycleway", "cycleway": null, "name": null}, "geometry": {"type": "LineString", "coordinates": [[-74.0539261, 4.708643], [-74.0539435, 4.7085468], [-74.0539858, 4.7083009]]}}, {"type": "Feature", "properties": {"highway": "cycleway", "cycleway": null, "name": null}, "geometry": {"type": "LineString", "coordinates": [[-74.0539299, 4.7087739], [-74.0539261, 4.7087127], [-74.0539261, 4.7086584], [-74.0539261, 4.708643]]}}, {"type": "Feature", "properties": {"highway": "cycleway", "cycleway": null, "name": null}, "geometry": {"type": "LineString", "coordinates": [[-74.0539858, 4.7083009], [-74.0540146, 4.7082073], [-74.0540441, 4.7081345], [-74.054088, 4.7080489], [-74.0541548, 4.7079667], [-74.0542067, 4.7079186], [-74.0542654, 4.7078728], [-74.0542513, 4.7078511]]}}, {"type": "Feature", "properties": {"highway": "cycleway", "cycleway": null, "name": null}, "geometry": {"type": "LineString", "coordinates": [[-74.0543063, 4.7078474], [-74.0546838, 4.7076259], [-74.0550757, 4.7073947], [-74.0551358, 4.7073609], [-74.0551988, 4.7073221], [-74.0552491, 4.7072984], [-74.0553024, 4.7072807], [-74.0553584, 4.707269], [-74.0554153, 4.707265], [-74.0554697, 4.707268], [-74.0555183, 4.707273], [-74.055618, 4.7072902]]}}, {"type": "Feature", "properties": {"highway": "cycleway", "cycleway": null, "name": null}, "geometry": {"type": "LineString", "coordinates": [[-74.0542654, 4.7078728], [-74.0542855, 4.7078591], [-74.0543063, 4.7078474]]}}, {"type": "Feature", "properties": {"highway": "cycleway", "cycleway": null, "name": null}, "geometry": {"type": "LineString", "coordinates": [[-74.1382391, 4.6282919], [-74.1386713, 4.6283352], [-74.1391305, 4.6283779], [-74.1395909, 4.6284233], [-74.1396478, 4.6284298], [-74.1396986, 4.6284237], [-74.1397413, 4.6284136], [-74.1397779, 4.6283934], [-74.1398754, 4.6283326], [-74.1400972, 4.6281842], [-74.1405946, 4.6278888], [-74.1411222, 4.6275711], [-74.1416472, 4.627332], [-74.1420973, 4.6271256], [-74.1425493, 4.6269701]]}}, {"type": "Feature", "properties": {"highway": "cycleway", "cycleway": null, "name": null}, "geometry": {"type": "LineString", "coordinates": [[-74.169754, 4.6379677], [-74.1691539, 4.6371467], [-74.1688629, 4.6367608], [-74.1687275, 4.6365716], [-74.1683601, 4.6360106], [-74.1680149, 4.6354802], [-74.1677857, 4.6351417], [-74.1674442, 4.6346249], [-74.1673414, 4.6344642], [-74.1670426, 4.6340262], [-74.1667553, 4.6336023], [-74.166651, 4.6334135], [-74.1665237, 4.6331611], [-74.1663392, 4.6327824], [-74.1662206, 4.6325548], [-74.1660199, 4.6321774]]}}, {"type": "Feature", "properties": {"highway": "cycleway", "cycleway": null, "name": null}, "geometry": {"type": "LineString", "coordinates": [[-74.0567915, 4.7074911], [-74.0568627, 4.7075059], [-74.0569198, 4.7075265], [-74.0569707, 4.7075085], [-74.0569876, 4.7075066], [-74.0570488, 4.7075116]]}}, {"type": "Feature", "properties": {"highway": "cycleway", "cycleway": null, "name": null}, "geometry": {"type": "LineString", "coordinates": [[-74.055618, 4.7072902], [-74.0556793, 4.7072988], [-74.0557289, 4.7073172], [-74.0557796, 4.7073206], [-74.0558013, 4.7073218]]}}, {"type": "Feature", "properties": {"highway": "cycleway", "cycleway": null, "name": null}, "geometry": {"type": "LineString", "coordinates": [[-74.0619465, 4.7083897], [-74.0620834, 4.7084232], [-74.0622242, 4.7084713], [-74.0624347, 4.7085408], [-74.0625657, 4.7085985], [-74.06288, 4.7087332], [-74.0631361, 4.7088649]]}}, {"type": "Feature", "properties": {"highway": "cycleway", "cycleway": null, "name": null}, "geometry": {"type": "LineString", "coordinates": [[-74.0617881, 4.7083479], [-74.061834, 4.7083605], [-74.061877, 4.7083714], [-74.0619465, 4.7083897]]}}, {"type": "Feature", "properties": {"highway": "cycleway", "cycleway": "crossing", "name": null}, "geometry": {"type": "LineString", "coordinates": [[-74.0641751, 4.7093139], [-74.0641816, 4.7092959], [-74.0641823, 4.7092939], [-74.0641888, 4.7092778], [-74.0642076, 4.7092334], [-74.0642319, 4.7091718]]}}, {"type": "Feature", "properties": {"highway": "cycleway", "cycleway": "crossing", "name": null}, "geometry": {"type": "LineString", "coordinates": [[-74.0642726, 4.7091364], [-74.0643224, 4.7091469], [-74.0643642, 4.7091559]]}}, {"type": "Feature", "properties": {"highway": "cycleway", "cycleway": "crossing", "name": null}, "geometry": {"type": "LineString", "coordinates": [[-74.0718323, 4.7108105], [-74.071841, 4.7108543], [-74.0718531, 4.7109154], [-74.0718635, 4.7109677], [-74.0718779, 4.7110404]]}}, {"type": "Feature", "properties": {"highway": "cycleway", "cycleway": "crossing", "name": null}, "geometry": {"type": "LineString", "coordinates": [[-74.0716636, 4.7106941], [-74.071687, 4.7107102], [-74.0717103, 4.7107263], [-74.0717338, 4.7107425], [-74.0718323, 4.7108105]]}}, {"type": "Feature", "properties": {"highway": "cycleway", "cycleway": null, "name": null}, "geometry": {"type": "LineString", "coordinates": [[-74.1186241, 4.7034423], [-74.119287, 4.703446], [-74.1194998, 4.703343], [-74.1204455, 4.703359], [-74.120904, 4.7033674], [-74.1210696, 4.7033686], [-74.1211092, 4.7033638], [-74.1211428, 4.703353], [-74.1211753, 4.7033303], [-74.1212041, 4.7032872], [-74.1214537, 4.7027501], [-74.1214777, 4.7026975], [-74.1215137, 4.7026472], [-74.1215594, 4.7025994], [-74.121617, 4.7025527], [-74.1221295, 4.7022142], [-74.1221823, 4.7021747], [-74.1222399, 4.7021268], [-74.1223288, 4.7020479], [-74.1224008, 4.7019917], [-74.1224332, 4.701951], [-74.1224504, 4.7019287], [-74.1225628, 4.7018503]]}}, {"type": "Feature", "properties": {"highway": "cycleway", "cycleway": null, "name": null}, "geometry": {"type": "LineString", "coordinates": [[-74.0825809, 4.605798], [-74.0826132, 4.6058268]]}}, {"type": "Feature", "properties": {"highway": "cycleway", "cycleway": null, "name": null}, "geometry": {"type": "LineString", "coordinates": [[-74.0615342, 4.7083009], [-74.0615991, 4.7083129], [-74.0616276, 4.7083182], [-74.0616612, 4.7083244], [-74.0617881, 4.7083479]]}}, {"type": "Feature", "properties": {"highway": "cycleway", "cycleway": null, "name": null}, "geometry": {"type": "LineString", "coordinates": [[-74.0595667, 4.7079561], [-74.0595868, 4.7079597], [-74.0596601, 4.7079754]]}}, {"type": "Feature", "properties": {"highway": "cycleway", "cycleway": null, "name": null}, "geometry": {"type": "LineString", "coordinates": [[-74.0596601, 4.7079754], [-74.0596985, 4.7079867], [-74.0597116, 4.7079994], [-74.0597519, 4.7080132]]}}, {"type": "Feature", "properties": {"highway": "cycleway", "cycleway": null, "name": null}, "geometry": {"type": "LineString", "coordinates": [[-74.0597519, 4.7080132], [-74.0597878, 4.7080215], [-74.0598165, 4.7080285], [-74.0601666, 4.7080897]]}}, {"type": "Feature", "properties": {"highway": "cycleway", "cycleway": null, "name": null}, "geometry": {"type": "LineString", "coordinates": [[-74.0601666, 4.7080897], [-74.0604987, 4.7081446], [-74.0609971, 4.7082247], [-74.0615342, 4.7083009]]}}, {"type": "Feature", "properties": {"highway": "cycleway", "cycleway": null, "name": null}, "geometry": {"type": "LineString", "coordinates": [[-74.0542144, 4.7076191], [-74.0542299, 4.7075089]]}}, {"type": "Feature", "properties": {"highway": "cycleway", "cycleway": null, "name": null}, "geometry": {"type": "LineString", "coordinates": [[-74.0542513, 4.7078511], [-74.0542449, 4.7078208]]}}, {"type": "Feature", "properties": {"highway": "cycleway", "cycleway": null, "name": null}, "geometry": {"type": "LineString", "coordinates": [[-74.0542111, 4.70768], [-74.0542123, 4.7076472], [-74.0542144, 4.7076191]]}}, {"type": "Feature", "properties": {"highway": "cycleway", "cycleway": null, "name": null}, "geometry": {"type": "LineString", "coordinates": [[-74.0542449, 4.7078208], [-74.0542255, 4.7077966]]}}, {"type": "Feature", "properties": {"highway": "cycleway", "cycleway": null, "name": null}, "geometry": {"type": "LineString", "coordinates": [[-74.0542255, 4.7077966], [-74.0542204, 4.7077772], [-74.0542151, 4.7077619], [-74.0542128, 4.7077495], [-74.0542097, 4.7077348], [-74.0542087, 4.7077204], [-74.0542094, 4.7076974], [-74.0542111, 4.70768]]}}, {"type": "Feature", "properties": {"highway": "cycleway", "cycleway": null, "name": null}, "geometry": {"type": "LineString", "coordinates": [[-74.0558013, 4.7073218], [-74.0567915, 4.7074911]]}}, {"type": "Feature", "properties": {"highway": "cycleway", "cycleway": null, "name": "Paso Seguro Conexi\u00f3n Av. Boyac\u00e1 - Cl 26"}, "geometry": {"type": "LineString", "coordinates": [[-74.1109029, 4.6659947], [-74.1109429, 4.6659683], [-74.1110093, 4.6659245], [-74.1110992, 4.6658651], [-74.1111516, 4.6658305], [-74.1111861, 4.6658077], [-74.1112191, 4.6657859], [-74.111285, 4.6657424]]}}, {"type": "Feature", "properties": {"highway": "cycleway", "cycleway": null, "name": "Paso Seguro Conexi\u00f3n Av. Boyac\u00e1 - Cl 26"}, "geometry": {"type": "LineString", "coordinates": [[-74.1116912, 4.6662788], [-74.1116728, 4.6662513], [-74.1116459, 4.6662112], [-74.1116237, 4.666178], [-74.1115955, 4.6661359]]}}, {"type": "Feature", "properties": {"highway": "cycleway", "cycleway": "crossing", "name": null}, "geometry": {"type": "LineString", "coordinates": [[-74.0609705, 4.6876193], [-74.06089, 4.6876004], [-74.0607787, 4.6875742], [-74.0607442, 4.6875661]]}}, {"type": "Feature", "properties": {"highway": "cycleway", "cycleway": null, "name": null}, "geometry": {"type": "LineString", "coordinates": [[-74.0694738, 4.6898909], [-74.0697397, 4.6898687], [-74.0699378, 4.6898481], [-74.0702409, 4.6898053], [-74.0705092, 4.6897545], [-74.070654, 4.6897251], [-74.0708793, 4.6896743]]}}, {"type": "Feature", "properties": {"highway": "cycleway", "cycleway": "crossing", "name": null}, "geometry": {"type": "LineString", "coordinates": [[-74.0692187, 4.6899083], [-74.0693613, 4.6898986], [-74.0694738, 4.6898909]]}}, {"type": "Feature", "properties": {"highway": "cycleway", "cycleway": null, "name": null}, "geometry": {"type": "LineString", "coordinates": [[-74.0711958, 4.6895915], [-74.071625, 4.6894578]]}}, {"type": "Feature", "properties": {"highway": "cycleway", "cycleway": "crossing", "name": null}, "geometry": {"type": "LineString", "coordinates": [[-74.0708793, 4.6896743], [-74.0709767, 4.6896488], [-74.0710904, 4.6896191], [-74.0711958, 4.6895915]]}}, {"type": "Feature", "properties": {"highway": "cycleway", "cycleway": null, "name": null}, "geometry": {"type": "LineString", "coordinates": [[-74.0935622, 4.7109777], [-74.0938324, 4.7106487], [-74.0938609, 4.7106139], [-74.0940195, 4.7104255], [-74.0940583, 4.7103827], [-74.0943258, 4.7100875]]}}, {"type": "Feature", "properties": {"highway": "cycleway", "cycleway": "crossing", "name": null}, "geometry": {"type": "LineString", "coordinates": [[-74.0943258, 4.7100875], [-74.0943636, 4.7100468], [-74.0944012, 4.7100063], [-74.0944572, 4.7099459], [-74.0944988, 4.7099011]]}}, {"type": "Feature", "properties": {"highway": "cycleway", "cycleway": null, "name": null}, "geometry": {"type": "LineString", "coordinates": [[-74.0939438, 4.6985314], [-74.093924, 4.6984834], [-74.0939225, 4.6984384], [-74.0939302, 4.6983955], [-74.0939625, 4.6983233], [-74.093981, 4.6982788], [-74.0939795, 4.6982542], [-74.0939632, 4.6982215], [-74.0934234, 4.697941], [-74.0932785, 4.6978811], [-74.0932, 4.6978581], [-74.093145, 4.6978474], [-74.0931291, 4.6978443], [-74.0930721, 4.6978412]]}}, {"type": "Feature", "properties": {"highway": "cycleway", "cycleway": "crossing", "name": null}, "geometry": {"type": "LineString", "coordinates": [[-74.0930721, 4.6978412], [-74.0930363, 4.6978232], [-74.093013, 4.6978115], [-74.092887, 4.6977481], [-74.0928223, 4.6977156]]}}, {"type": "Feature", "properties": {"highway": "cycleway", "cycleway": "crossing", "name": null}, "geometry": {"type": "LineString", "coordinates": [[-74.1011951, 4.6708621], [-74.101133, 4.6708017], [-74.1009724, 4.6706453], [-74.100881, 4.6705562]]}}, {"type": "Feature", "properties": {"highway": "cycleway", "cycleway": null, "name": null}, "geometry": {"type": "LineString", "coordinates": [[-74.1630184, 4.6347036], [-74.1629024, 4.6348045], [-74.1627075, 4.6349896], [-74.1625117, 4.6351755], [-74.1623269, 4.6353511], [-74.1621239, 4.6355438], [-74.161896, 4.6357602], [-74.1618241, 4.6358285], [-74.1617458, 4.635902], [-74.1615415, 4.6360938], [-74.1614972, 4.6361354], [-74.161454, 4.636176], [-74.161378, 4.6362498], [-74.1608652, 4.6367518], [-74.1606386, 4.6369674], [-74.1604792, 4.6371231], [-74.1603677, 4.637232], [-74.1599814, 4.6375983], [-74.1599388, 4.6376372]]}}, {"type": "Feature", "properties": {"highway": "cycleway", "cycleway": "crossing", "name": null}, "geometry": {"type": "LineString", "coordinates": [[-74.1631723, 4.6345748], [-74.1631465, 4.6345964], [-74.1631163, 4.6346208], [-74.1630507, 4.6346759], [-74.1630184, 4.6347036]]}}, {"type": "Feature", "properties": {"highway": "cycleway", "cycleway": null, "name": null}, "geometry": {"type": "LineString", "coordinates": [[-74.0435213, 4.6949228], [-74.0435289, 4.6949011], [-74.0435375, 4.6948769], [-74.0435806, 4.6947358]]}}, {"type": "Feature", "properties": {"highway": "cycleway", "cycleway": null, "name": null}, "geometry": {"type": "LineString", "coordinates": [[-74.0435806, 4.6947358], [-74.0434858, 4.6948512], [-74.0434728, 4.6948696], [-74.0434609, 4.6948924]]}}, {"type": "Feature", "properties": {"highway": "cycleway", "cycleway": null, "name": null}, "geometry": {"type": "LineString", "coordinates": [[-74.126292, 4.5941514], [-74.1263219, 4.5941349], [-74.1263679, 4.5941546]]}}, {"type": "Feature", "properties": {"highway": "cycleway", "cycleway": null, "name": null}, "geometry": {"type": "LineString", "coordinates": [[-74.1266148, 4.5942605], [-74.1266245, 4.5942647], [-74.1266631, 4.5942812], [-74.1266907, 4.594293], [-74.1267017, 4.5942977]]}}, {"type": "Feature", "properties": {"highway": "cycleway", "cycleway": null, "name": null}, "geometry": {"type": "LineString", "coordinates": [[-74.1265239, 4.5942215], [-74.1266148, 4.5942605]]}}, {"type": "Feature", "properties": {"highway": "cycleway", "cycleway": null, "name": null}, "geometry": {"type": "LineString", "coordinates": [[-74.1264316, 4.594182], [-74.1264741, 4.5942002], [-74.1265147, 4.5942176], [-74.1265239, 4.5942215]]}}, {"type": "Feature", "properties": {"highway": "cycleway", "cycleway": null, "name": null}, "geometry": {"type": "LineString", "coordinates": [[-74.1263679, 4.5941546], [-74.1264316, 4.594182]]}}, {"type": "Feature", "properties": {"highway": "cycleway", "cycleway": null, "name": null}, "geometry": {"type": "LineString", "coordinates": [[-74.1262713, 4.5941628], [-74.126292, 4.5941514]]}}, {"type": "Feature", "properties": {"highway": "cycleway", "cycleway": null, "name": null}, "geometry": {"type": "LineString", "coordinates": [[-74.0418138, 4.781696], [-74.0417939, 4.7818104], [-74.0417787, 4.7818982], [-74.0415832, 4.7830223], [-74.0414682, 4.7837084], [-74.0414465, 4.7838381], [-74.0413729, 4.7841847], [-74.0413623, 4.7842349], [-74.0412798, 4.7845392], [-74.0412119, 4.7849417], [-74.0411673, 4.7852061], [-74.0404763, 4.7893023], [-74.0401412, 4.7912893], [-74.0400845, 4.7917322], [-74.0399445, 4.7928292], [-74.0391805, 4.7973328], [-74.0387506, 4.7998371], [-74.0386899, 4.8001909], [-74.0386696, 4.8003094], [-74.0385827, 4.8008155], [-74.0384531, 4.8015704], [-74.0384401, 4.801646], [-74.0384272, 4.801732], [-74.0377973, 4.8059338], [-74.0377511, 4.8062174], [-74.0377364, 4.8063076], [-74.0376752, 4.8066828], [-74.0376673, 4.806731], [-74.037218, 4.8094854], [-74.0370646, 4.8104271], [-74.0370108, 4.8107568], [-74.0369658, 4.8110328], [-74.0369605, 4.8110655], [-74.0369462, 4.8111533], [-74.0366955, 4.8126619], [-74.0367213, 4.8126925], [-74.0367663, 4.8127459]]}}, {"type": "Feature", "properties": {"highway": "cycleway", "cycleway": null, "name": null}, "geometry": {"type": "LineString", "coordinates": [[-74.0631361, 4.7088649], [-74.063156, 4.7088731], [-74.0631751, 4.7088816]]}}, {"type": "Feature", "properties": {"highway": "cycleway", "cycleway": null, "name": null}, "geometry": {"type": "LineString", "coordinates": [[-74.0631751, 4.7088816], [-74.0632003, 4.7088898], [-74.0633152, 4.708937], [-74.0636685, 4.7091048]]}}, {"type": "Feature", "properties": {"highway": "cycleway", "cycleway": null, "name": null}, "geometry": {"type": "LineString", "coordinates": [[-74.0636685, 4.7091048], [-74.0636809, 4.7091097], [-74.0637115, 4.709122], [-74.0637557, 4.7091429]]}}, {"type": "Feature", "properties": {"highway": "cycleway", "cycleway": null, "name": null}, "geometry": {"type": "LineString", "coordinates": [[-74.0637557, 4.7091429], [-74.0640011, 4.7092505], [-74.0641751, 4.7093139]]}}, {"type": "Feature", "properties": {"highway": "cycleway", "cycleway": null, "name": null}, "geometry": {"type": "LineString", "coordinates": [[-74.126193, 4.6574395], [-74.1261818, 4.6574503], [-74.1257167, 4.657896], [-74.1253782, 4.6582203], [-74.1252023, 4.6582472], [-74.125058, 4.6583878], [-74.1248026, 4.6586366], [-74.1247674, 4.658811], [-74.1244367, 4.6591267], [-74.124427, 4.6591352], [-74.1244159, 4.6591416], [-74.1244034, 4.6591469], [-74.1243902, 4.6591509]]}}, {"type": "Feature", "properties": {"highway": "cycleway", "cycleway": null, "name": null}, "geometry": {"type": "LineString", "coordinates": [[-74.099791, 4.6406126], [-74.1000922, 4.6404182], [-74.1003561, 4.6401944], [-74.1006022, 4.6399353]]}}, {"type": "Feature", "properties": {"highway": "cycleway", "cycleway": "crossing", "name": null}, "geometry": {"type": "LineString", "coordinates": [[-74.0995366, 4.6407841], [-74.0996154, 4.640731], [-74.0997367, 4.6406492], [-74.099791, 4.6406126]]}}, {"type": "Feature", "properties": {"highway": "cycleway", "cycleway": null, "name": null}, "geometry": {"type": "LineString", "coordinates": [[-74.0975517, 4.6378682], [-74.0962368, 4.6387265], [-74.0954443, 4.6392599]]}}, {"type": "Feature", "properties": {"highway": "cycleway", "cycleway": null, "name": null}, "geometry": {"type": "LineString", "coordinates": [[-74.0994747, 4.6366134], [-74.0977699, 4.6377258]]}}, {"type": "Feature", "properties": {"highway": "cycleway", "cycleway": "crossing", "name": null}, "geometry": {"type": "LineString", "coordinates": [[-74.0977699, 4.6377258], [-74.0977122, 4.6377634], [-74.0976026, 4.637835], [-74.0975517, 4.6378682]]}}, {"type": "Feature", "properties": {"highway": "cycleway", "cycleway": null, "name": null}, "geometry": {"type": "LineString", "coordinates": [[-74.1768502, 4.5971458], [-74.1758053, 4.5970162]]}}, {"type": "Feature", "properties": {"highway": "cycleway", "cycleway": null, "name": null}, "geometry": {"type": "LineString", "coordinates": [[-74.1288709, 4.647829], [-74.1289236, 4.6477879], [-74.1291293, 4.6476275], [-74.1293631, 4.6474452], [-74.1299684, 4.6469839], [-74.1305923, 4.6465042], [-74.1307061, 4.6464083], [-74.1309834, 4.6461745]]}}, {"type": "Feature", "properties": {"highway": "cycleway", "cycleway": "crossing", "name": null}, "geometry": {"type": "LineString", "coordinates": [[-74.1325235, 4.6446826], [-74.1325817, 4.6446204], [-74.1326068, 4.6445935], [-74.1326662, 4.64453], [-74.132684, 4.644511], [-74.132732, 4.6444596]]}}, {"type": "Feature", "properties": {"highway": "cycleway", "cycleway": null, "name": null}, "geometry": {"type": "LineString", "coordinates": [[-74.1871542, 4.6198817], [-74.1872487, 4.6201085], [-74.1873774, 4.6203554], [-74.1875518, 4.6206779], [-74.1879986, 4.6214375]]}}, {"type": "Feature", "properties": {"highway": "cycleway", "cycleway": "crossing", "name": null}, "geometry": {"type": "LineString", "coordinates": [[-74.1879986, 4.6214375], [-74.1880475, 4.6215203], [-74.1881097, 4.6216258]]}}, {"type": "Feature", "properties": {"highway": "cycleway", "cycleway": null, "name": null}, "geometry": {"type": "LineString", "coordinates": [[-74.1881097, 4.6216258], [-74.1882652, 4.621889], [-74.1883886, 4.6220815], [-74.1884878, 4.6222045], [-74.1885669, 4.6222913], [-74.1888207, 4.6225795], [-74.1891202, 4.6228943]]}}, {"type": "Feature", "properties": {"highway": "cycleway", "cycleway": "crossing", "name": null}, "geometry": {"type": "LineString", "coordinates": [[-74.1891202, 4.6228943], [-74.1891691, 4.6229457], [-74.1892153, 4.6229943]]}}, {"type": "Feature", "properties": {"highway": "cycleway", "cycleway": null, "name": null}, "geometry": {"type": "LineString", "coordinates": [[-74.1892153, 4.6229943], [-74.18949, 4.623283], [-74.1902348, 4.6241022], [-74.1908864, 4.6248219], [-74.1917789, 4.6258142]]}}, {"type": "Feature", "properties": {"highway": "cycleway", "cycleway": "crossing", "name": null}, "geometry": {"type": "LineString", "coordinates": [[-74.1917789, 4.6258142], [-74.1918434, 4.6258865], [-74.1918938, 4.625943]]}}, {"type": "Feature", "properties": {"highway": "cycleway", "cycleway": null, "name": null}, "geometry": {"type": "LineString", "coordinates": [[-74.1958958, 4.628775], [-74.1961575, 4.6293043], [-74.1964132, 4.6298213], [-74.1964306, 4.6298566]]}}, {"type": "Feature", "properties": {"highway": "cycleway", "cycleway": "crossing", "name": null}, "geometry": {"type": "LineString", "coordinates": [[-74.1964306, 4.6298566], [-74.1964512, 4.6298982], [-74.1964737, 4.6299438]]}}, {"type": "Feature", "properties": {"highway": "cycleway", "cycleway": "crossing", "name": null}, "geometry": {"type": "LineString", "coordinates": [[-74.1888633, 4.6311954], [-74.188812, 4.6312177], [-74.1887549, 4.6312425]]}}, {"type": "Feature", "properties": {"highway": "cycleway", "cycleway": null, "name": null}, "geometry": {"type": "LineString", "coordinates": [[-74.1637018, 4.6425454], [-74.1622802, 4.6437725], [-74.1622387, 4.6438083], [-74.1615804, 4.6443954]]}}, {"type": "Feature", "properties": {"highway": "cycleway", "cycleway": "crossing", "name": null}, "geometry": {"type": "LineString", "coordinates": [[-74.1638043, 4.6424543], [-74.1637544, 4.6424987], [-74.1637018, 4.6425454]]}}, {"type": "Feature", "properties": {"highway": "cycleway", "cycleway": null, "name": null}, "geometry": {"type": "LineString", "coordinates": [[-74.1652208, 4.6412031], [-74.164997, 4.6413878], [-74.1638461, 4.6424179], [-74.1638043, 4.6424543]]}}, {"type": "Feature", "properties": {"highway": "cycleway", "cycleway": "crossing", "name": null}, "geometry": {"type": "LineString", "coordinates": [[-74.1653883, 4.6410675], [-74.1653392, 4.6411084], [-74.1652655, 4.6411673], [-74.1652208, 4.6412031]]}}, {"type": "Feature", "properties": {"highway": "cycleway", "cycleway": null, "name": null}, "geometry": {"type": "LineString", "coordinates": [[-74.1667284, 4.6400298], [-74.1665761, 4.6401319], [-74.1660993, 4.6404901], [-74.1654919, 4.6409863], [-74.1653883, 4.6410675]]}}, {"type": "Feature", "properties": {"highway": "cycleway", "cycleway": "crossing", "name": null}, "geometry": {"type": "LineString", "coordinates": [[-74.167084, 4.6397943], [-74.1670423, 4.6398219], [-74.1670113, 4.6398425], [-74.1668146, 4.6399727], [-74.1667284, 4.6400298]]}}, {"type": "Feature", "properties": {"highway": "cycleway", "cycleway": null, "name": null}, "geometry": {"type": "LineString", "coordinates": [[-74.169703, 4.6381053], [-74.1693903, 4.6382225], [-74.1692159, 4.6382886], [-74.1689894, 4.638398], [-74.1687947, 4.6385144], [-74.1683682, 4.6388337], [-74.167865, 4.6392181], [-74.1672923, 4.6396556], [-74.1671514, 4.6397503], [-74.167084, 4.6397943]]}}, {"type": "Feature", "properties": {"highway": "cycleway", "cycleway": "crossing", "name": null}, "geometry": {"type": "LineString", "coordinates": [[-74.1700164, 4.6379935], [-74.1699322, 4.6380236], [-74.1697917, 4.6380737], [-74.169703, 4.6381053]]}}, {"type": "Feature", "properties": {"highway": "cycleway", "cycleway": null, "name": null}, "geometry": {"type": "LineString", "coordinates": [[-74.171668, 4.6372169], [-74.1707501, 4.6376607], [-74.1704661, 4.6378082], [-74.1701483, 4.6379471], [-74.1700164, 4.6379935]]}}, {"type": "Feature", "properties": {"highway": "cycleway", "cycleway": "crossing", "name": null}, "geometry": {"type": "LineString", "coordinates": [[-74.1718113, 4.6371546], [-74.1717676, 4.6371736], [-74.1717007, 4.6372027], [-74.171668, 4.6372169]]}}, {"type": "Feature", "properties": {"highway": "cycleway", "cycleway": null, "name": null}, "geometry": {"type": "LineString", "coordinates": [[-74.1797829, 4.6346972], [-74.1793374, 4.6348124], [-74.1789971, 4.6348957], [-74.1778251, 4.6352271], [-74.1776583, 4.6352735], [-74.1764636, 4.6356174], [-74.1750853, 4.6360357]]}}, {"type": "Feature", "properties": {"highway": "cycleway", "cycleway": "crossing", "name": null}, "geometry": {"type": "LineString", "coordinates": [[-74.1801396, 4.6346077], [-74.1799616, 4.6346524], [-74.1799346, 4.6346591], [-74.1797829, 4.6346972]]}}, {"type": "Feature", "properties": {"highway": "cycleway", "cycleway": null, "name": null}, "geometry": {"type": "LineString", "coordinates": [[-74.1513418, 4.652857], [-74.1508383, 4.653208], [-74.1501051, 4.6537175], [-74.148958, 4.654511], [-74.1489161, 4.6545404], [-74.1479318, 4.6552297], [-74.1473976, 4.655602]]}}, {"type": "Feature", "properties": {"highway": "cycleway", "cycleway": "crossing", "name": null}, "geometry": {"type": "LineString", "coordinates": [[-74.1514691, 4.6527682], [-74.1514038, 4.6528138], [-74.1513418, 4.652857]]}}, {"type": "Feature", "properties": {"highway": "cycleway", "cycleway": "crossing", "name": null}, "geometry": {"type": "LineString", "coordinates": [[-74.1569067, 4.6487683], [-74.1568548, 4.6488121], [-74.156807, 4.6488523]]}}, {"type": "Feature", "properties": {"highway": "cycleway", "cycleway": null, "name": null}, "geometry": {"type": "LineString", "coordinates": [[-74.156807, 4.6488523], [-74.1567674, 4.6488857]]}}, {"type": "Feature", "properties": {"highway": "cycleway", "cycleway": null, "name": null}, "geometry": {"type": "LineString", "coordinates": [[-74.1587907, 4.6472082], [-74.1580449, 4.6478142], [-74.1578431, 4.6479833], [-74.1570084, 4.6486826], [-74.1569067, 4.6487683]]}}, {"type": "Feature", "properties": {"highway": "cycleway", "cycleway": "crossing", "name": null}, "geometry": {"type": "LineString", "coordinates": [[-74.1589251, 4.6470996], [-74.1588583, 4.6471535], [-74.1587907, 4.6472082]]}}, {"type": "Feature", "properties": {"highway": "cycleway", "cycleway": null, "name": null}, "geometry": {"type": "LineString", "coordinates": [[-74.0719549, 4.6895059], [-74.0719897, 4.689423], [-74.0720273, 4.6893776], [-74.0720474, 4.6893548], [-74.0720997, 4.6893134], [-74.0721614, 4.6892787], [-74.0722154, 4.6892582], [-74.0722774, 4.689232], [-74.0724135, 4.6891771], [-74.0727002, 4.689039], [-74.0730626, 4.6888643], [-74.0731491, 4.6888185], [-74.0734101, 4.6886548], [-74.073718, 4.6884466], [-74.0740811, 4.688196]]}}, {"type": "Feature", "properties": {"highway": "cycleway", "cycleway": "crossing", "name": null}, "geometry": {"type": "LineString", "coordinates": [[-74.0740811, 4.688196], [-74.0741608, 4.6881372], [-74.0743181, 4.6880211]]}}, {"type": "Feature", "properties": {"highway": "cycleway", "cycleway": "crossing", "name": null}, "geometry": {"type": "LineString", "coordinates": [[-74.1005959, 4.6574774], [-74.100702, 4.657357], [-74.1007597, 4.6572916]]}}, {"type": "Feature", "properties": {"highway": "cycleway", "cycleway": null, "name": null}, "geometry": {"type": "LineString", "coordinates": [[-74.1113759, 4.643838], [-74.1104843, 4.6447763], [-74.1103844, 4.6448857], [-74.1101985, 4.64509], [-74.1101341, 4.6451606], [-74.1100179, 4.6452803], [-74.1097084, 4.6455996], [-74.1096732, 4.645636], [-74.109174, 4.6461261], [-74.108921, 4.6463744], [-74.1088338, 4.64646]]}}, {"type": "Feature", "properties": {"highway": "cycleway", "cycleway": "crossing", "name": null}, "geometry": {"type": "LineString", "coordinates": [[-74.1115146, 4.6436883], [-74.1114905, 4.6437133], [-74.1113759, 4.643838]]}}, {"type": "Feature", "properties": {"highway": "cycleway", "cycleway": "crossing", "name": null}, "geometry": {"type": "LineString", "coordinates": [[-74.0853288, 4.6782358], [-74.0853606, 4.6781863], [-74.0854078, 4.6781127]]}}, {"type": "Feature", "properties": {"highway": "cycleway", "cycleway": null, "name": null}, "geometry": {"type": "LineString", "coordinates": [[-74.0775579, 4.6853856], [-74.0776439, 4.6853224]]}}, {"type": "Feature", "properties": {"highway": "cycleway", "cycleway": null, "name": "Carrera 54"}, "geometry": {"type": "LineString", "coordinates": [[-74.0563543, 4.7303285], [-74.0563162, 4.7303652], [-74.0562833, 4.730397], [-74.056248, 4.7306442], [-74.0562308, 4.7308005], [-74.0562439, 4.7309067], [-74.056284, 4.7309826], [-74.0562707, 4.7312681], [-74.0562114, 4.7313279], [-74.0561465, 4.7317744], [-74.0561006, 4.7320897], [-74.0561062, 4.7321593], [-74.0561239, 4.7322174], [-74.0561474, 4.7322643]]}}, {"type": "Feature", "properties": {"highway": "cycleway", "cycleway": null, "name": null}, "geometry": {"type": "LineString", "coordinates": [[-74.1623185, 4.6150606], [-74.1622991, 4.61511], [-74.1622629, 4.6151488], [-74.1622125, 4.61517], [-74.1621808, 4.6151833], [-74.1616728, 4.6153463], [-74.1612156, 4.6154665], [-74.1611367, 4.6154803], [-74.1604825, 4.615595], [-74.1598208, 4.6157111]]}}, {"type": "Feature", "properties": {"highway": "cycleway", "cycleway": "crossing", "name": null}, "geometry": {"type": "LineString", "coordinates": [[-74.1598208, 4.6157111], [-74.1597873, 4.6157178], [-74.1597275, 4.615728], [-74.1596606, 4.6157401]]}}, {"type": "Feature", "properties": {"highway": "cycleway", "cycleway": null, "name": null}, "geometry": {"type": "LineString", "coordinates": [[-74.1255874, 4.7278092], [-74.1255213, 4.7277608], [-74.1254331, 4.727709], [-74.1254057, 4.727696], [-74.125276, 4.7276342], [-74.1252131, 4.7275936], [-74.1251043, 4.7275004], [-74.1250057, 4.7273882], [-74.1249475, 4.7272861], [-74.1249184, 4.7271677], [-74.1248994, 4.7269887], [-74.1248236, 4.7265829], [-74.1248109, 4.7265362], [-74.1247957, 4.7264972], [-74.1247195, 4.7263963], [-74.1246699, 4.7263296]]}}, {"type": "Feature", "properties": {"highway": "cycleway", "cycleway": "crossing", "name": null}, "geometry": {"type": "LineString", "coordinates": [[-74.1246699, 4.7263296], [-74.1246216, 4.7262515], [-74.1245125, 4.726075]]}}, {"type": "Feature", "properties": {"highway": "cycleway", "cycleway": null, "name": null}, "geometry": {"type": "LineString", "coordinates": [[-74.1245125, 4.726075], [-74.1242937, 4.7257939], [-74.1238485, 4.725257], [-74.123669, 4.7250717], [-74.1234552, 4.7248298], [-74.1233726, 4.7247478]]}}, {"type": "Feature", "properties": {"highway": "cycleway", "cycleway": "crossing", "name": null}, "geometry": {"type": "LineString", "coordinates": [[-74.1233726, 4.7247478], [-74.1232842, 4.7246465], [-74.1231592, 4.7245034], [-74.1230809, 4.7244138]]}}, {"type": "Feature", "properties": {"highway": "cycleway", "cycleway": null, "name": null}, "geometry": {"type": "LineString", "coordinates": [[-74.1230809, 4.7244138], [-74.1229949, 4.7243029], [-74.1228623, 4.7241414], [-74.1227597, 4.7239879], [-74.1224638, 4.7236375], [-74.1221969, 4.7233249], [-74.1221539, 4.7232758], [-74.122116, 4.7232506], [-74.1220806, 4.723209], [-74.122062, 4.723177], [-74.1220351, 4.7231283], [-74.1218302, 4.7228863], [-74.121552, 4.7225599], [-74.1213673, 4.7223545], [-74.1212458, 4.7222305], [-74.1211378, 4.7221428], [-74.1209852, 4.7220677]]}}, {"type": "Feature", "properties": {"highway": "cycleway", "cycleway": "crossing", "name": null}, "geometry": {"type": "LineString", "coordinates": [[-74.1210193, 4.7219619], [-74.1209672, 4.7218921], [-74.1207582, 4.7216118], [-74.1207, 4.7215338]]}}, {"type": "Feature", "properties": {"highway": "cycleway", "cycleway": "crossing", "name": null}, "geometry": {"type": "LineString", "coordinates": [[-74.1207, 4.7215338], [-74.1206091, 4.7214848], [-74.1205405, 4.7214435]]}}, {"type": "Feature", "properties": {"highway": "cycleway", "cycleway": "crossing", "name": null}, "geometry": {"type": "LineString", "coordinates": [[-74.1209852, 4.7220677], [-74.1209981, 4.7220257], [-74.1210193, 4.7219619]]}}, {"type": "Feature", "properties": {"highway": "cycleway", "cycleway": null, "name": null}, "geometry": {"type": "LineString", "coordinates": [[-74.2172326, 4.5944966], [-74.2172294, 4.5944508], [-74.2172651, 4.5936242], [-74.2173284, 4.5920292], [-74.2173342, 4.5919617], [-74.2173591, 4.5910954], [-74.2174798, 4.5892162]]}}, {"type": "Feature", "properties": {"highway": "cycleway", "cycleway": null, "name": null}, "geometry": {"type": "LineString", "coordinates": [[-74.2190699, 4.5912263], [-74.2190241, 4.5920909], [-74.2190216, 4.5921522], [-74.2189558, 4.5937949]]}}, {"type": "Feature", "properties": {"highway": "cycleway", "cycleway": null, "name": null}, "geometry": {"type": "LineString", "coordinates": [[-74.0478941, 4.7449328], [-74.0477874, 4.7455417], [-74.0477662, 4.7456636], [-74.0477296, 4.7458743], [-74.0477042, 4.7460556], [-74.0476228, 4.7466444], [-74.0475785, 4.7469916]]}}, {"type": "Feature", "properties": {"highway": "cycleway", "cycleway": "crossing", "name": null}, "geometry": {"type": "LineString", "coordinates": [[-74.0474135, 4.7479492], [-74.0474057, 4.7480351], [-74.0473997, 4.7481015]]}}, {"type": "Feature", "properties": {"highway": "cycleway", "cycleway": "crossing", "name": null}, "geometry": {"type": "LineString", "coordinates": [[-74.1408312, 4.6113305], [-74.1409055, 4.6112907], [-74.141003, 4.6112385], [-74.1411758, 4.6111459], [-74.1412804, 4.6110898], [-74.1413381, 4.6110589]]}}, {"type": "Feature", "properties": {"highway": "cycleway", "cycleway": "crossing", "name": null}, "geometry": {"type": "LineString", "coordinates": [[-74.1413561, 4.6108952], [-74.1413076, 4.6109177], [-74.141208, 4.6109638], [-74.1410364, 4.6110432], [-74.1409374, 4.6110891], [-74.1408663, 4.611122]]}}, {"type": "Feature", "properties": {"highway": "cycleway", "cycleway": null, "name": null}, "geometry": {"type": "LineString", "coordinates": [[-74.1380487, 4.6312427], [-74.1381067, 4.6305101], [-74.1381835, 4.6296246], [-74.1381915, 4.6294248], [-74.1381946, 4.6293943], [-74.1381984, 4.6293557], [-74.1381928, 4.6293324], [-74.1381766, 4.6293089], [-74.1381551, 4.6292881], [-74.1381459, 4.6292569], [-74.1382305, 4.6283843], [-74.1382348, 4.6283403], [-74.1382391, 4.6282919], [-74.1382414, 4.6282661], [-74.1382693, 4.6279511], [-74.1383544, 4.6271884], [-74.1383973, 4.6267307], [-74.1384319, 4.6262748], [-74.1384628, 4.6258895]]}}, {"type": "Feature", "properties": {"highway": "cycleway", "cycleway": "crossing", "name": null}, "geometry": {"type": "LineString", "coordinates": [[-74.1384628, 4.6258895], [-74.1384674, 4.6258322], [-74.1384751, 4.6257363]]}}, {"type": "Feature", "properties": {"highway": "cycleway", "cycleway": null, "name": null}, "geometry": {"type": "LineString", "coordinates": [[-74.132732, 4.6444596], [-74.1327784, 4.6443957], [-74.1328597, 4.6442637], [-74.1330925, 4.6439501], [-74.1333502, 4.6436294], [-74.1335493, 4.6433466], [-74.134214, 4.6423661]]}}, {"type": "Feature", "properties": {"highway": "cycleway", "cycleway": "crossing", "name": null}, "geometry": {"type": "LineString", "coordinates": [[-74.134214, 4.6423661], [-74.1343415, 4.642182], [-74.1345347, 4.6419033], [-74.1346502, 4.6417367]]}}, {"type": "Feature", "properties": {"highway": "cycleway", "cycleway": null, "name": null}, "geometry": {"type": "LineString", "coordinates": [[-74.1326855, 4.6463626], [-74.1319627, 4.6452431]]}}, {"type": "Feature", "properties": {"highway": "cycleway", "cycleway": null, "name": null}, "geometry": {"type": "LineString", "coordinates": [[-74.1326855, 4.6463626], [-74.1326314, 4.6462135], [-74.1324644, 4.6459387]]}}, {"type": "Feature", "properties": {"highway": "cycleway", "cycleway": "crossing", "name": null}, "geometry": {"type": "LineString", "coordinates": [[-74.1569663, 4.580229], [-74.1569906, 4.5802445], [-74.1570212, 4.580264], [-74.1571724, 4.5803607]]}}, {"type": "Feature", "properties": {"highway": "cycleway", "cycleway": null, "name": "Alameda el Porvenir"}, "geometry": {"type": "LineString", "coordinates": [[-74.2048675, 4.6075592], [-74.2047698, 4.607637], [-74.2047183, 4.6076968], [-74.2046729, 4.6077612], [-74.204082, 4.6086823]]}}, {"type": "Feature", "properties": {"highway": "cycleway", "cycleway": "crossing", "name": "Alameda el Porvenir"}, "geometry": {"type": "LineString", "coordinates": [[-74.2050608, 4.6074676], [-74.2049821, 4.6075074], [-74.2049551, 4.6075188], [-74.2048675, 4.6075592]]}}, {"type": "Feature", "properties": {"highway": "cycleway", "cycleway": null, "name": "Alameda el Porvenir"}, "geometry": {"type": "LineString", "coordinates": [[-74.2049313, 4.6069344], [-74.2047979, 4.6070071], [-74.2047118, 4.607109]]}}, {"type": "Feature", "properties": {"highway": "cycleway", "cycleway": null, "name": "Alameda el Porvenir"}, "geometry": {"type": "LineString", "coordinates": [[-74.20428, 4.6056891], [-74.2043226, 4.6057706], [-74.2044908, 4.6060922], [-74.2046099, 4.6063198], [-74.2048244, 4.6067299], [-74.2049267, 4.6069258], [-74.2049313, 4.6069344]]}}, {"type": "Feature", "properties": {"highway": "cycleway", "cycleway": "crossing", "name": "Alameda el Porvenir"}, "geometry": {"type": "LineString", "coordinates": [[-74.2050017, 4.6104652], [-74.2049313, 4.6104401], [-74.2048273, 4.610403], [-74.2047847, 4.6103908]]}}, {"type": "Feature", "properties": {"highway": "cycleway", "cycleway": null, "name": "Alameda el Porvenir"}, "geometry": {"type": "LineString", "coordinates": [[-74.2040207, 4.608777], [-74.2034531, 4.6096544]]}}, {"type": "Feature", "properties": {"highway": "cycleway", "cycleway": "crossing", "name": "Alameda el Porvenir"}, "geometry": {"type": "LineString", "coordinates": [[-74.204082, 4.6086823], [-74.2040634, 4.608711], [-74.2040391, 4.6087485], [-74.2040207, 4.608777]]}}, {"type": "Feature", "properties": {"highway": "cycleway", "cycleway": null, "name": null}, "geometry": {"type": "LineString", "coordinates": [[-74.1986823, 4.6134748], [-74.1997717, 4.613707], [-74.1998897, 4.6137256], [-74.1999937, 4.6137302], [-74.2000882, 4.6137238], [-74.2001394, 4.6137204], [-74.2001708, 4.6137183], [-74.2001834, 4.6137175], [-74.2003304, 4.613694], [-74.2004579, 4.6136625], [-74.2005855, 4.6136218], [-74.2007314, 4.6135671], [-74.2008631, 4.6134968], [-74.2010331, 4.6133902], [-74.2012173, 4.6132463], [-74.2012505, 4.6132197], [-74.2012898, 4.6131882], [-74.20132, 4.6131622], [-74.2013348, 4.6131494], [-74.2013478, 4.6131324], [-74.2013616, 4.6131142], [-74.201394, 4.613057], [-74.2015742, 4.612741], [-74.2016712, 4.6125699], [-74.2020944, 4.6118353], [-74.2020989, 4.6118275], [-74.2021302, 4.6117731], [-74.2021415, 4.6117535], [-74.2021758, 4.6116944], [-74.2024323, 4.6112523], [-74.2024564, 4.6112132], [-74.2025206, 4.6111091], [-74.2025681, 4.611032], [-74.2026869, 4.6108499], [-74.2027366, 4.6107737], [-74.2028961, 4.6105293], [-74.2029189, 4.6104943], [-74.2031313, 4.6101688], [-74.2031549, 4.6101327]]}}, {"type": "Feature", "properties": {"highway": "cycleway", "cycleway": "crossing", "name": null}, "geometry": {"type": "LineString", "coordinates": [[-74.1984459, 4.6134245], [-74.1985651, 4.6134499], [-74.1986823, 4.6134748]]}}, {"type": "Feature", "properties": {"highway": "cycleway", "cycleway": "crossing", "name": null}, "geometry": {"type": "LineString", "coordinates": [[-74.1135325, 4.5958921], [-74.1134819, 4.5959101], [-74.1134286, 4.5959292], [-74.1133516, 4.5959567], [-74.1132687, 4.5959862], [-74.1132109, 4.5959885], [-74.1131429, 4.5960195]]}}, {"type": "Feature", "properties": {"highway": "cycleway", "cycleway": null, "name": null}, "geometry": {"type": "LineString", "coordinates": [[-74.1131429, 4.5960195], [-74.1128109, 4.5961501]]}}, {"type": "Feature", "properties": {"highway": "cycleway", "cycleway": null, "name": null}, "geometry": {"type": "LineString", "coordinates": [[-74.1211184, 4.5552509], [-74.1211351, 4.5552247], [-74.1211644, 4.5551846], [-74.1211803, 4.5551647], [-74.1211941, 4.555142], [-74.1212008, 4.5551198], [-74.1212008, 4.5550883], [-74.1211955, 4.5549573], [-74.1211939, 4.5549339]]}}, {"type": "Feature", "properties": {"highway": "cycleway", "cycleway": "crossing", "name": null}, "geometry": {"type": "LineString", "coordinates": [[-74.1210828, 4.555319], [-74.121099, 4.555288], [-74.1211184, 4.5552509]]}}, {"type": "Feature", "properties": {"highway": "cycleway", "cycleway": null, "name": null}, "geometry": {"type": "LineString", "coordinates": [[-74.1213575, 4.5563399], [-74.1213413, 4.5563152], [-74.1213188, 4.5562808], [-74.1212732, 4.5561685], [-74.121225, 4.5560161], [-74.1211928, 4.5558958], [-74.1211885, 4.5558737], [-74.1211767, 4.5558129], [-74.1211499, 4.5556311], [-74.1211257, 4.5554707], [-74.1211169, 4.5554362], [-74.1210927, 4.5553529], [-74.1210887, 4.5553394], [-74.1210828, 4.555319]]}}, {"type": "Feature", "properties": {"highway": "cycleway", "cycleway": "crossing", "name": null}, "geometry": {"type": "LineString", "coordinates": [[-74.1214342, 4.5564573], [-74.1213961, 4.556399], [-74.1213575, 4.5563399]]}}, {"type": "Feature", "properties": {"highway": "cycleway", "cycleway": "crossing", "name": null}, "geometry": {"type": "LineString", "coordinates": [[-74.1204509, 4.5434706], [-74.1204249, 4.543412], [-74.1203897, 4.5433329]]}}, {"type": "Feature", "properties": {"highway": "cycleway", "cycleway": null, "name": null}, "geometry": {"type": "LineString", "coordinates": [[-74.1196623, 4.5336166], [-74.1196373, 4.5335656], [-74.1195962, 4.5335199], [-74.1195193, 4.5334607], [-74.1193948, 4.5333749], [-74.1192913, 4.5332864], [-74.1192145, 4.5331925], [-74.1191529, 4.533104]]}}, {"type": "Feature", "properties": {"highway": "cycleway", "cycleway": "crossing", "name": null}, "geometry": {"type": "LineString", "coordinates": [[-74.1191529, 4.533104], [-74.1190897, 4.5330024], [-74.1190215, 4.5328927]]}}, {"type": "Feature", "properties": {"highway": "cycleway", "cycleway": null, "name": null}, "geometry": {"type": "LineString", "coordinates": [[-74.1190215, 4.5328927], [-74.1189674, 4.5327804], [-74.1189301, 4.5326184], [-74.118914, 4.5325061], [-74.1189059, 4.5324018], [-74.1189059, 4.5322092], [-74.1188872, 4.5321772], [-74.1188899, 4.5320916], [-74.118906, 4.5320622], [-74.1189055, 4.5317937], [-74.1189053, 4.5317117], [-74.1189052, 4.5316344], [-74.118907, 4.5311182]]}}, {"type": "Feature", "properties": {"highway": "cycleway", "cycleway": "crossing", "name": null}, "geometry": {"type": "LineString", "coordinates": [[-74.118907, 4.5311182], [-74.1189071, 4.5310786], [-74.1189081, 4.5307737], [-74.1189086, 4.5306424]]}}, {"type": "Feature", "properties": {"highway": "cycleway", "cycleway": null, "name": null}, "geometry": {"type": "LineString", "coordinates": [[-74.118872, 4.5284606], [-74.1188792, 4.528351], [-74.1188952, 4.5282414], [-74.11893, 4.528121], [-74.1189944, 4.5280006], [-74.1190373, 4.5279232], [-74.1190844, 4.5278675], [-74.1193891, 4.5275599]]}}, {"type": "Feature", "properties": {"highway": "cycleway", "cycleway": "crossing", "name": null}, "geometry": {"type": "LineString", "coordinates": [[-74.1188675, 4.5289214], [-74.118868, 4.5288659], [-74.1188712, 4.5285436], [-74.118872, 4.5284606]]}}, {"type": "Feature", "properties": {"highway": "cycleway", "cycleway": null, "name": null}, "geometry": {"type": "LineString", "coordinates": [[-74.1372546, 4.6579547], [-74.1373361, 4.6578701], [-74.1374067, 4.6577995], [-74.1374836, 4.657729], [-74.1375347, 4.6576908], [-74.1376074, 4.6576465], [-74.1377868, 4.6575616], [-74.138032, 4.6574384], [-74.1382496, 4.657326], [-74.1383412, 4.657267], [-74.1384206, 4.6572024], [-74.1386354, 4.6570228], [-74.1386771, 4.656988], [-74.1388338, 4.6568626], [-74.1390702, 4.6566733], [-74.1394298, 4.656418], [-74.1395989, 4.6563041], [-74.1398385, 4.6561533], [-74.140013, 4.6560312], [-74.1401821, 4.655899], [-74.1406525, 4.6555248], [-74.1408032, 4.6554137], [-74.1408475, 4.6553812], [-74.1409067, 4.6553304], [-74.1410187, 4.6552347], [-74.1410844, 4.6551779], [-74.1414082, 4.6548441], [-74.1417418, 4.6544797], [-74.1417862, 4.6544504], [-74.1418373, 4.6544377], [-74.1419063, 4.6544369], [-74.1419735, 4.6544444]]}}, {"type": "Feature", "properties": {"highway": "cycleway", "cycleway": null, "name": null}, "geometry": {"type": "LineString", "coordinates": [[-74.1419859, 4.6543613], [-74.1421913, 4.6541786]]}}, {"type": "Feature", "properties": {"highway": "cycleway", "cycleway": null, "name": null}, "geometry": {"type": "LineString", "coordinates": [[-74.1423939, 4.6541343], [-74.1428506, 4.6536036], [-74.1428938, 4.6535534], [-74.1430083, 4.6534204], [-74.1431481, 4.6532579]]}}, {"type": "Feature", "properties": {"highway": "cycleway", "cycleway": "crossing", "name": null}, "geometry": {"type": "LineString", "coordinates": [[-74.1431481, 4.6532579], [-74.1431803, 4.6531494], [-74.1432158, 4.6531157]]}}, {"type": "Feature", "properties": {"highway": "cycleway", "cycleway": null, "name": null}, "geometry": {"type": "LineString", "coordinates": [[-74.1426451, 4.6531803], [-74.1423652, 4.6529654], [-74.1422503, 4.6528863], [-74.141815, 4.6526274], [-74.1416545, 4.6524938]]}}, {"type": "Feature", "properties": {"highway": "cycleway", "cycleway": null, "name": null}, "geometry": {"type": "LineString", "coordinates": [[-74.1309541, 4.6436021], [-74.1305385, 4.6429092], [-74.1301495, 4.6422715], [-74.1299376, 4.6419159], [-74.1291343, 4.6405681]]}}, {"type": "Feature", "properties": {"highway": "cycleway", "cycleway": "crossing", "name": null}, "geometry": {"type": "LineString", "coordinates": [[-74.0896227, 4.7217533], [-74.0896238, 4.7217115], [-74.0896262, 4.7216182]]}}, {"type": "Feature", "properties": {"highway": "cycleway", "cycleway": null, "name": null}, "geometry": {"type": "LineString", "coordinates": [[-74.0894499, 4.7235963], [-74.0895845, 4.7232386], [-74.089603, 4.7231892], [-74.0896038, 4.7231872], [-74.089614, 4.7231606], [-74.0896619, 4.7230355], [-74.0897034, 4.722897], [-74.0897176, 4.7228017], [-74.0897143, 4.7227057], [-74.0897004, 4.7225623], [-74.0896944, 4.7225001], [-74.0896927, 4.7224825], [-74.0896555, 4.7221956]]}}, {"type": "Feature", "properties": {"highway": "cycleway", "cycleway": "crossing", "name": null}, "geometry": {"type": "LineString", "coordinates": [[-74.0893895, 4.7237636], [-74.089418, 4.7236846], [-74.0894499, 4.7235963]]}}, {"type": "Feature", "properties": {"highway": "cycleway", "cycleway": null, "name": null}, "geometry": {"type": "LineString", "coordinates": [[-74.0896512, 4.7221362], [-74.0896265, 4.7218722], [-74.0896227, 4.7217533]]}}, {"type": "Feature", "properties": {"highway": "cycleway", "cycleway": "crossing", "name": null}, "geometry": {"type": "LineString", "coordinates": [[-74.0896555, 4.7221956], [-74.0896535, 4.7221739], [-74.0896512, 4.7221362]]}}, {"type": "Feature", "properties": {"highway": "cycleway", "cycleway": null, "name": null}, "geometry": {"type": "LineString", "coordinates": [[-74.0926942, 4.717129], [-74.0926532, 4.7170072], [-74.092622, 4.7168952], [-74.0925552, 4.7165792], [-74.0925435, 4.716373], [-74.0925505, 4.7159946], [-74.0925713, 4.7156443], [-74.0926276, 4.7153207], [-74.0926755, 4.7151467], [-74.092753, 4.7148865], [-74.0928778, 4.7145991], [-74.0931315, 4.7140601], [-74.0931974, 4.7138962], [-74.093224, 4.7137548], [-74.0932668, 4.7134655], [-74.0932821, 4.7130512]]}}, {"type": "Feature", "properties": {"highway": "cycleway", "cycleway": "crossing", "name": null}, "geometry": {"type": "LineString", "coordinates": [[-74.092753, 4.7172827], [-74.0927255, 4.7172108], [-74.0926942, 4.717129]]}}, {"type": "Feature", "properties": {"highway": "cycleway", "cycleway": null, "name": null}, "geometry": {"type": "LineString", "coordinates": [[-74.0896262, 4.7216182], [-74.0896267, 4.7216038], [-74.0896336, 4.7214674], [-74.0896483, 4.7213738], [-74.0896349, 4.7213177], [-74.0896564, 4.7212348], [-74.0896939, 4.7212001], [-74.0898041, 4.7207777], [-74.0898549, 4.7205852], [-74.0898483, 4.7205333], [-74.0898751, 4.7204584], [-74.0899046, 4.7204317], [-74.0901213, 4.7197813], [-74.0901322, 4.7197491], [-74.0901943, 4.7195843], [-74.0902158, 4.7195148], [-74.0902305, 4.719456], [-74.0902453, 4.7193491], [-74.0902536, 4.7192624], [-74.0902534, 4.7191495], [-74.0902447, 4.71904], [-74.0902329, 4.7189637], [-74.0902068, 4.7188462], [-74.0901811, 4.7187316], [-74.0901246, 4.7184814], [-74.0900658, 4.7182211], [-74.0900349, 4.7180849]]}}, {"type": "Feature", "properties": {"highway": "cycleway", "cycleway": "crossing", "name": null}, "geometry": {"type": "LineString", "coordinates": [[-74.0900349, 4.7180849], [-74.0900102, 4.717976], [-74.0899774, 4.7178313]]}}, {"type": "Feature", "properties": {"highway": "cycleway", "cycleway": null, "name": null}, "geometry": {"type": "LineString", "coordinates": [[-74.0996787, 4.7362895], [-74.0996076, 4.7361417], [-74.099574, 4.736091], [-74.0995347, 4.736054], [-74.099417, 4.736008], [-74.0993054, 4.7359634], [-74.0990595, 4.7358652], [-74.0988061, 4.735764], [-74.0987035, 4.735723], [-74.0985686, 4.7356466], [-74.0985096, 4.7356114], [-74.0984181, 4.7355582], [-74.0982976, 4.7355025], [-74.0982145, 4.7354682], [-74.0981609, 4.7354499], [-74.0980617, 4.7354254], [-74.0977874, 4.7353566], [-74.0976423, 4.7353204]]}}, {"type": "Feature", "properties": {"highway": "cycleway", "cycleway": "crossing", "name": null}, "geometry": {"type": "LineString", "coordinates": [[-74.0976423, 4.7353204], [-74.0974861, 4.7352801], [-74.0973637, 4.7352485]]}}, {"type": "Feature", "properties": {"highway": "cycleway", "cycleway": null, "name": null}, "geometry": {"type": "LineString", "coordinates": [[-74.1156762, 4.6278861], [-74.1152487, 4.627843], [-74.1147534, 4.6277937], [-74.1134435, 4.6276613], [-74.1129, 4.6276066]]}}, {"type": "Feature", "properties": {"highway": "cycleway", "cycleway": "crossing", "name": null}, "geometry": {"type": "LineString", "coordinates": [[-74.1129, 4.6276066], [-74.1128424, 4.6276012], [-74.1127462, 4.6275922]]}}, {"type": "Feature", "properties": {"highway": "cycleway", "cycleway": null, "name": null}, "geometry": {"type": "LineString", "coordinates": [[-74.2065925, 4.5858577], [-74.206501, 4.5858537], [-74.20644, 4.5858516], [-74.2064036, 4.5858631], [-74.2049401, 4.5866434], [-74.2047861, 4.5867304], [-74.2047085, 4.5867786], [-74.2046488, 4.586825], [-74.2045779, 4.5868945], [-74.2045444, 4.5869403], [-74.2045287, 4.5869774]]}}, {"type": "Feature", "properties": {"highway": "cycleway", "cycleway": "crossing", "name": null}, "geometry": {"type": "LineString", "coordinates": [[-74.1989012, 4.5900417], [-74.1988701, 4.5900594], [-74.1988367, 4.5900782], [-74.1988139, 4.5900911], [-74.1987723, 4.5901146], [-74.1987295, 4.5901388]]}}, {"type": "Feature", "properties": {"highway": "cycleway", "cycleway": null, "name": null}, "geometry": {"type": "LineString", "coordinates": [[-74.1987295, 4.5901388], [-74.1985757, 4.5902258], [-74.1985584, 4.5902355]]}}, {"type": "Feature", "properties": {"highway": "cycleway", "cycleway": null, "name": null}, "geometry": {"type": "LineString", "coordinates": [[-74.203896, 4.5873241], [-74.2037785, 4.5873114], [-74.2037384, 4.5873144], [-74.2036982, 4.5873267], [-74.2033817, 4.5875285], [-74.2030472, 4.5877417], [-74.2029481, 4.5878049], [-74.2028933, 4.5878398]]}}, {"type": "Feature", "properties": {"highway": "cycleway", "cycleway": null, "name": null}, "geometry": {"type": "LineString", "coordinates": [[-74.1999241, 4.5893784], [-74.1997161, 4.5894871]]}}, {"type": "Feature", "properties": {"highway": "cycleway", "cycleway": "crossing", "name": null}, "geometry": {"type": "LineString", "coordinates": [[-74.2000368, 4.5893194], [-74.1999756, 4.5893514], [-74.1999241, 4.5893784]]}}, {"type": "Feature", "properties": {"highway": "cycleway", "cycleway": "crossing", "name": null}, "geometry": {"type": "LineString", "coordinates": [[-74.1845574, 4.5963137], [-74.1846306, 4.5962861], [-74.18469, 4.5962607]]}}, {"type": "Feature", "properties": {"highway": "cycleway", "cycleway": "crossing", "name": null}, "geometry": {"type": "LineString", "coordinates": [[-74.1796286, 4.5971626], [-74.1796067, 4.5971646], [-74.1795505, 4.5971699], [-74.1794152, 4.597182], [-74.1793187, 4.5971909], [-74.1792803, 4.5971944], [-74.1792455, 4.5971976]]}}, {"type": "Feature", "properties": {"highway": "cycleway", "cycleway": "crossing", "name": null}, "geometry": {"type": "LineString", "coordinates": [[-74.17782, 4.59727], [-74.1777583, 4.5972663], [-74.1776968, 4.5972626], [-74.1775474, 4.5972535], [-74.1774957, 4.5972504], [-74.1774812, 4.5972493], [-74.1773919, 4.5972441], [-74.1773057, 4.5972389], [-74.1771284, 4.5972282]]}}, {"type": "Feature", "properties": {"highway": "cycleway", "cycleway": "crossing", "name": null}, "geometry": {"type": "LineString", "coordinates": [[-74.192951, 4.5927738], [-74.1928214, 4.5928448], [-74.1927695, 4.5928733]]}}, {"type": "Feature", "properties": {"highway": "cycleway", "cycleway": "crossing", "name": null}, "geometry": {"type": "LineString", "coordinates": [[-74.1915417, 4.5935893], [-74.1915486, 4.5935527], [-74.1915574, 4.5935061]]}}, {"type": "Feature", "properties": {"highway": "cycleway", "cycleway": null, "name": null}, "geometry": {"type": "LineString", "coordinates": [[-74.1926141, 4.5928321], [-74.1924038, 4.59295], [-74.191941, 4.5931604], [-74.1918367, 4.5932078], [-74.191801, 4.5933817]]}}, {"type": "Feature", "properties": {"highway": "cycleway", "cycleway": "crossing", "name": null}, "geometry": {"type": "LineString", "coordinates": [[-74.1926848, 4.5927909], [-74.192644, 4.5928147], [-74.1926141, 4.5928321]]}}, {"type": "Feature", "properties": {"highway": "cycleway", "cycleway": null, "name": null}, "geometry": {"type": "LineString", "coordinates": [[-74.193953, 4.5920746], [-74.1936118, 4.5922445], [-74.1934526, 4.5923238], [-74.1928292, 4.5927092], [-74.1926848, 4.5927909]]}}, {"type": "Feature", "properties": {"highway": "cycleway", "cycleway": null, "name": null}, "geometry": {"type": "LineString", "coordinates": [[-74.1989385, 4.5890209], [-74.1988661, 4.5890569], [-74.1982425, 4.5893672], [-74.1981366, 4.5893914], [-74.1979794, 4.5893847], [-74.1979058, 4.5893674], [-74.1978266, 4.5893282], [-74.1977516, 4.5892811], [-74.1976889, 4.5892281], [-74.1976021, 4.5891334], [-74.1975296, 4.5890366], [-74.1973927, 4.5888268], [-74.1971854, 4.5884557], [-74.1965171, 4.587069]]}}, {"type": "Feature", "properties": {"highway": "cycleway", "cycleway": "crossing", "name": null}, "geometry": {"type": "LineString", "coordinates": [[-74.1965171, 4.587069], [-74.1964899, 4.5870101], [-74.1964373, 4.5868955], [-74.196421, 4.5868567]]}}, {"type": "Feature", "properties": {"highway": "cycleway", "cycleway": null, "name": null}, "geometry": {"type": "LineString", "coordinates": [[-74.1964462, 4.5880047], [-74.1963767, 4.5878604], [-74.1963529, 4.5878111], [-74.1960839, 4.5872518]]}}, {"type": "Feature", "properties": {"highway": "cycleway", "cycleway": null, "name": null}, "geometry": {"type": "LineString", "coordinates": [[-74.2022174, 4.5882254], [-74.2012853, 4.5886874], [-74.2001908, 4.5892414], [-74.2000368, 4.5893194]]}}, {"type": "Feature", "properties": {"highway": "cycleway", "cycleway": "crossing", "name": null}, "geometry": {"type": "LineString", "coordinates": [[-74.202365, 4.5882547], [-74.2023115, 4.5882441], [-74.2022174, 4.5882254]]}}, {"type": "Feature", "properties": {"highway": "cycleway", "cycleway": null, "name": null}, "geometry": {"type": "LineString", "coordinates": [[-74.202774, 4.5879235], [-74.2026281, 4.5880247], [-74.2024032, 4.5881808], [-74.202365, 4.5882547]]}}, {"type": "Feature", "properties": {"highway": "cycleway", "cycleway": null, "name": null}, "geometry": {"type": "LineString", "coordinates": [[-74.2006692, 4.5888981], [-74.2000847, 4.5891699], [-74.1996353, 4.5893935], [-74.1993284, 4.589546], [-74.198964, 4.5897233], [-74.1980575, 4.59015], [-74.1973459, 4.5905129], [-74.1972224, 4.5905759], [-74.1955039, 4.591466], [-74.1948306, 4.5918122], [-74.1941109, 4.5921742], [-74.1938797, 4.5922893], [-74.192951, 4.5927738]]}}, {"type": "Feature", "properties": {"highway": "cycleway", "cycleway": "crossing", "name": null}, "geometry": {"type": "LineString", "coordinates": [[-74.2009708, 4.5887489], [-74.2007725, 4.588847], [-74.2006692, 4.5888981]]}}, {"type": "Feature", "properties": {"highway": "cycleway", "cycleway": null, "name": null}, "geometry": {"type": "LineString", "coordinates": [[-74.2018028, 4.5883215], [-74.2009708, 4.5887489]]}}, {"type": "Feature", "properties": {"highway": "cycleway", "cycleway": "crossing", "name": null}, "geometry": {"type": "LineString", "coordinates": [[-74.2020463, 4.5881983], [-74.2019257, 4.5882593], [-74.2018028, 4.5883215]]}}, {"type": "Feature", "properties": {"highway": "cycleway", "cycleway": "crossing", "name": null}, "geometry": {"type": "LineString", "coordinates": [[-74.2028933, 4.5878398], [-74.2028293, 4.5878851], [-74.202774, 4.5879235]]}}, {"type": "Feature", "properties": {"highway": "cycleway", "cycleway": null, "name": null}, "geometry": {"type": "LineString", "coordinates": [[-74.2044564, 4.5869639], [-74.2042901, 4.5869614], [-74.2040729, 4.5870751], [-74.203979, 4.5871939]]}}, {"type": "Feature", "properties": {"highway": "cycleway", "cycleway": "crossing", "name": null}, "geometry": {"type": "LineString", "coordinates": [[-74.203979, 4.5871939], [-74.2039502, 4.5872314], [-74.2039093, 4.5873014], [-74.203896, 4.5873241]]}}, {"type": "Feature", "properties": {"highway": "cycleway", "cycleway": "crossing", "name": null}, "geometry": {"type": "LineString", "coordinates": [[-74.2045287, 4.5869774], [-74.2044851, 4.5869709], [-74.2044564, 4.5869639]]}}, {"type": "Feature", "properties": {"highway": "cycleway", "cycleway": null, "name": null}, "geometry": {"type": "LineString", "coordinates": [[-74.2045704, 4.586708], [-74.204349, 4.5868109], [-74.204162, 4.586897], [-74.2039449, 4.5870089], [-74.2035907, 4.5872393], [-74.2029334, 4.587665], [-74.2026955, 4.5878194], [-74.2025187, 4.5879248], [-74.2023574, 4.5880204], [-74.2020463, 4.5881983]]}}, {"type": "Feature", "properties": {"highway": "cycleway", "cycleway": null, "name": null}, "geometry": {"type": "LineString", "coordinates": [[-74.212613, 4.5831188], [-74.2123089, 4.5831913], [-74.2121639, 4.5832225], [-74.2121054, 4.5832344], [-74.2120593, 4.5832408], [-74.211998, 4.5832443], [-74.2119198, 4.5832466], [-74.2118264, 4.5832498], [-74.2117479, 4.5832531], [-74.2116429, 4.5832598], [-74.2115421, 4.5832714], [-74.2113841, 4.5832963], [-74.2111287, 4.5833841], [-74.2108718, 4.5834874], [-74.2107296, 4.5835559], [-74.2106449, 4.5835992], [-74.2105405, 4.5836516], [-74.2104271, 4.5837164], [-74.210268, 4.5838068], [-74.2101636, 4.5838657], [-74.2100523, 4.5839245], [-74.2097178, 4.5841071]]}}, {"type": "Feature", "properties": {"highway": "cycleway", "cycleway": "crossing", "name": null}, "geometry": {"type": "LineString", "coordinates": [[-74.2097178, 4.5841071], [-74.209638, 4.5841312], [-74.2095217, 4.5841786]]}}, {"type": "Feature", "properties": {"highway": "cycleway", "cycleway": null, "name": null}, "geometry": {"type": "LineString", "coordinates": [[-74.2095217, 4.5841786], [-74.2093953, 4.5842383]]}}, {"type": "Feature", "properties": {"highway": "cycleway", "cycleway": "crossing", "name": null}, "geometry": {"type": "LineString", "coordinates": [[-74.2093953, 4.5842383], [-74.2092666, 4.5843008], [-74.2092066, 4.5843305]]}}, {"type": "Feature", "properties": {"highway": "cycleway", "cycleway": null, "name": null}, "geometry": {"type": "LineString", "coordinates": [[-74.2278759, 4.7082033], [-74.2265681, 4.709205], [-74.2263111, 4.7093954], [-74.2260672, 4.7095495], [-74.2258702, 4.7096748], [-74.2256793, 4.7098001], [-74.2256296, 4.7098362], [-74.2255952, 4.7098712], [-74.2255686, 4.709905], [-74.2255482, 4.7099456], [-74.2255305, 4.709977], [-74.2255075, 4.7100369], [-74.2255044, 4.7100676], [-74.2255016, 4.7101093], [-74.2254968, 4.7101427], [-74.2254865, 4.7101701], [-74.2254756, 4.7101947], [-74.2254646, 4.7102145], [-74.2254502, 4.7102323], [-74.2254221, 4.7102699], [-74.2254083, 4.7102931], [-74.2253939, 4.7103198], [-74.225385, 4.7103471], [-74.2253782, 4.7103717], [-74.2253788, 4.7103922], [-74.2253843, 4.7104189], [-74.2253939, 4.7104408], [-74.2254413, 4.7105269], [-74.225564, 4.7107525], [-74.2256772, 4.7109514], [-74.2257054, 4.711004], [-74.225754, 4.711095], [-74.2259324, 4.7114094], [-74.2261265, 4.7117368], [-74.2261999, 4.711864], [-74.2262613, 4.7119587], [-74.2263054, 4.7120341], [-74.2263503, 4.7121275], [-74.2263795, 4.7122045], [-74.2264015, 4.7122673], [-74.2264236, 4.7123419]]}}, {"type": "Feature", "properties": {"highway": "cycleway", "cycleway": "crossing", "name": null}, "geometry": {"type": "LineString", "coordinates": [[-74.1472913, 4.6555388], [-74.1473309, 4.6555623], [-74.1473976, 4.655602], [-74.1474674, 4.6556435], [-74.1475541, 4.655695]]}}, {"type": "Feature", "properties": {"highway": "cycleway", "cycleway": null, "name": null}, "geometry": {"type": "LineString", "coordinates": [[-74.1448382, 4.6543509], [-74.1444748, 4.6542498], [-74.1443152, 4.6541959], [-74.1441857, 4.6541376], [-74.1440862, 4.6540772], [-74.1430083, 4.6534204]]}}, {"type": "Feature", "properties": {"highway": "cycleway", "cycleway": null, "name": null}, "geometry": {"type": "LineString", "coordinates": [[-74.2235754, 4.7044592], [-74.2231864, 4.7046945]]}}, {"type": "Feature", "properties": {"highway": "cycleway", "cycleway": null, "name": null}, "geometry": {"type": "LineString", "coordinates": [[-74.2158478, 4.7030207], [-74.2160256, 4.7032958], [-74.216175, 4.7035297], [-74.2163297, 4.7037698], [-74.2165285, 4.7040775], [-74.2174717, 4.7055257], [-74.2180644, 4.7064231], [-74.2183512, 4.7068513], [-74.218686, 4.7073512], [-74.2187152, 4.7073623], [-74.2187554, 4.7073703], [-74.218821, 4.7073616], [-74.2189359, 4.7073442]]}}, {"type": "Feature", "properties": {"highway": "cycleway", "cycleway": "crossing", "name": null}, "geometry": {"type": "LineString", "coordinates": [[-74.0475369, 4.6848395], [-74.0476169, 4.6848805], [-74.0477126, 4.6849285]]}}, {"type": "Feature", "properties": {"highway": "cycleway", "cycleway": "crossing", "name": null}, "geometry": {"type": "LineString", "coordinates": [[-74.04744, 4.6849623], [-74.0474714, 4.684923], [-74.0475369, 4.6848395]]}}, {"type": "Feature", "properties": {"highway": "cycleway", "cycleway": null, "name": null}, "geometry": {"type": "LineString", "coordinates": [[-74.0475203, 4.685056], [-74.0475538, 4.6851024], [-74.0475963, 4.6851688], [-74.047633, 4.6852283], [-74.0476653, 4.6852783], [-74.0476895, 4.6853133], [-74.0477226, 4.6853722], [-74.0477347, 4.6853992], [-74.0477524, 4.6854466]]}}, {"type": "Feature", "properties": {"highway": "cycleway", "cycleway": "crossing", "name": null}, "geometry": {"type": "LineString", "coordinates": [[-74.04744, 4.6849623], [-74.0474976, 4.6850295], [-74.0475203, 4.685056]]}}, {"type": "Feature", "properties": {"highway": "cycleway", "cycleway": "crossing", "name": null}, "geometry": {"type": "LineString", "coordinates": [[-74.0479954, 4.6855266], [-74.048043, 4.6855501], [-74.0481203, 4.6855883]]}}, {"type": "Feature", "properties": {"highway": "cycleway", "cycleway": "crossing", "name": null}, "geometry": {"type": "LineString", "coordinates": [[-74.0477524, 4.6854466], [-74.0477873, 4.6854581], [-74.0478372, 4.6854745]]}}, {"type": "Feature", "properties": {"highway": "cycleway", "cycleway": null, "name": null}, "geometry": {"type": "LineString", "coordinates": [[-74.0459094, 4.6972947], [-74.0438974, 4.6965185], [-74.0434487, 4.6963845], [-74.0433354, 4.6963786]]}}, {"type": "Feature", "properties": {"highway": "cycleway", "cycleway": "crossing", "name": null}, "geometry": {"type": "LineString", "coordinates": [[-74.0433354, 4.6963786], [-74.0432451, 4.6963662], [-74.043168, 4.6963556], [-74.0430841, 4.696344], [-74.0430325, 4.6963369]]}}, {"type": "Feature", "properties": {"highway": "cycleway", "cycleway": null, "name": null}, "geometry": {"type": "LineString", "coordinates": [[-74.2173885, 4.7139332], [-74.2160852, 4.7144657], [-74.2153242, 4.7147512], [-74.2145893, 4.7150167], [-74.2144211, 4.7146665], [-74.2142529, 4.7142915]]}}, {"type": "Feature", "properties": {"highway": "cycleway", "cycleway": null, "name": null}, "geometry": {"type": "LineString", "coordinates": [[-74.219984, 4.7308866], [-74.2198035, 4.7305816], [-74.2195092, 4.7300937], [-74.2192282, 4.729616], [-74.2190206, 4.729285], [-74.2188396, 4.7289837], [-74.2185995, 4.7285909], [-74.2180624, 4.7276952], [-74.2178151, 4.7272855], [-74.2171841, 4.7262772], [-74.2166917, 4.7254737], [-74.2165323, 4.7252076], [-74.2156788, 4.7238099], [-74.2153669, 4.7233414], [-74.2152341, 4.7231237], [-74.2149863, 4.7227253], [-74.2147527, 4.7223282], [-74.214606, 4.7220887], [-74.2143744, 4.7216984], [-74.2142344, 4.7214784], [-74.2137523, 4.7206909], [-74.2133157, 4.7199941]]}}, {"type": "Feature", "properties": {"highway": "cycleway", "cycleway": null, "name": null}, "geometry": {"type": "LineString", "coordinates": [[-74.0900133, 4.7413717], [-74.0897126, 4.7412458], [-74.0894523, 4.7411335], [-74.0893622, 4.7410761], [-74.0892361, 4.7409748], [-74.089011, 4.7407611]]}}, {"type": "Feature", "properties": {"highway": "cycleway", "cycleway": "crossing", "name": null}, "geometry": {"type": "LineString", "coordinates": [[-74.089011, 4.7407611], [-74.0889699, 4.7407206], [-74.0889233, 4.7406747]]}}, {"type": "Feature", "properties": {"highway": "cycleway", "cycleway": "crossing", "name": null}, "geometry": {"type": "LineString", "coordinates": [[-74.0652464, 4.7094439], [-74.0652675, 4.7094548], [-74.0652935, 4.709468], [-74.0653729, 4.7095087], [-74.0654091, 4.7095269], [-74.0654456, 4.7095455], [-74.0654871, 4.7095666]]}}, {"type": "Feature", "properties": {"highway": "cycleway", "cycleway": "crossing", "name": null}, "geometry": {"type": "LineString", "coordinates": [[-74.0643999, 4.7089707], [-74.0644644, 4.7089898], [-74.0645017, 4.7090009]]}}, {"type": "Feature", "properties": {"highway": "cycleway", "cycleway": "crossing", "name": null}, "geometry": {"type": "LineString", "coordinates": [[-74.0643446, 4.7087792], [-74.0643298, 4.7088526], [-74.0642726, 4.7091364]]}}, {"type": "Feature", "properties": {"highway": "cycleway", "cycleway": null, "name": null}, "geometry": {"type": "LineString", "coordinates": [[-74.0654871, 4.7095666], [-74.0659918, 4.7098231], [-74.0661741, 4.7099161], [-74.0663647, 4.7100108], [-74.0665594, 4.7101106], [-74.0667549, 4.7102103], [-74.0668599, 4.7102615], [-74.0670655, 4.7103619], [-74.0672865, 4.7104621], [-74.0674914, 4.7105543], [-74.0677112, 4.7106506], [-74.067996, 4.7107775], [-74.0681901, 4.7108614], [-74.0682567, 4.7108914], [-74.0684404, 4.7109732], [-74.0685683, 4.7110293], [-74.0686643, 4.7110704], [-74.0687044, 4.711086], [-74.0687396, 4.711099], [-74.0688172, 4.7111247], [-74.0689498, 4.7111645], [-74.069042, 4.7111899], [-74.0691109, 4.7112072], [-74.0692047, 4.7112266], [-74.0693736, 4.7112547], [-74.069413, 4.7112601], [-74.0699926, 4.7113238], [-74.0700885, 4.7113332], [-74.0701856, 4.7113415], [-74.0702867, 4.7113234], [-74.0703836, 4.7113043], [-74.0704805, 4.7112891], [-74.0707167, 4.7112467], [-74.0710013, 4.7111942], [-74.0710617, 4.7112188], [-74.0710788, 4.7112211], [-74.0710959, 4.7112209], [-74.0711122, 4.7112181], [-74.0711284, 4.7112129], [-74.071143, 4.7112052], [-74.0711851, 4.7111598], [-74.0713102, 4.7111449]]}}, {"type": "Feature", "properties": {"highway": "cycleway", "cycleway": "crossing", "name": null}, "geometry": {"type": "LineString", "coordinates": [[-74.0713102, 4.7111449], [-74.0713369, 4.7111389], [-74.0713786, 4.7111294], [-74.0714392, 4.7111157]]}}, {"type": "Feature", "properties": {"highway": "cycleway", "cycleway": null, "name": null}, "geometry": {"type": "LineString", "coordinates": [[-74.0714392, 4.7111157], [-74.071827, 4.7110491], [-74.0718779, 4.7110404]]}}, {"type": "Feature", "properties": {"highway": "cycleway", "cycleway": "crossing", "name": null}, "geometry": {"type": "LineString", "coordinates": [[-74.0718779, 4.7110404], [-74.0719159, 4.7110351], [-74.0719596, 4.7110289], [-74.0720359, 4.7110182], [-74.0721438, 4.711003], [-74.0722169, 4.7109927], [-74.0722609, 4.7109865], [-74.072337, 4.7109758]]}}, {"type": "Feature", "properties": {"highway": "cycleway", "cycleway": null, "name": null}, "geometry": {"type": "LineString", "coordinates": [[-74.072337, 4.7109758], [-74.0723568, 4.7109734], [-74.0734533, 4.7108169], [-74.0739062, 4.7107463], [-74.0742149, 4.7106993], [-74.0742981, 4.7106726], [-74.0747863, 4.7105924]]}}, {"type": "Feature", "properties": {"highway": "cycleway", "cycleway": "crossing", "name": null}, "geometry": {"type": "LineString", "coordinates": [[-74.0747863, 4.7105924], [-74.0748502, 4.710589], [-74.0750209, 4.7105797], [-74.0751218, 4.7105743], [-74.0751832, 4.710571]]}}, {"type": "Feature", "properties": {"highway": "cycleway", "cycleway": null, "name": null}, "geometry": {"type": "LineString", "coordinates": [[-74.0562497, 4.6609468], [-74.0568429, 4.6600666], [-74.0568795, 4.6600123], [-74.0569165, 4.6599574], [-74.0574943, 4.6591137]]}}, {"type": "Feature", "properties": {"highway": "cycleway", "cycleway": "crossing", "name": null}, "geometry": {"type": "LineString", "coordinates": [[-74.0561927, 4.6610272], [-74.0562209, 4.6609874], [-74.0562497, 4.6609468]]}}, {"type": "Feature", "properties": {"highway": "cycleway", "cycleway": "crossing", "name": null}, "geometry": {"type": "LineString", "coordinates": [[-74.0796225, 4.5907534], [-74.0796043, 4.590781], [-74.0795584, 4.5908505], [-74.0795314, 4.5908915]]}}, {"type": "Feature", "properties": {"highway": "cycleway", "cycleway": null, "name": null}, "geometry": {"type": "LineString", "coordinates": [[-74.142218, 4.6066355], [-74.142023, 4.6071596], [-74.1418338, 4.60771], [-74.141768, 4.6079602], [-74.1417017, 4.6082088], [-74.1416807, 4.6083077], [-74.1416643, 4.6084392], [-74.1414699, 4.6100188], [-74.1414509, 4.6101651], [-74.1413953, 4.6105933], [-74.1413561, 4.6108952]]}}, {"type": "Feature", "properties": {"highway": "cycleway", "cycleway": "crossing", "name": null}, "geometry": {"type": "LineString", "coordinates": [[-74.0755507, 4.6341075], [-74.0755987, 4.6340232], [-74.0756559, 4.6339229], [-74.0756939, 4.6338561], [-74.0757193, 4.6338116], [-74.0757531, 4.6337523]]}}, {"type": "Feature", "properties": {"highway": "cycleway", "cycleway": null, "name": null}, "geometry": {"type": "LineString", "coordinates": [[-74.0792699, 4.6348458], [-74.0792591, 4.6349452], [-74.0792386, 4.6350772], [-74.0792351, 4.6351069], [-74.0792271, 4.6351763], [-74.0792081, 4.6354206], [-74.0791745, 4.6357345], [-74.0791644, 4.6358286], [-74.0791453, 4.636056], [-74.0791304, 4.6361779], [-74.0791163, 4.636293], [-74.0790904, 4.6365515], [-74.0790566, 4.6370251], [-74.079044, 4.6372617], [-74.0790171, 4.6377698], [-74.0789859, 4.6382125]]}}, {"type": "Feature", "properties": {"highway": "cycleway", "cycleway": "crossing", "name": null}, "geometry": {"type": "LineString", "coordinates": [[-74.0792904, 4.634697], [-74.0792742, 4.6348144], [-74.0792699, 4.6348458]]}}, {"type": "Feature", "properties": {"highway": "cycleway", "cycleway": null, "name": null}, "geometry": {"type": "LineString", "coordinates": [[-74.0792249, 4.6345461], [-74.0792357, 4.6345982], [-74.0792685, 4.6346384], [-74.0792822, 4.6346568], [-74.0792904, 4.634697]]}}, {"type": "Feature", "properties": {"highway": "cycleway", "cycleway": "crossing", "name": null}, "geometry": {"type": "LineString", "coordinates": [[-74.0792329, 4.6344304], [-74.0792307, 4.634462], [-74.0792249, 4.6345461]]}}, {"type": "Feature", "properties": {"highway": "cycleway", "cycleway": null, "name": null}, "geometry": {"type": "LineString", "coordinates": [[-74.1053646, 4.6963896], [-74.105347, 4.6964534], [-74.1053176, 4.696553], [-74.1052569, 4.696746], [-74.1051614, 4.697053], [-74.1051, 4.6971885], [-74.1050218, 4.6973181], [-74.1047755, 4.6976936], [-74.1046111, 4.6979539], [-74.104353, 4.6983435], [-74.1042908, 4.6984324], [-74.1040881, 4.6987222], [-74.1038435, 4.6990826]]}}, {"type": "Feature", "properties": {"highway": "cycleway", "cycleway": "crossing", "name": null}, "geometry": {"type": "LineString", "coordinates": [[-74.1057463, 4.6956645], [-74.1057129, 4.6957234], [-74.1056685, 4.6958017], [-74.1056372, 4.695857]]}}, {"type": "Feature", "properties": {"highway": "cycleway", "cycleway": null, "name": null}, "geometry": {"type": "LineString", "coordinates": [[-74.1056372, 4.695857], [-74.1054477, 4.6961844]]}}, {"type": "Feature", "properties": {"highway": "cycleway", "cycleway": "crossing", "name": null}, "geometry": {"type": "LineString", "coordinates": [[-74.1054477, 4.6961844], [-74.1053809, 4.6963494], [-74.1053646, 4.6963896]]}}, {"type": "Feature", "properties": {"highway": "cycleway", "cycleway": null, "name": null}, "geometry": {"type": "LineString", "coordinates": [[-74.1059428, 4.6953618], [-74.1057463, 4.6956645]]}}, {"type": "Feature", "properties": {"highway": "cycleway", "cycleway": "crossing", "name": null}, "geometry": {"type": "LineString", "coordinates": [[-74.1061, 4.6952341], [-74.1060447, 4.695279], [-74.1059428, 4.6953618]]}}, {"type": "Feature", "properties": {"highway": "cycleway", "cycleway": null, "name": null}, "geometry": {"type": "LineString", "coordinates": [[-74.0373612, 4.6814787], [-74.0374224, 4.6813566], [-74.0376634, 4.6808421], [-74.0378384, 4.6804735], [-74.0379166, 4.6803463], [-74.0380476, 4.6801477], [-74.0381477, 4.680016], [-74.038216, 4.6799338], [-74.0383822, 4.6797023], [-74.0386739, 4.6793216], [-74.0388192, 4.6791296], [-74.0392507, 4.678637], [-74.039637, 4.6782048], [-74.0398682, 4.6779272], [-74.0399893, 4.6777758], [-74.0400806, 4.6776179], [-74.0401522, 4.6774412], [-74.0401984, 4.6772844], [-74.0402545, 4.6769871], [-74.0403283, 4.6764802], [-74.0403844, 4.6761774], [-74.0404527, 4.675947], [-74.0405319, 4.6757452], [-74.0406376, 4.6755378], [-74.0407488, 4.6753601], [-74.0409667, 4.6750924], [-74.0411274, 4.6748961], [-74.0412991, 4.6747326], [-74.0414774, 4.6745856], [-74.0415614, 4.6745261], [-74.04168, 4.6744422], [-74.0420179, 4.6741906], [-74.0420949, 4.6741325], [-74.0423778, 4.6738484], [-74.0425606, 4.6736651], [-74.0427158, 4.6734885], [-74.042882, 4.673268], [-74.0430064, 4.6730859], [-74.0430955, 4.6729202], [-74.0431561, 4.6727842], [-74.0433152, 4.6723867], [-74.0434188, 4.6721676], [-74.0436828, 4.6716711]]}}, {"type": "Feature", "properties": {"highway": "cycleway", "cycleway": null, "name": null}, "geometry": {"type": "LineString", "coordinates": [[-74.0492805, 4.6624592], [-74.0493606, 4.6623716], [-74.0503854, 4.6612469]]}}, {"type": "Feature", "properties": {"highway": "cycleway", "cycleway": null, "name": null}, "geometry": {"type": "LineString", "coordinates": [[-74.076046, 4.6195416], [-74.0769448, 4.6191322], [-74.0774576, 4.6188869], [-74.0778408, 4.6186982], [-74.0780551, 4.6185887], [-74.0781051, 4.6185579], [-74.0782085, 4.6184809], [-74.0782481, 4.6184483], [-74.0782694, 4.6184307], [-74.0782784, 4.6184232]]}}, {"type": "Feature", "properties": {"highway": "cycleway", "cycleway": "crossing", "name": null}, "geometry": {"type": "LineString", "coordinates": [[-74.0756412, 4.6198351], [-74.0756886, 4.619801], [-74.0757467, 4.6197587], [-74.0758423, 4.6196894], [-74.0759047, 4.619644], [-74.076046, 4.6195416]]}}, {"type": "Feature", "properties": {"highway": "cycleway", "cycleway": "crossing", "name": null}, "geometry": {"type": "LineString", "coordinates": [[-74.0725843, 4.6207581], [-74.0726922, 4.6207453], [-74.0728422, 4.6207276]]}}, {"type": "Feature", "properties": {"highway": "cycleway", "cycleway": null, "name": null}, "geometry": {"type": "LineString", "coordinates": [[-74.0732725, 4.6429316], [-74.0732816, 4.6428783], [-74.0733969, 4.6422046], [-74.0734059, 4.6421582], [-74.073481, 4.641772]]}}, {"type": "Feature", "properties": {"highway": "cycleway", "cycleway": null, "name": null}, "geometry": {"type": "LineString", "coordinates": [[-74.1504646, 4.6074076], [-74.1509704, 4.6084827], [-74.1510066, 4.6085255], [-74.1510737, 4.6085723], [-74.1521104, 4.6091524], [-74.1521025, 4.609196], [-74.1518971, 4.6101751], [-74.1531189, 4.6109464], [-74.1531551, 4.6109825], [-74.1531765, 4.6110252], [-74.1532248, 4.6113755], [-74.1534916, 4.6116934]]}}, {"type": "Feature", "properties": {"highway": "cycleway", "cycleway": null, "name": null}, "geometry": {"type": "LineString", "coordinates": [[-74.1694853, 4.6101543], [-74.1695756, 4.610151], [-74.1695702, 4.6098877], [-74.1692422, 4.6098904]]}}, {"type": "Feature", "properties": {"highway": "cycleway", "cycleway": null, "name": null}, "geometry": {"type": "LineString", "coordinates": [[-74.1692535, 4.6101579], [-74.1693737, 4.6101561]]}}, {"type": "Feature", "properties": {"highway": "cycleway", "cycleway": null, "name": null}, "geometry": {"type": "LineString", "coordinates": [[-74.2025185, 4.5842092], [-74.2032171, 4.5857027], [-74.2032219, 4.5857286], [-74.2032041, 4.5857596]]}}, {"type": "Feature", "properties": {"highway": "cycleway", "cycleway": "crossing", "name": null}, "geometry": {"type": "LineString", "coordinates": [[-74.2023928, 4.5842659], [-74.2024478, 4.5842411], [-74.2025185, 4.5842092]]}}, {"type": "Feature", "properties": {"highway": "cycleway", "cycleway": null, "name": null}, "geometry": {"type": "LineString", "coordinates": [[-74.2025691, 4.5853831], [-74.2026509, 4.5852969], [-74.2026637, 4.585268], [-74.202658, 4.5852404], [-74.2022324, 4.584407], [-74.2022247, 4.5843811], [-74.2022263, 4.5843505], [-74.2022528, 4.5843292], [-74.2023928, 4.5842659]]}}, {"type": "Feature", "properties": {"highway": "cycleway", "cycleway": "crossing", "name": null}, "geometry": {"type": "LineString", "coordinates": [[-74.2024755, 4.5854818], [-74.2025249, 4.5854297], [-74.2025691, 4.5853831]]}}, {"type": "Feature", "properties": {"highway": "cycleway", "cycleway": null, "name": null}, "geometry": {"type": "LineString", "coordinates": [[-74.2027939, 4.5861497], [-74.2024755, 4.5854818]]}}, {"type": "Feature", "properties": {"highway": "cycleway", "cycleway": "crossing", "name": null}, "geometry": {"type": "LineString", "coordinates": [[-74.2026767, 4.5862664], [-74.2027339, 4.5862095], [-74.2027939, 4.5861497]]}}, {"type": "Feature", "properties": {"highway": "cycleway", "cycleway": null, "name": null}, "geometry": {"type": "LineString", "coordinates": [[-74.1413381, 4.6110589], [-74.141506, 4.6109689]]}}, {"type": "Feature", "properties": {"highway": "cycleway", "cycleway": "crossing", "name": null}, "geometry": {"type": "LineString", "coordinates": [[-74.110643, 4.7089553], [-74.1106189, 4.7089178], [-74.110592, 4.7088759]]}}, {"type": "Feature", "properties": {"highway": "cycleway", "cycleway": null, "name": null}, "geometry": {"type": "LineString", "coordinates": [[-74.1236562, 4.7016347], [-74.1237822, 4.7017227], [-74.123866, 4.701788], [-74.1239154, 4.7018237], [-74.1241444, 4.7019892], [-74.1242139, 4.7020394], [-74.1243579, 4.702141], [-74.1245714, 4.7022916], [-74.1247626, 4.7024265], [-74.1248214, 4.7024663], [-74.124972, 4.7025683], [-74.1250381, 4.7026091], [-74.1251, 4.7026473], [-74.1251793, 4.7026797], [-74.1252626, 4.7026939], [-74.1258908, 4.7027486], [-74.125966, 4.7027425], [-74.1261327, 4.7027162], [-74.1262146, 4.7027066], [-74.1263197, 4.7027], [-74.126464, 4.7027243], [-74.1267486, 4.7027668], [-74.1269173, 4.7027911], [-74.1269668, 4.7027806], [-74.1273014, 4.7027095], [-74.1273747, 4.7026939], [-74.1275698, 4.7026696], [-74.1277649, 4.7026352], [-74.1278613, 4.7026101], [-74.1279906, 4.7025764], [-74.128141, 4.7025298], [-74.1281959, 4.7025278], [-74.1282548, 4.702544], [-74.1283666, 4.7026088], [-74.1286087, 4.7027704], [-74.12866, 4.7028216], [-74.1286901, 4.7028763], [-74.1287078, 4.7029503], [-74.1287113, 4.7030385], [-74.128726, 4.7030926], [-74.1287343, 4.7031232], [-74.1287598, 4.7031851]]}}, {"type": "Feature", "properties": {"highway": "cycleway", "cycleway": "crossing", "name": null}, "geometry": {"type": "LineString", "coordinates": [[-74.1287598, 4.7031851], [-74.1288606, 4.7033413], [-74.1289379, 4.7034611]]}}, {"type": "Feature", "properties": {"highway": "cycleway", "cycleway": null, "name": null}, "geometry": {"type": "LineString", "coordinates": [[-74.1205405, 4.7214435], [-74.1205232, 4.7213686], [-74.1204777, 4.7212473], [-74.1201252, 4.7206961], [-74.1200436, 4.7205833], [-74.1199833, 4.7205373], [-74.1199141, 4.7204921]]}}, {"type": "Feature", "properties": {"highway": "cycleway", "cycleway": "crossing", "name": null}, "geometry": {"type": "LineString", "coordinates": [[-74.1199141, 4.7204921], [-74.1198882, 4.7204546], [-74.1198036, 4.7203325], [-74.1197778, 4.7202951]]}}, {"type": "Feature", "properties": {"highway": "cycleway", "cycleway": null, "name": null}, "geometry": {"type": "LineString", "coordinates": [[-74.1809726, 4.6077059], [-74.1807816, 4.6070911], [-74.180691, 4.6068162], [-74.1802703, 4.605659], [-74.1799156, 4.6046378], [-74.1797873, 4.6042337], [-74.179703, 4.6039978]]}}, {"type": "Feature", "properties": {"highway": "cycleway", "cycleway": "crossing", "name": null}, "geometry": {"type": "LineString", "coordinates": [[-74.179703, 4.6039978], [-74.179679, 4.6039309], [-74.1796522, 4.6038564], [-74.1796385, 4.6038182]]}}, {"type": "Feature", "properties": {"highway": "cycleway", "cycleway": null, "name": null}, "geometry": {"type": "LineString", "coordinates": [[-74.1796385, 4.6038182], [-74.1795161, 4.6034699], [-74.1794848, 4.6033866]]}}, {"type": "Feature", "properties": {"highway": "cycleway", "cycleway": "crossing", "name": null}, "geometry": {"type": "LineString", "coordinates": [[-74.1794848, 4.6033866], [-74.1794379, 4.6032519], [-74.1794172, 4.6031921]]}}, {"type": "Feature", "properties": {"highway": "cycleway", "cycleway": null, "name": null}, "geometry": {"type": "LineString", "coordinates": [[-74.0943621, 4.5757633], [-74.0943154, 4.575821], [-74.0942701, 4.5758769], [-74.0939337, 4.5762919], [-74.0937881, 4.5764903], [-74.0933135, 4.5771364], [-74.0931025, 4.5774235], [-74.0930713, 4.5774689], [-74.0926286, 4.5781123]]}}, {"type": "Feature", "properties": {"highway": "cycleway", "cycleway": "crossing", "name": null}, "geometry": {"type": "LineString", "coordinates": [[-74.0944429, 4.5756738], [-74.0944017, 4.5757194], [-74.0943715, 4.5757529], [-74.0943621, 4.5757633]]}}, {"type": "Feature", "properties": {"highway": "cycleway", "cycleway": null, "name": null}, "geometry": {"type": "LineString", "coordinates": [[-74.0369343, 4.694902], [-74.0361642, 4.6947269], [-74.0358598, 4.6946465], [-74.0356773, 4.6945885], [-74.0353883, 4.6944804], [-74.0348404, 4.6942353]]}}, {"type": "Feature", "properties": {"highway": "cycleway", "cycleway": "crossing", "name": null}, "geometry": {"type": "LineString", "coordinates": [[-74.0371838, 4.694967], [-74.0371285, 4.6949526], [-74.0370471, 4.6949314], [-74.0370004, 4.6949192], [-74.0369343, 4.694902]]}}, {"type": "Feature", "properties": {"highway": "cycleway", "cycleway": null, "name": null}, "geometry": {"type": "LineString", "coordinates": [[-74.0371164, 4.6948195], [-74.0371458, 4.6947584], [-74.0376109, 4.6938088], [-74.0381698, 4.6927656], [-74.0385437, 4.6920396], [-74.038716, 4.6917065], [-74.038883, 4.6914316], [-74.0389948, 4.6912257]]}}, {"type": "Feature", "properties": {"highway": "cycleway", "cycleway": "crossing", "name": null}, "geometry": {"type": "LineString", "coordinates": [[-74.0369641, 4.6950653], [-74.037008, 4.6949944], [-74.0370471, 4.6949314], [-74.0370827, 4.6948739], [-74.0371164, 4.6948195]]}}, {"type": "Feature", "properties": {"highway": "cycleway", "cycleway": null, "name": null}, "geometry": {"type": "LineString", "coordinates": [[-74.0516, 4.6989164], [-74.0522079, 4.6990125], [-74.0532405, 4.6991942], [-74.0539804, 4.6993169], [-74.0544069, 4.6993824]]}}, {"type": "Feature", "properties": {"highway": "cycleway", "cycleway": "crossing", "name": null}, "geometry": {"type": "LineString", "coordinates": [[-74.0515257, 4.6989046], [-74.0515671, 4.6989112], [-74.0516, 4.6989164]]}}, {"type": "Feature", "properties": {"highway": "cycleway", "cycleway": null, "name": null}, "geometry": {"type": "LineString", "coordinates": [[-74.0497674, 4.6996417], [-74.0498478, 4.6991531], [-74.0499083, 4.6987879]]}}, {"type": "Feature", "properties": {"highway": "cycleway", "cycleway": "crossing", "name": "Avenida Santa B\u00e1rbara"}, "geometry": {"type": "LineString", "coordinates": [[-74.0499083, 4.6987879], [-74.0499174, 4.6987326], [-74.0499307, 4.6986508], [-74.0499432, 4.6985747], [-74.0499514, 4.6985242]]}}, {"type": "Feature", "properties": {"highway": "cycleway", "cycleway": null, "name": null}, "geometry": {"type": "LineString", "coordinates": [[-74.0500569, 4.6986711], [-74.0515257, 4.6989046]]}}, {"type": "Feature", "properties": {"highway": "cycleway", "cycleway": "crossing", "name": null}, "geometry": {"type": "LineString", "coordinates": [[-74.0498008, 4.6986299], [-74.0498539, 4.6986385], [-74.0499307, 4.6986508], [-74.0500048, 4.6986627], [-74.0500569, 4.6986711]]}}, {"type": "Feature", "properties": {"highway": "cycleway", "cycleway": null, "name": null}, "geometry": {"type": "LineString", "coordinates": [[-74.0741633, 4.7230151], [-74.0740947, 4.7230419], [-74.073917, 4.7230969], [-74.0738478, 4.7232161], [-74.0738178, 4.7232569], [-74.0737617, 4.7233334], [-74.0733988, 4.7237608], [-74.0730011, 4.7242229], [-74.0721638, 4.7252261], [-74.0718694, 4.7255786], [-74.0716931, 4.7257837], [-74.0715185, 4.7260012], [-74.0714684, 4.7260681], [-74.0714331, 4.7261032], [-74.0714137, 4.7261599]]}}, {"type": "Feature", "properties": {"highway": "cycleway", "cycleway": "crossing", "name": null}, "geometry": {"type": "LineString", "coordinates": [[-74.0714137, 4.7261599], [-74.0713891, 4.7261904], [-74.0713381, 4.7262534], [-74.0713205, 4.7262753], [-74.0712817, 4.7263232]]}}, {"type": "Feature", "properties": {"highway": "cycleway", "cycleway": null, "name": null}, "geometry": {"type": "LineString", "coordinates": [[-74.0702733, 4.7268631], [-74.0707057, 4.7262923], [-74.0707255, 4.7262513], [-74.0707398, 4.7262103], [-74.0707444, 4.7261284]]}}, {"type": "Feature", "properties": {"highway": "cycleway", "cycleway": "crossing", "name": null}, "geometry": {"type": "LineString", "coordinates": [[-74.0708548, 4.7261121], [-74.0708842, 4.7260079], [-74.0709059, 4.7259309], [-74.0709152, 4.7258977], [-74.0709256, 4.7258609]]}}, {"type": "Feature", "properties": {"highway": "cycleway", "cycleway": "crossing", "name": null}, "geometry": {"type": "LineString", "coordinates": [[-74.0707444, 4.7261284], [-74.0707887, 4.7261219], [-74.0708548, 4.7261121]]}}, {"type": "Feature", "properties": {"highway": "cycleway", "cycleway": null, "name": null}, "geometry": {"type": "LineString", "coordinates": [[-74.0315018, 4.7482372], [-74.0315028, 4.7481908], [-74.0315046, 4.7481046]]}}, {"type": "Feature", "properties": {"highway": "cycleway", "cycleway": "crossing", "name": null}, "geometry": {"type": "LineString", "coordinates": [[-74.0317954, 4.7479922], [-74.0318605, 4.7479959]]}}, {"type": "Feature", "properties": {"highway": "cycleway", "cycleway": null, "name": null}, "geometry": {"type": "LineString", "coordinates": [[-74.0313171, 4.769505], [-74.0313181, 4.7694164], [-74.0313238, 4.7689486], [-74.0313266, 4.7687187], [-74.0313438, 4.7681028], [-74.0313552, 4.7678507], [-74.0313902, 4.76704], [-74.0313912, 4.7670062], [-74.0314102, 4.7663184], [-74.0314247, 4.7660421], [-74.0314288, 4.7659645], [-74.0314293, 4.765846], [-74.0314297, 4.7657512], [-74.0314217, 4.7650637], [-74.0314251, 4.7648123], [-74.0314398, 4.7639287], [-74.0314503, 4.7633008], [-74.031476, 4.7622129], [-74.031485, 4.7618312], [-74.0314989, 4.7612417], [-74.0315386, 4.7603501]]}}, {"type": "Feature", "properties": {"highway": "cycleway", "cycleway": "crossing", "name": null}, "geometry": {"type": "LineString", "coordinates": [[-74.0331895, 4.760382], [-74.0333085, 4.760379], [-74.0334881, 4.7603743]]}}, {"type": "Feature", "properties": {"highway": "cycleway", "cycleway": null, "name": null}, "geometry": {"type": "LineString", "coordinates": [[-74.0301842, 4.7602951], [-74.0306262, 4.7603143], [-74.0309826, 4.7603297]]}}, {"type": "Feature", "properties": {"highway": "cycleway", "cycleway": "crossing", "name": null}, "geometry": {"type": "LineString", "coordinates": [[-74.0300146, 4.7602878], [-74.0300833, 4.7602908], [-74.0301842, 4.7602951]]}}, {"type": "Feature", "properties": {"highway": "cycleway", "cycleway": null, "name": null}, "geometry": {"type": "LineString", "coordinates": [[-74.0334881, 4.7603743], [-74.0337189, 4.7603754], [-74.034032, 4.7603735], [-74.0344748, 4.7603666], [-74.0347433, 4.7603586], [-74.0349238, 4.7603382], [-74.0350932, 4.7603206], [-74.0352624, 4.7603085], [-74.0356198, 4.7603128], [-74.0357229, 4.7603183], [-74.0357691, 4.7603261], [-74.0358168, 4.7603416], [-74.0358707, 4.7603707], [-74.0359292, 4.760415], [-74.035965, 4.7604497], [-74.0360046, 4.7604914], [-74.0360529, 4.7605413], [-74.0361288, 4.7605988], [-74.0362177, 4.7606443], [-74.0363129, 4.7606677], [-74.0363927, 4.7606651], [-74.0364846, 4.7606431], [-74.0365518, 4.7606058], [-74.0366127, 4.7605626], [-74.0366783, 4.7605055], [-74.0367204, 4.7604601], [-74.0367548, 4.7604254], [-74.0368147, 4.7603778], [-74.0368721, 4.7603555], [-74.0369437, 4.7603464], [-74.0372568, 4.7603525], [-74.0373789, 4.7603549], [-74.0373962, 4.7603553]]}}, {"type": "Feature", "properties": {"highway": "cycleway", "cycleway": null, "name": null}, "geometry": {"type": "LineString", "coordinates": [[-74.0288918, 4.7602598], [-74.0290014, 4.7602546], [-74.0290791, 4.7602514], [-74.0291483, 4.760255], [-74.0294773, 4.7602674], [-74.0300146, 4.7602878]]}}, {"type": "Feature", "properties": {"highway": "cycleway", "cycleway": "crossing", "name": null}, "geometry": {"type": "LineString", "coordinates": [[-74.0285463, 4.7603107], [-74.0287314, 4.760282], [-74.0288918, 4.7602598]]}}, {"type": "Feature", "properties": {"highway": "cycleway", "cycleway": "crossing", "name": null}, "geometry": {"type": "LineString", "coordinates": [[-74.0279351, 4.7604392], [-74.0280529, 4.760419], [-74.028163, 4.7604001]]}}, {"type": "Feature", "properties": {"highway": "cycleway", "cycleway": null, "name": null}, "geometry": {"type": "LineString", "coordinates": [[-74.028163, 4.7604001], [-74.0285463, 4.7603107]]}}, {"type": "Feature", "properties": {"highway": "cycleway", "cycleway": "crossing", "name": null}, "geometry": {"type": "LineString", "coordinates": [[-74.0373962, 4.7603553], [-74.0374419, 4.7603558], [-74.0375045, 4.7603566], [-74.0375404, 4.760357]]}}, {"type": "Feature", "properties": {"highway": "cycleway", "cycleway": null, "name": null}, "geometry": {"type": "LineString", "coordinates": [[-74.0375404, 4.760357], [-74.037639, 4.760357], [-74.0383598, 4.7603566], [-74.0386799, 4.760356]]}}, {"type": "Feature", "properties": {"highway": "cycleway", "cycleway": "crossing", "name": null}, "geometry": {"type": "LineString", "coordinates": [[-74.0391859, 4.7603533], [-74.0392074, 4.7603537], [-74.03927, 4.7603583]]}}, {"type": "Feature", "properties": {"highway": "cycleway", "cycleway": null, "name": null}, "geometry": {"type": "LineString", "coordinates": [[-74.0387878, 4.760355], [-74.0391859, 4.7603533]]}}, {"type": "Feature", "properties": {"highway": "cycleway", "cycleway": "crossing", "name": null}, "geometry": {"type": "LineString", "coordinates": [[-74.0386799, 4.760356], [-74.0387192, 4.7603556], [-74.0387878, 4.760355]]}}, {"type": "Feature", "properties": {"highway": "cycleway", "cycleway": null, "name": null}, "geometry": {"type": "LineString", "coordinates": [[-74.0402152, 4.7604276], [-74.0403955, 4.760433], [-74.0407893, 4.7604447], [-74.0408824, 4.7604475]]}}, {"type": "Feature", "properties": {"highway": "cycleway", "cycleway": "crossing", "name": null}, "geometry": {"type": "LineString", "coordinates": [[-74.0400775, 4.7604128], [-74.0401135, 4.7604179], [-74.0402152, 4.7604276]]}}, {"type": "Feature", "properties": {"highway": "cycleway", "cycleway": null, "name": null}, "geometry": {"type": "LineString", "coordinates": [[-74.0406114, 4.7601819], [-74.0397572, 4.7601387]]}}, {"type": "Feature", "properties": {"highway": "cycleway", "cycleway": null, "name": null}, "geometry": {"type": "LineString", "coordinates": [[-74.0411233, 4.7604523], [-74.0412041, 4.7604525], [-74.041234, 4.7604526], [-74.0415729, 4.7604536], [-74.0416394, 4.7604538], [-74.0417389, 4.7604488], [-74.0424467, 4.7604129]]}}, {"type": "Feature", "properties": {"highway": "cycleway", "cycleway": "crossing", "name": null}, "geometry": {"type": "LineString", "coordinates": [[-74.0424467, 4.7604129], [-74.0425494, 4.7604154], [-74.0426525, 4.7604181]]}}, {"type": "Feature", "properties": {"highway": "cycleway", "cycleway": "crossing", "name": null}, "geometry": {"type": "LineString", "coordinates": [[-74.0444728, 4.7601003], [-74.0445104, 4.7601555], [-74.0445653, 4.7602364]]}}, {"type": "Feature", "properties": {"highway": "cycleway", "cycleway": "crossing", "name": null}, "geometry": {"type": "LineString", "coordinates": [[-74.0444324, 4.7607523], [-74.0443448, 4.7608336], [-74.0442975, 4.7608775]]}}, {"type": "Feature", "properties": {"highway": "cycleway", "cycleway": null, "name": null}, "geometry": {"type": "LineString", "coordinates": [[-74.0481378, 4.7619787], [-74.0495284, 4.7630291]]}}, {"type": "Feature", "properties": {"highway": "cycleway", "cycleway": "crossing", "name": null}, "geometry": {"type": "LineString", "coordinates": [[-74.047953, 4.7618409], [-74.0479952, 4.7618723], [-74.0480888, 4.7619422], [-74.0481378, 4.7619787]]}}, {"type": "Feature", "properties": {"highway": "cycleway", "cycleway": null, "name": null}, "geometry": {"type": "LineString", "coordinates": [[-74.0453881, 4.761044], [-74.045322, 4.7611031], [-74.045285, 4.7611675], [-74.0452622, 4.761239], [-74.0452111, 4.7615521], [-74.0451318, 4.7620377], [-74.0450983, 4.7622428], [-74.0450105, 4.7627897], [-74.0449566, 4.7631176]]}}, {"type": "Feature", "properties": {"highway": "cycleway", "cycleway": "crossing", "name": null}, "geometry": {"type": "LineString", "coordinates": [[-74.0449566, 4.7631176], [-74.044947, 4.7631541], [-74.0449393, 4.7631833], [-74.0449328, 4.7632081], [-74.0449228, 4.7632462], [-74.044916, 4.7632722], [-74.0448945, 4.7633539], [-74.0448885, 4.7633768]]}}, {"type": "Feature", "properties": {"highway": "cycleway", "cycleway": null, "name": null}, "geometry": {"type": "LineString", "coordinates": [[-74.045362, 4.7608155], [-74.0453451, 4.7609235]]}}, {"type": "Feature", "properties": {"highway": "cycleway", "cycleway": "crossing", "name": null}, "geometry": {"type": "LineString", "coordinates": [[-74.0453451, 4.7609235], [-74.0453669, 4.7609845], [-74.0453798, 4.7610207], [-74.0453881, 4.761044]]}}, {"type": "Feature", "properties": {"highway": "cycleway", "cycleway": "crossing", "name": null}, "geometry": {"type": "LineString", "coordinates": [[-74.0454291, 4.7607485], [-74.0453951, 4.7607825], [-74.045362, 4.7608155]]}}, {"type": "Feature", "properties": {"highway": "cycleway", "cycleway": null, "name": null}, "geometry": {"type": "LineString", "coordinates": [[-74.0456101, 4.7599745], [-74.0455384, 4.7600612], [-74.0455168, 4.7601065], [-74.0454992, 4.760166], [-74.0454291, 4.7607485]]}}, {"type": "Feature", "properties": {"highway": "cycleway", "cycleway": "crossing", "name": null}, "geometry": {"type": "LineString", "coordinates": [[-74.0455727, 4.7598683], [-74.0455916, 4.7599219], [-74.0456101, 4.7599745]]}}, {"type": "Feature", "properties": {"highway": "cycleway", "cycleway": null, "name": null}, "geometry": {"type": "LineString", "coordinates": [[-74.0455929, 4.7597456], [-74.0455727, 4.7598683]]}}, {"type": "Feature", "properties": {"highway": "cycleway", "cycleway": "crossing", "name": null}, "geometry": {"type": "LineString", "coordinates": [[-74.0455929, 4.7597456], [-74.0456465, 4.7596935], [-74.0456774, 4.7596636]]}}, {"type": "Feature", "properties": {"highway": "cycleway", "cycleway": "crossing", "name": null}, "geometry": {"type": "LineString", "coordinates": [[-74.0497998, 4.7630632], [-74.0497716, 4.7630598], [-74.0496842, 4.7630492], [-74.0496313, 4.7630424], [-74.0495449, 4.7630312], [-74.0495284, 4.7630291]]}}, {"type": "Feature", "properties": {"highway": "cycleway", "cycleway": null, "name": null}, "geometry": {"type": "LineString", "coordinates": [[-74.0512653, 4.7641845], [-74.0512167, 4.7641473], [-74.0497998, 4.7630632]]}}, {"type": "Feature", "properties": {"highway": "cycleway", "cycleway": "crossing", "name": null}, "geometry": {"type": "LineString", "coordinates": [[-74.0514227, 4.7643053], [-74.0513499, 4.7642491], [-74.0512653, 4.7641845]]}}, {"type": "Feature", "properties": {"highway": "cycleway", "cycleway": null, "name": null}, "geometry": {"type": "LineString", "coordinates": [[-74.0536509, 4.7659304], [-74.0532539, 4.7656711], [-74.0529937, 4.7654982]]}}, {"type": "Feature", "properties": {"highway": "cycleway", "cycleway": null, "name": null}, "geometry": {"type": "LineString", "coordinates": [[-74.0529269, 4.7654378], [-74.0529138, 4.765426], [-74.0528722, 4.7653885], [-74.0528434, 4.7653621], [-74.0528342, 4.7653537]]}}, {"type": "Feature", "properties": {"highway": "cycleway", "cycleway": "crossing", "name": null}, "geometry": {"type": "LineString", "coordinates": [[-74.086613, 4.5788456], [-74.0866855, 4.5789483], [-74.0867149, 4.5789901]]}}, {"type": "Feature", "properties": {"highway": "cycleway", "cycleway": null, "name": null}, "geometry": {"type": "LineString", "coordinates": [[-74.0881091, 4.5773408], [-74.0879967, 4.5774463], [-74.0876222, 4.5777778], [-74.087245, 4.5782289], [-74.0869601, 4.5786396], [-74.0868459, 4.5788044], [-74.0867876, 4.5788884]]}}, {"type": "Feature", "properties": {"highway": "cycleway", "cycleway": "crossing", "name": null}, "geometry": {"type": "LineString", "coordinates": [[-74.0867876, 4.5788884], [-74.0867672, 4.5789169], [-74.0867257, 4.578975], [-74.0867149, 4.5789901], [-74.0867042, 4.5790051]]}}, {"type": "Feature", "properties": {"highway": "cycleway", "cycleway": null, "name": null}, "geometry": {"type": "LineString", "coordinates": [[-74.0882179, 4.5807024], [-74.0884881, 4.5804601], [-74.088737, 4.5802372], [-74.0887778, 4.5802008], [-74.089136, 4.5798394], [-74.0891869, 4.5797871], [-74.0895721, 4.5792117], [-74.089619, 4.5791267]]}}, {"type": "Feature", "properties": {"highway": "cycleway", "cycleway": "crossing", "name": null}, "geometry": {"type": "LineString", "coordinates": [[-74.0880995, 4.5808146], [-74.0881255, 4.5807893], [-74.0881882, 4.5807308], [-74.0882179, 4.5807024]]}}, {"type": "Feature", "properties": {"highway": "cycleway", "cycleway": "crossing", "name": null}, "geometry": {"type": "LineString", "coordinates": [[-74.1093078, 4.7075], [-74.1092521, 4.7074509]]}}, {"type": "Feature", "properties": {"highway": "cycleway", "cycleway": "crossing", "name": null}, "geometry": {"type": "LineString", "coordinates": [[-74.1094053, 4.707613], [-74.1094036, 4.7075843]]}}, {"type": "Feature", "properties": {"highway": "cycleway", "cycleway": "crossing", "name": null}, "geometry": {"type": "LineString", "coordinates": [[-74.1094026, 4.7076668], [-74.1094041, 4.707636], [-74.1094053, 4.707613]]}}, {"type": "Feature", "properties": {"highway": "cycleway", "cycleway": null, "name": null}, "geometry": {"type": "LineString", "coordinates": [[-74.1133435, 4.7012228], [-74.1132792, 4.7013447], [-74.1131152, 4.7016284], [-74.1129637, 4.7019131], [-74.1127974, 4.7022165], [-74.1125452, 4.7026816], [-74.1122797, 4.7031548], [-74.1121456, 4.7033887], [-74.1120904, 4.7034426], [-74.111638, 4.7042947], [-74.1115861, 4.7043916], [-74.1115567, 4.7044295], [-74.1115459, 4.7044413], [-74.1115078, 4.7044819], [-74.1114657, 4.7045371], [-74.1114329, 4.70458], [-74.1108875, 4.7053674], [-74.1104575, 4.705989], [-74.110209, 4.7063532], [-74.1099717, 4.7067061], [-74.1097655, 4.7070374]]}}, {"type": "Feature", "properties": {"highway": "cycleway", "cycleway": "crossing", "name": null}, "geometry": {"type": "LineString", "coordinates": [[-74.1134288, 4.701061], [-74.1134115, 4.7010938], [-74.1133632, 4.7011853], [-74.1133435, 4.7012228]]}}, {"type": "Feature", "properties": {"highway": "cycleway", "cycleway": "crossing", "name": null}, "geometry": {"type": "LineString", "coordinates": [[-74.0953718, 4.7152336], [-74.0953853, 4.715294], [-74.095397, 4.7153466], [-74.0954072, 4.715392], [-74.09543, 4.7154942]]}}, {"type": "Feature", "properties": {"highway": "cycleway", "cycleway": null, "name": null}, "geometry": {"type": "LineString", "coordinates": [[-74.0431594, 4.696521], [-74.0431504, 4.6966954]]}}, {"type": "Feature", "properties": {"highway": "cycleway", "cycleway": null, "name": null}, "geometry": {"type": "LineString", "coordinates": [[-74.0431827, 4.6960727], [-74.043176, 4.6962025]]}}, {"type": "Feature", "properties": {"highway": "cycleway", "cycleway": null, "name": null}, "geometry": {"type": "LineString", "coordinates": [[-74.0460043, 4.6836863], [-74.0471002, 4.6842106]]}}, {"type": "Feature", "properties": {"highway": "cycleway", "cycleway": null, "name": null}, "geometry": {"type": "LineString", "coordinates": [[-74.0492006, 4.6839903], [-74.0492346, 4.6839689]]}}, {"type": "Feature", "properties": {"highway": "cycleway", "cycleway": null, "name": null}, "geometry": {"type": "LineString", "coordinates": [[-73.9691127, 4.7167857], [-73.9691147, 4.7167021], [-73.9691093, 4.7164495], [-73.9688947, 4.7155727], [-73.9688384, 4.7154925], [-73.9687418, 4.7154765], [-73.9686855, 4.7155192], [-73.9683496, 4.7164884]]}}, {"type": "Feature", "properties": {"highway": "cycleway", "cycleway": null, "name": null}, "geometry": {"type": "LineString", "coordinates": [[-73.9691127, 4.7167857], [-73.969114, 4.7169759]]}}, {"type": "Feature", "properties": {"highway": "cycleway", "cycleway": null, "name": null}, "geometry": {"type": "LineString", "coordinates": [[-73.969114, 4.7169759], [-73.9691065, 4.7170766], [-73.9690429, 4.7175987], [-73.9689394, 4.7190499], [-73.968872, 4.7191091]]}}, {"type": "Feature", "properties": {"highway": "cycleway", "cycleway": "crossing", "name": null}, "geometry": {"type": "LineString", "coordinates": [[-74.1421913, 4.6541786], [-74.1422465, 4.6541665], [-74.1423939, 4.6541343]]}}, {"type": "Feature", "properties": {"highway": "cycleway", "cycleway": "crossing", "name": null}, "geometry": {"type": "LineString", "coordinates": [[-74.1419735, 4.6544444], [-74.1419806, 4.654397], [-74.1419859, 4.6543613]]}}, {"type": "Feature", "properties": {"highway": "cycleway", "cycleway": null, "name": null}, "geometry": {"type": "LineString", "coordinates": [[-74.1432158, 4.6531157], [-74.1437407, 4.652603], [-74.1445531, 4.6518094]]}}, {"type": "Feature", "properties": {"highway": "cycleway", "cycleway": "crossing", "name": null}, "geometry": {"type": "LineString", "coordinates": [[-74.1445531, 4.6518094], [-74.1446187, 4.6517457], [-74.1446811, 4.6516849], [-74.1447214, 4.6516458]]}}, {"type": "Feature", "properties": {"highway": "cycleway", "cycleway": "crossing", "name": null}, "geometry": {"type": "LineString", "coordinates": [[-74.1471934, 4.6492291], [-74.1472657, 4.6491528], [-74.1473776, 4.6490347], [-74.1474344, 4.6489746], [-74.1474961, 4.6489094], [-74.1475655, 4.6488362]]}}, {"type": "Feature", "properties": {"highway": "cycleway", "cycleway": null, "name": null}, "geometry": {"type": "LineString", "coordinates": [[-74.1951841, 4.6133099], [-74.1952487, 4.6132921], [-74.1953108, 4.6132772], [-74.1954225, 4.6132658], [-74.1956022, 4.6132621], [-74.196036, 4.6132894], [-74.1965949, 4.6133306], [-74.1967049, 4.6133324], [-74.1967825, 4.6133248], [-74.1968494, 4.6133145], [-74.1970001, 4.6132896], [-74.1972445, 4.613258], [-74.1973783, 4.6132505], [-74.197479, 4.6132494], [-74.1975556, 4.6132564], [-74.1977146, 4.6132796], [-74.1984459, 4.6134245]]}}, {"type": "Feature", "properties": {"highway": "cycleway", "cycleway": "crossing", "name": null}, "geometry": {"type": "LineString", "coordinates": [[-74.1950646, 4.6133609], [-74.1951841, 4.6133099]]}}, {"type": "Feature", "properties": {"highway": "cycleway", "cycleway": "crossing", "name": null}, "geometry": {"type": "LineString", "coordinates": [[-74.1948375, 4.6135386], [-74.1948854, 4.6134881], [-74.1949021, 4.6134705]]}}, {"type": "Feature", "properties": {"highway": "cycleway", "cycleway": null, "name": null}, "geometry": {"type": "LineString", "coordinates": [[-74.1917796, 4.6161206], [-74.1919027, 4.6160821], [-74.1920205, 4.6160409], [-74.1921711, 4.615974], [-74.1923217, 4.6158964], [-74.1924367, 4.6158296], [-74.1925759, 4.6157415], [-74.1927481, 4.6156122], [-74.1928394, 4.6155392], [-74.1929334, 4.6154501], [-74.1929748, 4.6154079], [-74.193098, 4.6152812]]}}, {"type": "Feature", "properties": {"highway": "cycleway", "cycleway": null, "name": null}, "geometry": {"type": "LineString", "coordinates": [[-74.1127759, 4.6657619], [-74.1128384, 4.6655131], [-74.1128735, 4.6654296], [-74.1129254, 4.6653506], [-74.1132215, 4.6649735], [-74.1136722, 4.6644632], [-74.1139652, 4.6641012], [-74.1142888, 4.6637305], [-74.114639, 4.6633265], [-74.1148182, 4.6631545], [-74.1149472, 4.6630122], [-74.1150413, 4.662911], [-74.1158449, 4.6619643], [-74.1159234, 4.6618794], [-74.1161301, 4.6616463], [-74.1165454, 4.6611819]]}}, {"type": "Feature", "properties": {"highway": "cycleway", "cycleway": "crossing", "name": null}, "geometry": {"type": "LineString", "coordinates": [[-74.1068805, 4.671546], [-74.1069155, 4.6715112], [-74.1069937, 4.6714336], [-74.1070287, 4.6713989]]}}, {"type": "Feature", "properties": {"highway": "cycleway", "cycleway": null, "name": null}, "geometry": {"type": "LineString", "coordinates": [[-74.104252, 4.6747437], [-74.1042326, 4.6746805], [-74.1042265, 4.6746133], [-74.1042259, 4.6745586], [-74.1042333, 4.6744766], [-74.1042672, 4.6743908], [-74.1043133, 4.6742936], [-74.1044248, 4.6741393], [-74.104504, 4.6740367], [-74.1047397, 4.6737781], [-74.1051245, 4.6733541], [-74.1052376, 4.6732308], [-74.1054939, 4.6729479], [-74.1057756, 4.672655], [-74.1059206, 4.6725427], [-74.1059887, 4.6724981], [-74.1060521, 4.672471], [-74.1060958, 4.6724444], [-74.1061249, 4.6724178], [-74.1061418, 4.6724004], [-74.1064491, 4.6720825], [-74.1064665, 4.6720645], [-74.1064769, 4.6720424], [-74.106486, 4.6720177], [-74.10649, 4.67198], [-74.1064991, 4.6719527], [-74.1065444, 4.6718984], [-74.1068805, 4.671546]]}}, {"type": "Feature", "properties": {"highway": "cycleway", "cycleway": null, "name": null}, "geometry": {"type": "LineString", "coordinates": [[-74.1040856, 4.6750931], [-74.1040819, 4.675], [-74.1040843, 4.6749328], [-74.104112, 4.6748568], [-74.1041341, 4.6748249], [-74.1041683, 4.6747912]]}}, {"type": "Feature", "properties": {"highway": "cycleway", "cycleway": null, "name": null}, "geometry": {"type": "LineString", "coordinates": [[-74.1314099, 4.6458168], [-74.1314873, 4.6457201], [-74.1315784, 4.6456273], [-74.1318089, 4.6453969], [-74.1318627, 4.6453431], [-74.1319627, 4.6452431], [-74.1320488, 4.6451571], [-74.132352, 4.6448527], [-74.1325235, 4.6446826]]}}, {"type": "Feature", "properties": {"highway": "cycleway", "cycleway": "crossing", "name": null}, "geometry": {"type": "LineString", "coordinates": [[-74.1309834, 4.6461745], [-74.1310424, 4.6461246], [-74.1311012, 4.6460748]]}}, {"type": "Feature", "properties": {"highway": "cycleway", "cycleway": null, "name": null}, "geometry": {"type": "LineString", "coordinates": [[-74.1311012, 4.6460748], [-74.1313054, 4.6459022]]}}, {"type": "Feature", "properties": {"highway": "cycleway", "cycleway": "crossing", "name": null}, "geometry": {"type": "LineString", "coordinates": [[-74.1313054, 4.6459022], [-74.1313371, 4.6458763], [-74.1314099, 4.6458168]]}}, {"type": "Feature", "properties": {"highway": "cycleway", "cycleway": null, "name": null}, "geometry": {"type": "LineString", "coordinates": [[-74.1360813, 4.6489841], [-74.1354592, 4.64862], [-74.1345083, 4.6480521], [-74.1343376, 4.6479476], [-74.1340301, 4.6477578], [-74.1338128, 4.6476054], [-74.1335071, 4.6473622], [-74.1334507, 4.6473112], [-74.1333348, 4.6472064], [-74.1331893, 4.6470534], [-74.1330699, 4.6469183], [-74.1329653, 4.6467954], [-74.132892, 4.6466919], [-74.132816, 4.6465803], [-74.1326855, 4.6463626]]}}, {"type": "Feature", "properties": {"highway": "cycleway", "cycleway": "crossing", "name": null}, "geometry": {"type": "LineString", "coordinates": [[-74.1363051, 4.6491156], [-74.1361901, 4.6490482], [-74.1360813, 4.6489841]]}}, {"type": "Feature", "properties": {"highway": "cycleway", "cycleway": null, "name": null}, "geometry": {"type": "LineString", "coordinates": [[-74.1375775, 4.6500357], [-74.1372211, 4.6497918], [-74.1366469, 4.6493551], [-74.1364806, 4.6492305], [-74.1363051, 4.6491156]]}}, {"type": "Feature", "properties": {"highway": "cycleway", "cycleway": "crossing", "name": null}, "geometry": {"type": "LineString", "coordinates": [[-74.1377079, 4.6501224], [-74.1376361, 4.6500747], [-74.1375775, 4.6500357]]}}, {"type": "Feature", "properties": {"highway": "cycleway", "cycleway": null, "name": null}, "geometry": {"type": "LineString", "coordinates": [[-74.0665643, 4.7073325], [-74.0665454, 4.7073695]]}}, {"type": "Feature", "properties": {"highway": "cycleway", "cycleway": null, "name": null}, "geometry": {"type": "LineString", "coordinates": [[-74.0695164, 4.707688], [-74.069518, 4.7076342]]}}, {"type": "Feature", "properties": {"highway": "cycleway", "cycleway": null, "name": null}, "geometry": {"type": "LineString", "coordinates": [[-74.0678832, 4.7074021], [-74.067889, 4.7073552]]}}, {"type": "Feature", "properties": {"highway": "cycleway", "cycleway": null, "name": null}, "geometry": {"type": "LineString", "coordinates": [[-74.108433, 4.6470406], [-74.1087465, 4.6467076]]}}, {"type": "Feature", "properties": {"highway": "cycleway", "cycleway": null, "name": null}, "geometry": {"type": "LineString", "coordinates": [[-74.1086534, 4.6472203], [-74.1086045, 4.6471805], [-74.1085421, 4.6471296], [-74.108456, 4.6470594], [-74.108433, 4.6470406], [-74.1083947, 4.6470095], [-74.1083327, 4.6469589]]}}, {"type": "Feature", "properties": {"highway": "cycleway", "cycleway": null, "name": null}, "geometry": {"type": "LineString", "coordinates": [[-74.1087465, 4.6467076], [-74.1089067, 4.6465462]]}}, {"type": "Feature", "properties": {"highway": "cycleway", "cycleway": null, "name": null}, "geometry": {"type": "LineString", "coordinates": [[-74.0711851, 4.7111598], [-74.0711658, 4.7111563], [-74.0711464, 4.7111518], [-74.0711326, 4.7111466], [-74.0711204, 4.7111436], [-74.0711078, 4.7111426], [-74.0710946, 4.7111436], [-74.0710825, 4.7111464], [-74.0710709, 4.7111514], [-74.0710595, 4.7111583], [-74.0710461, 4.7111665], [-74.0710013, 4.7111942]]}}, {"type": "Feature", "properties": {"highway": "cycleway", "cycleway": null, "name": null}, "geometry": {"type": "LineString", "coordinates": [[-74.1039714, 4.6536087], [-74.1039174, 4.6535287]]}}, {"type": "Feature", "properties": {"highway": "cycleway", "cycleway": null, "name": null}, "geometry": {"type": "LineString", "coordinates": [[-74.1033295, 4.6542859], [-74.1032904, 4.6542524]]}}, {"type": "Feature", "properties": {"highway": "cycleway", "cycleway": null, "name": null}, "geometry": {"type": "LineString", "coordinates": [[-74.1051531, 4.5026208], [-74.1052991, 4.5023208], [-74.1054279, 4.5019192], [-74.1055454, 4.5016756]]}}, {"type": "Feature", "properties": {"highway": "cycleway", "cycleway": "crossing", "name": null}, "geometry": {"type": "LineString", "coordinates": [[-74.1055454, 4.5016756], [-74.1055822, 4.5015996], [-74.1056599, 4.5014386], [-74.1056825, 4.5013917]]}}, {"type": "Feature", "properties": {"highway": "cycleway", "cycleway": "crossing", "name": null}, "geometry": {"type": "LineString", "coordinates": [[-74.1472913, 4.6555388], [-74.1472457, 4.6555704], [-74.1471614, 4.655629]]}}, {"type": "Feature", "properties": {"highway": "cycleway", "cycleway": null, "name": null}, "geometry": {"type": "LineString", "coordinates": [[-74.1614033, 4.6119909], [-74.1613959, 4.6118248], [-74.1613946, 4.6117939], [-74.1613844, 4.6115638]]}}, {"type": "Feature", "properties": {"highway": "cycleway", "cycleway": null, "name": null}, "geometry": {"type": "LineString", "coordinates": [[-74.1611067, 4.6117458], [-74.1611095, 4.6118183], [-74.1611134, 4.6119193], [-74.1611187, 4.612059]]}}, {"type": "Feature", "properties": {"highway": "cycleway", "cycleway": null, "name": null}, "geometry": {"type": "LineString", "coordinates": [[-74.1611352, 4.6107368], [-74.1611026, 4.6112012], [-74.1610988, 4.6114352], [-74.1611067, 4.6117458]]}}, {"type": "Feature", "properties": {"highway": "cycleway", "cycleway": null, "name": null}, "geometry": {"type": "LineString", "coordinates": [[-74.1658254, 4.621006], [-74.165883, 4.6209728], [-74.1660089, 4.6209002], [-74.1660633, 4.6208688]]}}, {"type": "Feature", "properties": {"highway": "cycleway", "cycleway": null, "name": null}, "geometry": {"type": "LineString", "coordinates": [[-74.1658254, 4.621006], [-74.1658515, 4.6210509], [-74.1659078, 4.6211479], [-74.1659333, 4.6211919]]}}, {"type": "Feature", "properties": {"highway": "cycleway", "cycleway": null, "name": null}, "geometry": {"type": "LineString", "coordinates": [[-74.1624576, 4.6153957], [-74.1624923, 4.6154029], [-74.1625472, 4.6154246], [-74.1625648, 4.6154387], [-74.1625821, 4.6154606], [-74.1626641, 4.6156163], [-74.1628131, 4.6158617], [-74.1630566, 4.6162639], [-74.1632645, 4.6166291], [-74.1634828, 4.6170021], [-74.1638795, 4.6176805], [-74.163955, 4.6178094], [-74.164151, 4.6181441], [-74.1641884, 4.618208], [-74.1642144, 4.6182523], [-74.164431, 4.6186212], [-74.1646521, 4.619], [-74.1648675, 4.6193679], [-74.1651057, 4.6197678], [-74.165316, 4.6201341], [-74.1657677, 4.6209069], [-74.1658254, 4.621006]]}}, {"type": "Feature", "properties": {"highway": "cycleway", "cycleway": null, "name": null}, "geometry": {"type": "LineString", "coordinates": [[-74.1660633, 4.6208688], [-74.1664572, 4.62064], [-74.1668536, 4.620408], [-74.1670889, 4.6202549], [-74.1673185, 4.6200935], [-74.1675423, 4.619924], [-74.1677597, 4.6197466], [-74.1678085, 4.6197051], [-74.1678568, 4.6196631]]}}, {"type": "Feature", "properties": {"highway": "cycleway", "cycleway": null, "name": null}, "geometry": {"type": "LineString", "coordinates": [[-74.1678568, 4.6196631], [-74.1682571, 4.6193106], [-74.1688483, 4.6187616], [-74.1688681, 4.6187196], [-74.1688877, 4.6186624], [-74.168934, 4.6186211], [-74.1689723, 4.6185869], [-74.1690017, 4.6185607], [-74.1694426, 4.6182307], [-74.169636, 4.6180712], [-74.1699006, 4.6178766], [-74.170323, 4.617566], [-74.1712438, 4.6169024], [-74.171715, 4.6165472]]}}, {"type": "Feature", "properties": {"highway": "cycleway", "cycleway": "crossing", "name": null}, "geometry": {"type": "LineString", "coordinates": [[-74.0930306, 4.6520701], [-74.093061, 4.6520156], [-74.0930933, 4.6519579], [-74.0931001, 4.651939], [-74.0931021, 4.6519116], [-74.0930901, 4.6518853], [-74.0929672, 4.6518006], [-74.0928915, 4.6517516]]}}, {"type": "Feature", "properties": {"highway": "cycleway", "cycleway": "crossing", "name": null}, "geometry": {"type": "LineString", "coordinates": [[-74.0975262, 4.6552405], [-74.0975841, 4.6551585], [-74.0976675, 4.6550402], [-74.0977213, 4.654964]]}}, {"type": "Feature", "properties": {"highway": "cycleway", "cycleway": "crossing", "name": null}, "geometry": {"type": "LineString", "coordinates": [[-74.0976783, 4.6549333], [-74.097625, 4.6550102], [-74.0975423, 4.6551294], [-74.0974852, 4.6552118]]}}, {"type": "Feature", "properties": {"highway": "cycleway", "cycleway": null, "name": null}, "geometry": {"type": "LineString", "coordinates": [[-74.1008163, 4.6704448], [-74.1007688, 4.6704252], [-74.1007309, 4.6704078], [-74.0988561, 4.6693201], [-74.0976238, 4.6686035], [-74.0974119, 4.6684803], [-74.0972401, 4.6683826], [-74.0968402, 4.6681537], [-74.0964563, 4.6678457], [-74.0963732, 4.6677859], [-74.0962916, 4.6677254], [-74.0955041, 4.667134], [-74.094957, 4.6667311], [-74.0944073, 4.6663268], [-74.0942738, 4.6661813], [-74.0941196, 4.6660545], [-74.094097, 4.6660238]]}}, {"type": "Feature", "properties": {"highway": "cycleway", "cycleway": "crossing", "name": null}, "geometry": {"type": "LineString", "coordinates": [[-74.1183964, 4.6884043], [-74.1184476, 4.688489], [-74.118482, 4.6885461]]}}, {"type": "Feature", "properties": {"highway": "cycleway", "cycleway": null, "name": null}, "geometry": {"type": "LineString", "coordinates": [[-74.1276226, 4.6132974], [-74.12771, 4.6129497], [-74.1278312, 4.6124264], [-74.1279039, 4.6121219], [-74.1279978, 4.6118123], [-74.1280837, 4.6115889], [-74.1280969, 4.6115504], [-74.1282304, 4.6111623], [-74.1284124, 4.6106141], [-74.128446, 4.6102791], [-74.1284353, 4.610053], [-74.1283904, 4.6098354], [-74.1283663, 4.6096751], [-74.1283654, 4.6096322], [-74.1283621, 4.6094869], [-74.1284249, 4.6092347], [-74.1285207, 4.6090379], [-74.1287578, 4.6087941], [-74.1290058, 4.6086482], [-74.1292505, 4.6085318], [-74.1294407, 4.6083429], [-74.1297826, 4.607816], [-74.1302118, 4.6071476], [-74.1305578, 4.6066209], [-74.13083, 4.6061691], [-74.130948, 4.6059605], [-74.1313182, 4.6052319], [-74.1315763, 4.6048287], [-74.1316686, 4.60469], [-74.1317055, 4.6046331], [-74.1317506, 4.6045667], [-74.1325285, 4.6034251], [-74.1327806, 4.6030669], [-74.1330122, 4.6027684], [-74.1330461, 4.6027247], [-74.1334538, 4.602198], [-74.1335799, 4.6020402], [-74.1336979, 4.6018691], [-74.1339259, 4.6015456], [-74.1341539, 4.6012087], [-74.1343192, 4.6009487], [-74.1344299, 4.6007826], [-74.1344909, 4.600691], [-74.1348181, 4.6002001], [-74.13503, 4.5998993], [-74.1352231, 4.5996199], [-74.1353704, 4.5993761], [-74.1354954, 4.5991039], [-74.1355435, 4.5990698], [-74.1356188, 4.5989929], [-74.1359188, 4.5984937], [-74.1359509, 4.5984438], [-74.1359785, 4.5984016]]}}, {"type": "Feature", "properties": {"highway": "cycleway", "cycleway": null, "name": null}, "geometry": {"type": "LineString", "coordinates": [[-74.1254716, 4.6209045], [-74.1255713, 4.6206101]]}}, {"type": "Feature", "properties": {"highway": "cycleway", "cycleway": null, "name": null}, "geometry": {"type": "LineString", "coordinates": [[-74.066757, 4.67357], [-74.066748, 4.6734781], [-74.0666724, 4.6733616], [-74.0661934, 4.672804], [-74.0654552, 4.6718964], [-74.065066, 4.6714043]]}}, {"type": "Feature", "properties": {"highway": "cycleway", "cycleway": "crossing", "name": null}, "geometry": {"type": "LineString", "coordinates": [[-74.065066, 4.6714043], [-74.0650054, 4.6713289], [-74.0649664, 4.6712804]]}}, {"type": "Feature", "properties": {"highway": "cycleway", "cycleway": null, "name": null}, "geometry": {"type": "LineString", "coordinates": [[-74.0641778, 4.6753502], [-74.0641721, 4.6754266], [-74.0641375, 4.6754975], [-74.0639793, 4.6756029], [-74.0638103, 4.6757093], [-74.0636314, 4.6758148], [-74.0634129, 4.6759379], [-74.0631035, 4.6760985], [-74.0629156, 4.6762059], [-74.0628699, 4.6762116], [-74.0628389, 4.6762038], [-74.0626817, 4.6760988]]}}, {"type": "Feature", "properties": {"highway": "cycleway", "cycleway": "crossing", "name": null}, "geometry": {"type": "LineString", "coordinates": [[-74.0642787, 4.6753793], [-74.0642107, 4.6753597], [-74.0641778, 4.6753502]]}}, {"type": "Feature", "properties": {"highway": "cycleway", "cycleway": "crossing", "name": null}, "geometry": {"type": "LineString", "coordinates": [[-74.1290077, 4.6403456], [-74.1290936, 4.6404965], [-74.1291343, 4.6405681]]}}, {"type": "Feature", "properties": {"highway": "cycleway", "cycleway": null, "name": null}, "geometry": {"type": "LineString", "coordinates": [[-74.1168611, 4.6608], [-74.1174663, 4.6600485]]}}, {"type": "Feature", "properties": {"highway": "cycleway", "cycleway": "crossing", "name": null}, "geometry": {"type": "LineString", "coordinates": [[-74.1165454, 4.6611819], [-74.1166469, 4.6610591], [-74.1167658, 4.6609153], [-74.1168611, 4.6608]]}}, {"type": "Feature", "properties": {"highway": "cycleway", "cycleway": null, "name": null}, "geometry": {"type": "LineString", "coordinates": [[-74.1250974, 4.6720715], [-74.125081, 4.6721174], [-74.1250576, 4.6721622], [-74.1248557, 4.6724198], [-74.1242631, 4.6731415]]}}, {"type": "Feature", "properties": {"highway": "cycleway", "cycleway": "crossing", "name": null}, "geometry": {"type": "LineString", "coordinates": [[-74.1251611, 4.6720693], [-74.1251249, 4.6720706], [-74.1250974, 4.6720715]]}}, {"type": "Feature", "properties": {"highway": "cycleway", "cycleway": "crossing", "name": null}, "geometry": {"type": "LineString", "coordinates": [[-74.125317, 4.6718205], [-74.1253199, 4.6718654], [-74.1253224, 4.6719024]]}}, {"type": "Feature", "properties": {"highway": "cycleway", "cycleway": "crossing", "name": null}, "geometry": {"type": "LineString", "coordinates": [[-74.1253224, 4.6719024], [-74.1252808, 4.6719454], [-74.1251992, 4.6720299], [-74.1251611, 4.6720693]]}}, {"type": "Feature", "properties": {"highway": "cycleway", "cycleway": null, "name": null}, "geometry": {"type": "LineString", "coordinates": [[-74.1277141, 4.6381776], [-74.1283873, 4.6393147], [-74.1290077, 4.6403456]]}}, {"type": "Feature", "properties": {"highway": "cycleway", "cycleway": "crossing", "name": null}, "geometry": {"type": "LineString", "coordinates": [[-74.1275974, 4.637993], [-74.1276634, 4.6380976], [-74.1277141, 4.6381776]]}}, {"type": "Feature", "properties": {"highway": "cycleway", "cycleway": "crossing", "name": null}, "geometry": {"type": "LineString", "coordinates": [[-74.1278616, 4.638055], [-74.1277648, 4.6381355], [-74.1277141, 4.6381776], [-74.1276645, 4.6382188], [-74.127599, 4.6382732]]}}, {"type": "Feature", "properties": {"highway": "cycleway", "cycleway": null, "name": null}, "geometry": {"type": "LineString", "coordinates": [[-74.160631, 4.6453737], [-74.1603524, 4.6456587], [-74.1597169, 4.6463388], [-74.1594073, 4.6466577], [-74.1591006, 4.6469516], [-74.1589251, 4.6470996]]}}, {"type": "Feature", "properties": {"highway": "cycleway", "cycleway": "crossing", "name": null}, "geometry": {"type": "LineString", "coordinates": [[-74.1607088, 4.6452954], [-74.1606623, 4.6453422], [-74.160631, 4.6453737]]}}, {"type": "Feature", "properties": {"highway": "cycleway", "cycleway": null, "name": null}, "geometry": {"type": "LineString", "coordinates": [[-74.1614521, 4.6445096], [-74.1613851, 4.6445677], [-74.1611768, 4.6448296], [-74.1607088, 4.6452954]]}}, {"type": "Feature", "properties": {"highway": "cycleway", "cycleway": "crossing", "name": null}, "geometry": {"type": "LineString", "coordinates": [[-74.1615804, 4.6443954], [-74.1615184, 4.6444507], [-74.1614521, 4.6445096]]}}, {"type": "Feature", "properties": {"highway": "cycleway", "cycleway": null, "name": null}, "geometry": {"type": "LineString", "coordinates": [[-74.04097, 4.8099868], [-74.0413806, 4.8099089], [-74.0417774, 4.8098911], [-74.0434717, 4.8100325], [-74.0435135, 4.810036], [-74.0453365, 4.8101881], [-74.0458639, 4.8102321], [-74.0477597, 4.8103902], [-74.0488916, 4.8104846]]}}, {"type": "Feature", "properties": {"highway": "cycleway", "cycleway": null, "name": null}, "geometry": {"type": "LineString", "coordinates": [[-74.0499523, 4.8106155], [-74.0497436, 4.810744], [-74.0495551, 4.810825], [-74.0493407, 4.8108803], [-74.0491178, 4.8109014], [-74.0487778, 4.8108778], [-74.0475183, 4.8107901], [-74.0473825, 4.8107807], [-74.0463377, 4.810708], [-74.0462847, 4.8107043], [-74.0461647, 4.8106959], [-74.0460695, 4.8106876], [-74.0460246, 4.8106837], [-74.0457905, 4.8106633], [-74.0445613, 4.8105559], [-74.0444701, 4.810549], [-74.0434812, 4.8104749], [-74.043375, 4.810467], [-74.0432888, 4.8104605], [-74.0422959, 4.8103861], [-74.0422451, 4.8103823], [-74.0421866, 4.8103779], [-74.0417616, 4.810346]]}}, {"type": "Feature", "properties": {"highway": "cycleway", "cycleway": "crossing", "name": null}, "geometry": {"type": "LineString", "coordinates": [[-74.0789859, 4.6382125], [-74.0789828, 4.6382976], [-74.0789778, 4.6384317]]}}, {"type": "Feature", "properties": {"highway": "cycleway", "cycleway": null, "name": null}, "geometry": {"type": "LineString", "coordinates": [[-74.1454857, 4.5961858], [-74.145441, 4.5967284], [-74.1453985, 4.5971341], [-74.1454573, 4.5971399], [-74.1455011, 4.5971447], [-74.1454533, 4.5974099], [-74.1454156, 4.5975943], [-74.1454091, 4.5976262], [-74.1453843, 4.5977497], [-74.1453622, 4.5978418], [-74.1452898, 4.598115], [-74.1452512, 4.5982623], [-74.1452109, 4.5984147], [-74.1451818, 4.5985078], [-74.1451472, 4.5986334], [-74.1451216, 4.5987243], [-74.1451065, 4.5987851], [-74.1451054, 4.5988075], [-74.1451047, 4.5988221], [-74.1451153, 4.5988662], [-74.1451277, 4.5989068], [-74.1451295, 4.5989633], [-74.1451224, 4.5990232], [-74.1450923, 4.5991008], [-74.1450623, 4.5991661], [-74.1450357, 4.5992067], [-74.1450122, 4.5992335], [-74.1450056, 4.5992402], [-74.1449862, 4.5992561], [-74.1449614, 4.5992755], [-74.1449402, 4.5993072], [-74.1447774, 4.5997253], [-74.1446092, 4.6001645], [-74.1445585, 4.600305], [-74.144296, 4.6010323], [-74.1442199, 4.6012378]]}}, {"type": "Feature", "properties": {"highway": "cycleway", "cycleway": "crossing", "name": null}, "geometry": {"type": "LineString", "coordinates": [[-74.1442199, 4.6012378], [-74.1441899, 4.6013191], [-74.1441647, 4.6013884]]}}, {"type": "Feature", "properties": {"highway": "cycleway", "cycleway": null, "name": null}, "geometry": {"type": "LineString", "coordinates": [[-74.1441647, 4.6013884], [-74.1435399, 4.6030549]]}}, {"type": "Feature", "properties": {"highway": "cycleway", "cycleway": "crossing", "name": null}, "geometry": {"type": "LineString", "coordinates": [[-74.1435399, 4.6030549], [-74.1435022, 4.6031567], [-74.1434389, 4.6033278]]}}, {"type": "Feature", "properties": {"highway": "cycleway", "cycleway": "crossing", "name": null}, "geometry": {"type": "LineString", "coordinates": [[-74.1422777, 4.6064714], [-74.1422632, 4.6065112], [-74.142246, 4.6065586], [-74.1422293, 4.6066044], [-74.142218, 4.6066355]]}}, {"type": "Feature", "properties": {"highway": "cycleway", "cycleway": null, "name": null}, "geometry": {"type": "LineString", "coordinates": [[-74.1474457, 4.6091196], [-74.1475068, 4.6091664], [-74.1475321, 4.6091909], [-74.1475611, 4.6092228]]}}, {"type": "Feature", "properties": {"highway": "cycleway", "cycleway": "crossing", "name": null}, "geometry": {"type": "LineString", "coordinates": [[-74.1475611, 4.6092228], [-74.1475734, 4.6092415], [-74.1475912, 4.6092683], [-74.147622, 4.6093153]]}}, {"type": "Feature", "properties": {"highway": "cycleway", "cycleway": "crossing", "name": null}, "geometry": {"type": "LineString", "coordinates": [[-74.1477508, 4.609251], [-74.1476533, 4.6090643], [-74.1476138, 4.6089885]]}}, {"type": "Feature", "properties": {"highway": "cycleway", "cycleway": null, "name": null}, "geometry": {"type": "LineString", "coordinates": [[-74.1127462, 4.6275922], [-74.1121531, 4.6275397], [-74.1117976, 4.6275]]}}, {"type": "Feature", "properties": {"highway": "cycleway", "cycleway": "crossing", "name": null}, "geometry": {"type": "LineString", "coordinates": [[-74.1117976, 4.6275], [-74.1117204, 4.6274891], [-74.1116466, 4.6274786]]}}, {"type": "Feature", "properties": {"highway": "cycleway", "cycleway": null, "name": null}, "geometry": {"type": "LineString", "coordinates": [[-74.1116466, 4.6274786], [-74.1107609, 4.6273743]]}}, {"type": "Feature", "properties": {"highway": "cycleway", "cycleway": "crossing", "name": null}, "geometry": {"type": "LineString", "coordinates": [[-74.1107609, 4.6273743], [-74.1107294, 4.6273505], [-74.1106727, 4.6273076]]}}, {"type": "Feature", "properties": {"highway": "cycleway", "cycleway": null, "name": null}, "geometry": {"type": "LineString", "coordinates": [[-74.1197402, 4.6291727], [-74.1197197, 4.6291914], [-74.1196811, 4.6292017], [-74.1196496, 4.6292052], [-74.1196172, 4.6291984], [-74.119588, 4.6291791], [-74.1195692, 4.6291543], [-74.1195469, 4.6291171], [-74.1195142, 4.6290882], [-74.1195064, 4.6290861], [-74.1194421, 4.6290685], [-74.1193533, 4.629054], [-74.1191744, 4.6290278], [-74.1191456, 4.6290251], [-74.1191285, 4.6290233], [-74.1184149, 4.6289491], [-74.118064, 4.6289224], [-74.1180427, 4.6289208], [-74.1180255, 4.6289187], [-74.1171971, 4.6288179]]}}, {"type": "Feature", "properties": {"highway": "cycleway", "cycleway": "crossing", "name": null}, "geometry": {"type": "LineString", "coordinates": [[-74.1154125, 4.6286438], [-74.1153477, 4.6286371], [-74.1152688, 4.628629]]}}, {"type": "Feature", "properties": {"highway": "cycleway", "cycleway": null, "name": null}, "geometry": {"type": "LineString", "coordinates": [[-74.1152688, 4.628629], [-74.1148069, 4.6285777], [-74.1137355, 4.6284748]]}}, {"type": "Feature", "properties": {"highway": "cycleway", "cycleway": "crossing", "name": null}, "geometry": {"type": "LineString", "coordinates": [[-74.1137355, 4.6284748], [-74.1136548, 4.6284671], [-74.1135674, 4.6284586], [-74.1135105, 4.6284531]]}}, {"type": "Feature", "properties": {"highway": "cycleway", "cycleway": null, "name": null}, "geometry": {"type": "LineString", "coordinates": [[-74.1135105, 4.6284531], [-74.1121378, 4.6283126]]}}, {"type": "Feature", "properties": {"highway": "cycleway", "cycleway": "crossing", "name": null}, "geometry": {"type": "LineString", "coordinates": [[-74.1121378, 4.6283126], [-74.1120753, 4.6283057], [-74.1119832, 4.6282956]]}}, {"type": "Feature", "properties": {"highway": "cycleway", "cycleway": "crossing", "name": null}, "geometry": {"type": "LineString", "coordinates": [[-74.1081996, 4.628078], [-74.1081683, 4.6281202], [-74.1080978, 4.628215], [-74.1080407, 4.6282918]]}}, {"type": "Feature", "properties": {"highway": "cycleway", "cycleway": "crossing", "name": null}, "geometry": {"type": "LineString", "coordinates": [[-74.1084958, 4.6279925], [-74.1084564, 4.6279917], [-74.1084156, 4.6279908]]}}, {"type": "Feature", "properties": {"highway": "cycleway", "cycleway": null, "name": null}, "geometry": {"type": "LineString", "coordinates": [[-74.1084156, 4.6279908], [-74.1083758, 4.6279962], [-74.1083544, 4.6279991], [-74.1082893, 4.6280231], [-74.1082292, 4.6280541], [-74.1081996, 4.628078]]}}, {"type": "Feature", "properties": {"highway": "cycleway", "cycleway": null, "name": null}, "geometry": {"type": "LineString", "coordinates": [[-74.1061981, 4.6287662], [-74.1061666, 4.6287672], [-74.1061065, 4.628785], [-74.106063, 4.6288186], [-74.105997, 4.6289037], [-74.1058129, 4.629152], [-74.1056074, 4.6294263], [-74.1054208, 4.6296749]]}}, {"type": "Feature", "properties": {"highway": "cycleway", "cycleway": "crossing", "name": null}, "geometry": {"type": "LineString", "coordinates": [[-74.1063047, 4.6286819], [-74.1062463, 4.6287281], [-74.1061981, 4.6287662]]}}, {"type": "Feature", "properties": {"highway": "cycleway", "cycleway": "crossing", "name": null}, "geometry": {"type": "LineString", "coordinates": [[-74.1170176, 4.6280239], [-74.1169222, 4.6280137], [-74.11682, 4.6280027]]}}, {"type": "Feature", "properties": {"highway": "cycleway", "cycleway": "crossing", "name": null}, "geometry": {"type": "LineString", "coordinates": [[-74.1183734, 4.6280247], [-74.1182935, 4.6280698], [-74.1182297, 4.6281058]]}}, {"type": "Feature", "properties": {"highway": "cycleway", "cycleway": "crossing", "name": null}, "geometry": {"type": "LineString", "coordinates": [[-74.1158368, 4.6279016], [-74.1157539, 4.6278936], [-74.1156762, 4.6278861]]}}, {"type": "Feature", "properties": {"highway": "cycleway", "cycleway": "crossing", "name": null}, "geometry": {"type": "LineString", "coordinates": [[-74.1198016, 4.6283212], [-74.1198045, 4.628284], [-74.1198066, 4.6282566]]}}, {"type": "Feature", "properties": {"highway": "cycleway", "cycleway": null, "name": null}, "geometry": {"type": "LineString", "coordinates": [[-74.1198066, 4.6282566], [-74.1196625, 4.6282461], [-74.119154, 4.6282089], [-74.118795, 4.6281336], [-74.1186785, 4.6280845]]}}, {"type": "Feature", "properties": {"highway": "cycleway", "cycleway": null, "name": null}, "geometry": {"type": "LineString", "coordinates": [[-74.1212911, 4.6287631], [-74.1208216, 4.6287178]]}}, {"type": "Feature", "properties": {"highway": "cycleway", "cycleway": "crossing", "name": null}, "geometry": {"type": "LineString", "coordinates": [[-74.1208216, 4.6287178], [-74.1207304, 4.6287045], [-74.1206633, 4.6286948]]}}, {"type": "Feature", "properties": {"highway": "cycleway", "cycleway": "crossing", "name": null}, "geometry": {"type": "LineString", "coordinates": [[-74.1209272, 4.6292683], [-74.1208515, 4.6292614], [-74.1207309, 4.6292505], [-74.1206724, 4.6292452]]}}, {"type": "Feature", "properties": {"highway": "cycleway", "cycleway": "crossing", "name": null}, "geometry": {"type": "LineString", "coordinates": [[-74.1242966, 4.6290645], [-74.1242077, 4.6290583], [-74.1241309, 4.6290529]]}}, {"type": "Feature", "properties": {"highway": "cycleway", "cycleway": "crossing", "name": null}, "geometry": {"type": "LineString", "coordinates": [[-74.1240819, 4.6294792], [-74.1240991, 4.6295037], [-74.1241371, 4.629558]]}}, {"type": "Feature", "properties": {"highway": "cycleway", "cycleway": null, "name": null}, "geometry": {"type": "LineString", "coordinates": [[-74.1241371, 4.629558], [-74.1246988, 4.6296071], [-74.1247715, 4.6296142], [-74.1248686, 4.6296185], [-74.1249423, 4.6296158], [-74.1250303, 4.6296117], [-74.1252155, 4.6295926]]}}, {"type": "Feature", "properties": {"highway": "cycleway", "cycleway": "crossing", "name": null}, "geometry": {"type": "LineString", "coordinates": [[-74.1238514, 4.6295177], [-74.1239146, 4.6295266], [-74.1239669, 4.629534], [-74.1241371, 4.629558]]}}, {"type": "Feature", "properties": {"highway": "cycleway", "cycleway": null, "name": null}, "geometry": {"type": "LineString", "coordinates": [[-74.1227456, 4.6294087], [-74.1228344, 4.6294174], [-74.1230083, 4.6294344]]}}, {"type": "Feature", "properties": {"highway": "cycleway", "cycleway": "crossing", "name": null}, "geometry": {"type": "LineString", "coordinates": [[-74.1230083, 4.6294344], [-74.1230826, 4.6294425], [-74.1231649, 4.6294515], [-74.1232094, 4.6294563]]}}, {"type": "Feature", "properties": {"highway": "cycleway", "cycleway": null, "name": null}, "geometry": {"type": "LineString", "coordinates": [[-74.1256228, 4.6296121], [-74.1257428, 4.6295777], [-74.1258628, 4.6295646], [-74.1259726, 4.6295617]]}}, {"type": "Feature", "properties": {"highway": "cycleway", "cycleway": "crossing", "name": null}, "geometry": {"type": "LineString", "coordinates": [[-74.1252919, 4.6289085], [-74.1252236, 4.6289864], [-74.1252106, 4.6290013]]}}, {"type": "Feature", "properties": {"highway": "cycleway", "cycleway": null, "name": null}, "geometry": {"type": "LineString", "coordinates": [[-74.116971, 4.6287932], [-74.1161059, 4.6287112], [-74.1160512, 4.6287043], [-74.1154125, 4.6286438]]}}, {"type": "Feature", "properties": {"highway": "cycleway", "cycleway": "crossing", "name": null}, "geometry": {"type": "LineString", "coordinates": [[-74.1171971, 4.6288179], [-74.1170708, 4.6288041], [-74.116971, 4.6287932]]}}, {"type": "Feature", "properties": {"highway": "cycleway", "cycleway": "crossing", "name": null}, "geometry": {"type": "LineString", "coordinates": [[-74.12833, 4.6299677], [-74.1283477, 4.6299702], [-74.1285386, 4.629997], [-74.1286035, 4.6300061]]}}, {"type": "Feature", "properties": {"highway": "cycleway", "cycleway": null, "name": null}, "geometry": {"type": "LineString", "coordinates": [[-74.1346502, 4.6417367], [-74.1347504, 4.6415915], [-74.1350239, 4.6411837], [-74.1354433, 4.6404873], [-74.135767, 4.639902], [-74.13597, 4.6395472]]}}, {"type": "Feature", "properties": {"highway": "cycleway", "cycleway": "crossing", "name": null}, "geometry": {"type": "LineString", "coordinates": [[-74.13597, 4.6395472], [-74.1360079, 4.6394725], [-74.1360301, 4.6394288], [-74.1360719, 4.6393464]]}}, {"type": "Feature", "properties": {"highway": "cycleway", "cycleway": null, "name": null}, "geometry": {"type": "LineString", "coordinates": [[-74.0996008, 4.681166], [-74.1000313, 4.680652], [-74.1003227, 4.6802945], [-74.1005771, 4.6799401], [-74.1008701, 4.6794818], [-74.101158, 4.6791065], [-74.101329, 4.6788818], [-74.1015945, 4.6785323], [-74.1017861, 4.6782772], [-74.1023662, 4.6774719], [-74.1028895, 4.6766983], [-74.1032943, 4.6761326], [-74.103477, 4.6758994], [-74.1035913, 4.6757409], [-74.1036451, 4.6756591], [-74.103771, 4.6754584], [-74.1038215, 4.6753709], [-74.1038693, 4.6753176], [-74.1039339, 4.6752667], [-74.1039999, 4.6752398], [-74.1040979, 4.675235]]}}, {"type": "Feature", "properties": {"highway": "cycleway", "cycleway": "crossing", "name": null}, "geometry": {"type": "LineString", "coordinates": [[-74.0994874, 4.6813019], [-74.0995727, 4.6812005], [-74.0996008, 4.681166]]}}, {"type": "Feature", "properties": {"highway": "cycleway", "cycleway": "crossing", "name": null}, "geometry": {"type": "LineString", "coordinates": [[-74.0516453, 4.7180053], [-74.0516205, 4.717917], [-74.0515987, 4.7178393]]}}, {"type": "Feature", "properties": {"highway": "cycleway", "cycleway": "crossing", "name": null}, "geometry": {"type": "LineString", "coordinates": [[-74.0505965, 4.7189257], [-74.0506718, 4.7189466], [-74.0507485, 4.7189679]]}}, {"type": "Feature", "properties": {"highway": "cycleway", "cycleway": null, "name": null}, "geometry": {"type": "LineString", "coordinates": [[-74.0511894, 4.7196539], [-74.0509388, 4.7194859], [-74.0507416, 4.7193451], [-74.0506956, 4.7193085], [-74.0506492, 4.7192628], [-74.050618, 4.7192083], [-74.0506181, 4.7191486], [-74.0506349, 4.7190839], [-74.0506828, 4.7190259], [-74.0507485, 4.7189679], [-74.0507887, 4.7189618], [-74.0508432, 4.7189614], [-74.0512359, 4.719013]]}}, {"type": "Feature", "properties": {"highway": "cycleway", "cycleway": "crossing", "name": null}, "geometry": {"type": "LineString", "coordinates": [[-74.0509388, 4.7194859], [-74.0509108, 4.7195268], [-74.0508274, 4.7196487], [-74.0508044, 4.7196823]]}}, {"type": "Feature", "properties": {"highway": "cycleway", "cycleway": null, "name": null}, "geometry": {"type": "LineString", "coordinates": [[-74.0516453, 4.7180053], [-74.0516139, 4.7182537]]}}, {"type": "Feature", "properties": {"highway": "cycleway", "cycleway": "crossing", "name": null}, "geometry": {"type": "LineString", "coordinates": [[-74.0516139, 4.7182537], [-74.0516011, 4.718338], [-74.0515869, 4.7184322]]}}, {"type": "Feature", "properties": {"highway": "cycleway", "cycleway": null, "name": null}, "geometry": {"type": "LineString", "coordinates": [[-74.070237, 4.6100181], [-74.0704758, 4.6091281], [-74.07048, 4.6091125], [-74.0704859, 4.6090898], [-74.0707464, 4.6081209], [-74.07076, 4.6080704], [-74.0707681, 4.6080435], [-74.0712504, 4.6064431], [-74.0713377, 4.606163], [-74.0715596, 4.6054855]]}}, {"type": "Feature", "properties": {"highway": "cycleway", "cycleway": "crossing", "name": null}, "geometry": {"type": "LineString", "coordinates": [[-74.0715596, 4.6054855], [-74.0715791, 4.605429], [-74.0716212, 4.6053067], [-74.0716448, 4.6052382]]}}, {"type": "Feature", "properties": {"highway": "cycleway", "cycleway": null, "name": null}, "geometry": {"type": "LineString", "coordinates": [[-74.1385169, 4.6506213], [-74.1382196, 4.650438], [-74.1377666, 4.650161], [-74.1377079, 4.6501224]]}}, {"type": "Feature", "properties": {"highway": "cycleway", "cycleway": "crossing", "name": null}, "geometry": {"type": "LineString", "coordinates": [[-74.1386669, 4.6507136], [-74.1385829, 4.6506619], [-74.1385169, 4.6506213]]}}, {"type": "Feature", "properties": {"highway": "cycleway", "cycleway": null, "name": null}, "geometry": {"type": "LineString", "coordinates": [[-74.0602738, 4.6551052], [-74.0608427, 4.6541526]]}}, {"type": "Feature", "properties": {"highway": "cycleway", "cycleway": "crossing", "name": null}, "geometry": {"type": "LineString", "coordinates": [[-74.0608427, 4.6541526], [-74.0608619, 4.6541199], [-74.0608917, 4.6540694]]}}, {"type": "Feature", "properties": {"highway": "cycleway", "cycleway": null, "name": null}, "geometry": {"type": "LineString", "coordinates": [[-74.1070287, 4.6713989], [-74.1072531, 4.6711778], [-74.1073575, 4.6710749], [-74.1074942, 4.6709402], [-74.1078337, 4.6705903], [-74.1080541, 4.6703536], [-74.1088278, 4.6695845], [-74.109697, 4.6687159], [-74.1105213, 4.6678995], [-74.1109178, 4.6674903], [-74.1109487, 4.6674761], [-74.1109797, 4.6674779], [-74.1110115, 4.6674932], [-74.1110521, 4.6675284]]}}, {"type": "Feature", "properties": {"highway": "cycleway", "cycleway": "crossing", "name": null}, "geometry": {"type": "LineString", "coordinates": [[-74.1110521, 4.6675284], [-74.111105, 4.6675005], [-74.111211, 4.6674444], [-74.1112394, 4.6674294]]}}, {"type": "Feature", "properties": {"highway": "cycleway", "cycleway": null, "name": null}, "geometry": {"type": "LineString", "coordinates": [[-74.1112394, 4.6674294], [-74.1112591, 4.667418], [-74.1112739, 4.6673985], [-74.1112807, 4.6673764], [-74.1112858, 4.6672338], [-74.1113059, 4.6671792], [-74.1113435, 4.6671199], [-74.111439, 4.6670205], [-74.111533, 4.6669445], [-74.1115827, 4.6669004], [-74.1117205, 4.6667593], [-74.1118962, 4.6666152], [-74.1120248, 4.6665252], [-74.1120698, 4.6664938], [-74.112144, 4.6664441], [-74.1122015, 4.6663979], [-74.112283, 4.6663435], [-74.1123608, 4.6662873], [-74.1124069, 4.6662126], [-74.112421, 4.6661607]]}}, {"type": "Feature", "properties": {"highway": "cycleway", "cycleway": "crossing", "name": null}, "geometry": {"type": "LineString", "coordinates": [[-74.1126545, 4.6657675], [-74.1127069, 4.6657651], [-74.112727, 4.6657642], [-74.1127759, 4.6657619]]}}, {"type": "Feature", "properties": {"highway": "cycleway", "cycleway": null, "name": null}, "geometry": {"type": "LineString", "coordinates": [[-74.1124443, 4.6660413], [-74.1124727, 4.6659616], [-74.1125252, 4.6658814], [-74.1126053, 4.6658001], [-74.1126545, 4.6657675]]}}, {"type": "Feature", "properties": {"highway": "cycleway", "cycleway": "crossing", "name": null}, "geometry": {"type": "LineString", "coordinates": [[-74.112421, 4.6661607], [-74.112429, 4.66612], [-74.1124443, 4.6660413]]}}, {"type": "Feature", "properties": {"highway": "cycleway", "cycleway": null, "name": null}, "geometry": {"type": "LineString", "coordinates": [[-74.0455811, 4.7760029], [-74.0431585, 4.7758049], [-74.0430982, 4.7758101], [-74.0430424, 4.7758195], [-74.0429721, 4.7758401], [-74.0427295, 4.7759591]]}}, {"type": "Feature", "properties": {"highway": "cycleway", "cycleway": "crossing", "name": null}, "geometry": {"type": "LineString", "coordinates": [[-74.069851, 4.7000693], [-74.0699397, 4.7000476], [-74.0700205, 4.7000279], [-74.0701252, 4.7000022], [-74.0702028, 4.6999832], [-74.0702794, 4.6999645]]}}, {"type": "Feature", "properties": {"highway": "cycleway", "cycleway": null, "name": null}, "geometry": {"type": "LineString", "coordinates": [[-74.0702794, 4.6999645], [-74.071989, 4.6995091]]}}, {"type": "Feature", "properties": {"highway": "cycleway", "cycleway": "crossing", "name": null}, "geometry": {"type": "LineString", "coordinates": [[-74.071989, 4.6995091], [-74.0720773, 4.6994981], [-74.0721702, 4.6994865]]}}, {"type": "Feature", "properties": {"highway": "cycleway", "cycleway": "crossing", "name": null}, "geometry": {"type": "LineString", "coordinates": [[-74.071989, 4.6995091], [-74.0720805, 4.6994785], [-74.0721608, 4.6994516]]}}, {"type": "Feature", "properties": {"highway": "cycleway", "cycleway": null, "name": null}, "geometry": {"type": "LineString", "coordinates": [[-74.0740012, 4.6990278], [-74.0750293, 4.6987703], [-74.075149, 4.6987426], [-74.0752844, 4.6987265], [-74.0754614, 4.6987185], [-74.0755929, 4.6987158], [-74.0757028, 4.6987198], [-74.0759067, 4.6987399], [-74.0759865, 4.6987523]]}}, {"type": "Feature", "properties": {"highway": "cycleway", "cycleway": null, "name": null}, "geometry": {"type": "LineString", "coordinates": [[-74.075991, 4.6987154], [-74.0758758, 4.6986971], [-74.0756747, 4.6986771], [-74.0755379, 4.698669], [-74.0753944, 4.6986731], [-74.0752469, 4.6986851], [-74.0751208, 4.6987038], [-74.0750038, 4.6987275], [-74.0739911, 4.6989855]]}}, {"type": "Feature", "properties": {"highway": "cycleway", "cycleway": "crossing", "name": null}, "geometry": {"type": "LineString", "coordinates": [[-74.0760991, 4.6987322], [-74.0760328, 4.6987219], [-74.075991, 4.6987154]]}}, {"type": "Feature", "properties": {"highway": "cycleway", "cycleway": "crossing", "name": null}, "geometry": {"type": "LineString", "coordinates": [[-74.0759865, 4.6987523], [-74.0760272, 4.6987594], [-74.0760927, 4.6987709]]}}, {"type": "Feature", "properties": {"highway": "cycleway", "cycleway": null, "name": null}, "geometry": {"type": "LineString", "coordinates": [[-74.0766951, 4.6989949], [-74.0767838, 4.6990388], [-74.0770363, 4.6991635]]}}, {"type": "Feature", "properties": {"highway": "cycleway", "cycleway": null, "name": null}, "geometry": {"type": "LineString", "coordinates": [[-74.0770465, 4.6991478], [-74.0767914, 4.6990204], [-74.0766656, 4.6989575]]}}, {"type": "Feature", "properties": {"highway": "cycleway", "cycleway": null, "name": null}, "geometry": {"type": "LineString", "coordinates": [[-74.0765566, 4.6989046], [-74.076447, 4.6988546], [-74.0762981, 4.6987958], [-74.0760991, 4.6987322]]}}, {"type": "Feature", "properties": {"highway": "cycleway", "cycleway": "crossing", "name": null}, "geometry": {"type": "LineString", "coordinates": [[-74.0766656, 4.6989575], [-74.0766201, 4.6989354], [-74.0765566, 4.6989046]]}}, {"type": "Feature", "properties": {"highway": "cycleway", "cycleway": null, "name": null}, "geometry": {"type": "LineString", "coordinates": [[-74.0760927, 4.6987709], [-74.0762082, 4.6988052], [-74.076293, 4.6988296], [-74.0763799, 4.69886], [-74.0765583, 4.6989315]]}}, {"type": "Feature", "properties": {"highway": "cycleway", "cycleway": "crossing", "name": null}, "geometry": {"type": "LineString", "coordinates": [[-74.0765583, 4.6989315], [-74.0765829, 4.6989429], [-74.0766525, 4.6989752], [-74.0766951, 4.6989949]]}}, {"type": "Feature", "properties": {"highway": "cycleway", "cycleway": null, "name": null}, "geometry": {"type": "LineString", "coordinates": [[-74.0771575, 4.6992307], [-74.0772798, 4.6992984], [-74.0790074, 4.7002469]]}}, {"type": "Feature", "properties": {"highway": "cycleway", "cycleway": null, "name": null}, "geometry": {"type": "LineString", "coordinates": [[-74.0790221, 4.7002138], [-74.0772945, 4.6992716], [-74.077169, 4.6992077]]}}, {"type": "Feature", "properties": {"highway": "cycleway", "cycleway": "crossing", "name": null}, "geometry": {"type": "LineString", "coordinates": [[-74.0770363, 4.6991635], [-74.0770878, 4.6991921], [-74.0771575, 4.6992307]]}}, {"type": "Feature", "properties": {"highway": "cycleway", "cycleway": "crossing", "name": null}, "geometry": {"type": "LineString", "coordinates": [[-74.077169, 4.6992077], [-74.0770979, 4.6991729], [-74.0770465, 4.6991478]]}}, {"type": "Feature", "properties": {"highway": "cycleway", "cycleway": "crossing", "name": null}, "geometry": {"type": "LineString", "coordinates": [[-74.0790074, 4.7002469], [-74.0790936, 4.7003387], [-74.0791554, 4.7004044]]}}, {"type": "Feature", "properties": {"highway": "cycleway", "cycleway": "crossing", "name": null}, "geometry": {"type": "LineString", "coordinates": [[-74.0792055, 4.7003115], [-74.0791302, 4.7002714], [-74.0790221, 4.7002138]]}}, {"type": "Feature", "properties": {"highway": "cycleway", "cycleway": null, "name": null}, "geometry": {"type": "LineString", "coordinates": [[-74.0809094, 4.7011859], [-74.0808653, 4.7011769], [-74.0808116, 4.7011569], [-74.0807137, 4.7011074], [-74.080644, 4.7010714], [-74.0792055, 4.7003115]]}}, {"type": "Feature", "properties": {"highway": "cycleway", "cycleway": null, "name": null}, "geometry": {"type": "LineString", "coordinates": [[-74.0809339, 4.7011], [-74.0810331, 4.701092], [-74.0811511, 4.7010305], [-74.0812316, 4.7009503], [-74.0812745, 4.7008273], [-74.0814408, 4.7002018], [-74.0815454, 4.6998035], [-74.0816566, 4.6993415], [-74.0817981, 4.6987933], [-74.0818537, 4.6985758], [-74.0818849, 4.6984539], [-74.0819386, 4.6982436], [-74.0819956, 4.698099], [-74.0820386, 4.6980114], [-74.0821424, 4.6978392], [-74.0822159, 4.6977356], [-74.0825949, 4.6973331], [-74.0828392, 4.6971481], [-74.0829544, 4.697079], [-74.0830655, 4.697019], [-74.0833761, 4.6969142], [-74.0836614, 4.6968343]]}}, {"type": "Feature", "properties": {"highway": "cycleway", "cycleway": "crossing", "name": null}, "geometry": {"type": "LineString", "coordinates": [[-74.0808542, 4.7013785], [-74.0808616, 4.7013526], [-74.0808681, 4.7013316], [-74.0809094, 4.7011859], [-74.0809158, 4.7011634], [-74.0809339, 4.7011]]}}, {"type": "Feature", "properties": {"highway": "cycleway", "cycleway": null, "name": null}, "geometry": {"type": "LineString", "coordinates": [[-74.0791554, 4.7004044], [-74.0795381, 4.7006026], [-74.0797399, 4.7007393], [-74.0798966, 4.7008252], [-74.0804105, 4.7011097], [-74.0808616, 4.7013526]]}}, {"type": "Feature", "properties": {"highway": "cycleway", "cycleway": null, "name": null}, "geometry": {"type": "LineString", "coordinates": [[-74.0738877, 4.6990118], [-74.0721608, 4.6994516]]}}, {"type": "Feature", "properties": {"highway": "cycleway", "cycleway": "crossing", "name": null}, "geometry": {"type": "LineString", "coordinates": [[-74.0739911, 4.6989855], [-74.0739347, 4.6989998], [-74.0738877, 4.6990118]]}}, {"type": "Feature", "properties": {"highway": "cycleway", "cycleway": null, "name": null}, "geometry": {"type": "LineString", "coordinates": [[-74.0721702, 4.6994865], [-74.0738978, 4.6990537]]}}, {"type": "Feature", "properties": {"highway": "cycleway", "cycleway": "crossing", "name": null}, "geometry": {"type": "LineString", "coordinates": [[-74.0738978, 4.6990537], [-74.0739456, 4.6990418], [-74.0740012, 4.6990278]]}}, {"type": "Feature", "properties": {"highway": "cycleway", "cycleway": null, "name": null}, "geometry": {"type": "LineString", "coordinates": [[-74.0966116, 4.5857717], [-74.0962297, 4.5857379]]}}, {"type": "Feature", "properties": {"highway": "cycleway", "cycleway": null, "name": null}, "geometry": {"type": "LineString", "coordinates": [[-74.0499275, 4.7270678], [-74.0499203, 4.7271184], [-74.0499062, 4.7272181], [-74.0499918, 4.7275822], [-74.0497996, 4.7287038], [-74.0497878, 4.7287727], [-74.0496694, 4.7293824], [-74.049572, 4.7298843]]}}, {"type": "Feature", "properties": {"highway": "cycleway", "cycleway": "crossing", "name": null}, "geometry": {"type": "LineString", "coordinates": [[-74.049572, 4.7298843], [-74.0495665, 4.7299145], [-74.0495131, 4.730206], [-74.0495002, 4.7302764]]}}, {"type": "Feature", "properties": {"highway": "cycleway", "cycleway": "crossing", "name": null}, "geometry": {"type": "LineString", "coordinates": [[-74.0453029, 4.7298141], [-74.0453123, 4.7297543], [-74.0453293, 4.7296452], [-74.0453374, 4.7295932]]}}, {"type": "Feature", "properties": {"highway": "cycleway", "cycleway": null, "name": null}, "geometry": {"type": "LineString", "coordinates": [[-74.0449537, 4.731587], [-74.0449763, 4.7314809], [-74.0451296, 4.7307031], [-74.0451397, 4.7306489], [-74.0451618, 4.7305295], [-74.0453029, 4.7298141]]}}, {"type": "Feature", "properties": {"highway": "cycleway", "cycleway": null, "name": null}, "geometry": {"type": "LineString", "coordinates": [[-74.0449353, 4.7316798], [-74.0449427, 4.7316428], [-74.0449537, 4.731587]]}}, {"type": "Feature", "properties": {"highway": "cycleway", "cycleway": null, "name": null}, "geometry": {"type": "LineString", "coordinates": [[-74.0703711, 4.6204426], [-74.0706329, 4.6205964], [-74.0709117, 4.6207208], [-74.071047, 4.6207787], [-74.0711934, 4.6208304], [-74.0712943, 4.6208578], [-74.0714617, 4.620895], [-74.0715972, 4.6209051], [-74.0716379, 4.6209096], [-74.0716903, 4.6209153], [-74.0717113, 4.6209174], [-74.0717856, 4.6209167], [-74.0718765, 4.620914], [-74.0720194, 4.6208929], [-74.0721259, 4.6208713], [-74.0722354, 4.6208431], [-74.072527, 4.6207724], [-74.0725843, 4.6207581]]}}, {"type": "Feature", "properties": {"highway": "cycleway", "cycleway": "crossing", "name": null}, "geometry": {"type": "LineString", "coordinates": [[-74.0700871, 4.6202353], [-74.0701363, 4.6202735], [-74.0701914, 4.6203131], [-74.070281, 4.6203787], [-74.0703286, 4.6204163], [-74.0703711, 4.6204426]]}}, {"type": "Feature", "properties": {"highway": "cycleway", "cycleway": null, "name": null}, "geometry": {"type": "LineString", "coordinates": [[-74.0808733, 4.6527113], [-74.0808601, 4.6527357], [-74.0807083, 4.6530174], [-74.0797468, 4.6550505], [-74.0787601, 4.6574697], [-74.0784987, 4.6581278]]}}, {"type": "Feature", "properties": {"highway": "cycleway", "cycleway": null, "name": null}, "geometry": {"type": "LineString", "coordinates": [[-74.164312, 4.6144119], [-74.1642757, 4.6144232], [-74.164084, 4.6144866], [-74.1637048, 4.614632], [-74.1631062, 4.6148675], [-74.1627757, 4.6149792], [-74.1627377, 4.6149875], [-74.1626963, 4.6149909], [-74.1626418, 4.6149753], [-74.1626114, 4.6149518]]}}, {"type": "Feature", "properties": {"highway": "cycleway", "cycleway": "crossing", "name": null}, "geometry": {"type": "LineString", "coordinates": [[-74.1645723, 4.6143329], [-74.1644077, 4.6143828], [-74.164312, 4.6144119]]}}, {"type": "Feature", "properties": {"highway": "cycleway", "cycleway": "crossing", "name": null}, "geometry": {"type": "LineString", "coordinates": [[-74.1626114, 4.6149518], [-74.1625287, 4.6149825], [-74.1623909, 4.6150337], [-74.1623602, 4.6150451], [-74.1623185, 4.6150606]]}}, {"type": "Feature", "properties": {"highway": "cycleway", "cycleway": null, "name": null}, "geometry": {"type": "LineString", "coordinates": [[-74.0799787, 4.6289647], [-74.0799493, 4.6290801], [-74.0799265, 4.6292164], [-74.0798996, 4.6292881], [-74.0798722, 4.6293732], [-74.0798442, 4.62946], [-74.0798005, 4.6296628], [-74.0797602, 4.6298625], [-74.079729, 4.6300415], [-74.0797042, 4.6301968], [-74.0796716, 4.6304363], [-74.0796442, 4.6306574], [-74.0796316, 4.6307803]]}}, {"type": "Feature", "properties": {"highway": "cycleway", "cycleway": "crossing", "name": null}, "geometry": {"type": "LineString", "coordinates": [[-74.0796316, 4.6307803], [-74.0795977, 4.6308554], [-74.0795835, 4.6308869]]}}, {"type": "Feature", "properties": {"highway": "cycleway", "cycleway": null, "name": null}, "geometry": {"type": "LineString", "coordinates": [[-74.0795835, 4.6308869], [-74.0795343, 4.6314157], [-74.079509, 4.6317417], [-74.0794869, 4.6318528], [-74.0794592, 4.6321305], [-74.0794533, 4.6321894]]}}, {"type": "Feature", "properties": {"highway": "cycleway", "cycleway": "crossing", "name": null}, "geometry": {"type": "LineString", "coordinates": [[-74.0794533, 4.6321894], [-74.0794533, 4.6322364], [-74.0794533, 4.6322843]]}}, {"type": "Feature", "properties": {"highway": "cycleway", "cycleway": null, "name": null}, "geometry": {"type": "LineString", "coordinates": [[-74.0794533, 4.6322843], [-74.0794533, 4.632316], [-74.0794425, 4.6324066], [-74.0794277, 4.6325718], [-74.079416, 4.63269], [-74.0793884, 4.6327318], [-74.0793626, 4.6327559], [-74.0793168, 4.6327902]]}}, {"type": "Feature", "properties": {"highway": "cycleway", "cycleway": "crossing", "name": null}, "geometry": {"type": "LineString", "coordinates": [[-74.0793168, 4.6327902], [-74.0792752, 4.6328053], [-74.0792468, 4.6328156]]}}, {"type": "Feature", "properties": {"highway": "cycleway", "cycleway": null, "name": null}, "geometry": {"type": "LineString", "coordinates": [[-74.0935274, 4.6154806], [-74.0929603, 4.6149732], [-74.0928328, 4.6148592], [-74.0920952, 4.6141993], [-74.091776, 4.6139137], [-74.0917362, 4.6138716], [-74.0914399, 4.613606], [-74.0912296, 4.6134249], [-74.0903252, 4.6126158], [-74.0899716, 4.6122995], [-74.089792, 4.6121388], [-74.0895539, 4.6119258]]}}, {"type": "Feature", "properties": {"highway": "cycleway", "cycleway": "crossing", "name": null}, "geometry": {"type": "LineString", "coordinates": [[-74.093702, 4.6156387], [-74.0936527, 4.615594], [-74.0936105, 4.6155558], [-74.0935503, 4.6155013], [-74.0935274, 4.6154806]]}}, {"type": "Feature", "properties": {"highway": "cycleway", "cycleway": null, "name": null}, "geometry": {"type": "LineString", "coordinates": [[-74.1083321, 4.7106154], [-74.1090228, 4.7109258], [-74.1090499, 4.7109717], [-74.1085864, 4.7119376], [-74.1085286, 4.7120448]]}}, {"type": "Feature", "properties": {"highway": "cycleway", "cycleway": null, "name": null}, "geometry": {"type": "LineString", "coordinates": [[-74.1085286, 4.7120448], [-74.1079138, 4.7114789], [-74.1078718, 4.7114403]]}}, {"type": "Feature", "properties": {"highway": "cycleway", "cycleway": null, "name": null}, "geometry": {"type": "LineString", "coordinates": [[-74.0742785, 4.6787113], [-74.0746577, 4.6789807], [-74.0748518, 4.6791271], [-74.0750317, 4.6792758], [-74.0751791, 4.6794109], [-74.0753164, 4.679548], [-74.0757695, 4.6801028], [-74.0760392, 4.6804503], [-74.0761191, 4.6805436], [-74.0764241, 4.6809199], [-74.07675, 4.6813334], [-74.0769866, 4.6816237], [-74.0772676, 4.6819678]]}}, {"type": "Feature", "properties": {"highway": "cycleway", "cycleway": "crossing", "name": null}, "geometry": {"type": "LineString", "coordinates": [[-74.0739081, 4.6784559], [-74.07404, 4.6785469], [-74.0742785, 4.6787113]]}}, {"type": "Feature", "properties": {"highway": "cycleway", "cycleway": "crossing", "name": null}, "geometry": {"type": "LineString", "coordinates": [[-74.1040979, 4.675235], [-74.1040941, 4.6751912], [-74.1040856, 4.6750931]]}}, {"type": "Feature", "properties": {"highway": "cycleway", "cycleway": "crossing", "name": null}, "geometry": {"type": "LineString", "coordinates": [[-74.1041683, 4.6747912], [-74.1042089, 4.6747681], [-74.104252, 4.6747437]]}}, {"type": "Feature", "properties": {"highway": "cycleway", "cycleway": null, "name": null}, "geometry": {"type": "LineString", "coordinates": [[-74.1059475, 4.6763056], [-74.105617, 4.6759843], [-74.1054947, 4.6758283], [-74.1053805, 4.6756768], [-74.1051652, 4.6754594], [-74.1050506, 4.6753044], [-74.1048711, 4.6751645], [-74.1047253, 4.6750407], [-74.1046021, 4.6749515], [-74.1044921, 4.6748874], [-74.1043412, 4.6748192], [-74.1042887, 4.6747863], [-74.104252, 4.6747437]]}}, {"type": "Feature", "properties": {"highway": "cycleway", "cycleway": "crossing", "name": null}, "geometry": {"type": "LineString", "coordinates": [[-74.1060298, 4.6763783], [-74.1059914, 4.6763443], [-74.1059475, 4.6763056]]}}, {"type": "Feature", "properties": {"highway": "cycleway", "cycleway": null, "name": null}, "geometry": {"type": "LineString", "coordinates": [[-74.1044536, 4.6525899], [-74.1027891, 4.6547257]]}}, {"type": "Feature", "properties": {"highway": "cycleway", "cycleway": null, "name": null}, "geometry": {"type": "LineString", "coordinates": [[-74.1044536, 4.6525899], [-74.1045731, 4.6525347], [-74.1046569, 4.652496]]}}, {"type": "Feature", "properties": {"highway": "cycleway", "cycleway": null, "name": null}, "geometry": {"type": "LineString", "coordinates": [[-74.1027891, 4.6547257], [-74.1027168, 4.6548253], [-74.1026595, 4.6549399], [-74.1026057, 4.6550544], [-74.1025697, 4.6551836]]}}, {"type": "Feature", "properties": {"highway": "cycleway", "cycleway": null, "name": null}, "geometry": {"type": "LineString", "coordinates": [[-74.1032904, 4.6542524], [-74.1026811, 4.654966], [-74.1026057, 4.6550544]]}}, {"type": "Feature", "properties": {"highway": "cycleway", "cycleway": null, "name": null}, "geometry": {"type": "LineString", "coordinates": [[-74.1045731, 4.6525347], [-74.1038721, 4.6534616]]}}, {"type": "Feature", "properties": {"highway": "cycleway", "cycleway": null, "name": null}, "geometry": {"type": "LineString", "coordinates": [[-74.0373081, 4.7788278], [-74.0373218, 4.7788299], [-74.0374509, 4.778849], [-74.0374768, 4.7788528], [-74.0414022, 4.7794332]]}}, {"type": "Feature", "properties": {"highway": "cycleway", "cycleway": null, "name": null}, "geometry": {"type": "LineString", "coordinates": [[-74.0537679, 4.7464324], [-74.0536603, 4.7464057]]}}, {"type": "Feature", "properties": {"highway": "cycleway", "cycleway": null, "name": null}, "geometry": {"type": "LineString", "coordinates": [[-74.0536603, 4.7464057], [-74.0535869, 4.7463874]]}}, {"type": "Feature", "properties": {"highway": "cycleway", "cycleway": null, "name": null}, "geometry": {"type": "LineString", "coordinates": [[-74.0538531, 4.7464536], [-74.0537679, 4.7464324]]}}, {"type": "Feature", "properties": {"highway": "cycleway", "cycleway": null, "name": null}, "geometry": {"type": "LineString", "coordinates": [[-74.1738422, 4.6274168], [-74.1747325, 4.6270126], [-74.1754398, 4.6267133], [-74.1766756, 4.6262208], [-74.1769012, 4.626127]]}}, {"type": "Feature", "properties": {"highway": "cycleway", "cycleway": "crossing", "name": null}, "geometry": {"type": "LineString", "coordinates": [[-74.1769012, 4.626127], [-74.177043, 4.6260603], [-74.1771971, 4.6259875]]}}, {"type": "Feature", "properties": {"highway": "cycleway", "cycleway": null, "name": null}, "geometry": {"type": "LineString", "coordinates": [[-74.17124, 4.6284387], [-74.1714102, 4.6283709], [-74.1718877, 4.6281837], [-74.1719753, 4.6281426], [-74.172121, 4.6280741], [-74.1722502, 4.6280098], [-74.1722873, 4.6279912], [-74.1724456, 4.6279271], [-74.1726575, 4.6278656], [-74.1727253, 4.6278438], [-74.1729337, 4.6277773], [-74.1732309, 4.6276728], [-74.1733675, 4.6276199]]}}, {"type": "Feature", "properties": {"highway": "cycleway", "cycleway": "crossing", "name": null}, "geometry": {"type": "LineString", "coordinates": [[-74.1733675, 4.6276199], [-74.1734355, 4.6275908], [-74.1735497, 4.627542], [-74.1735984, 4.6275211], [-74.1736414, 4.6275028], [-74.1736964, 4.6274792], [-74.173753, 4.627455], [-74.1738422, 4.6274168]]}}, {"type": "Feature", "properties": {"highway": "cycleway", "cycleway": "crossing", "name": null}, "geometry": {"type": "LineString", "coordinates": [[-74.1704625, 4.628318], [-74.1703071, 4.6282627], [-74.1702478, 4.6282416]]}}, {"type": "Feature", "properties": {"highway": "cycleway", "cycleway": null, "name": null}, "geometry": {"type": "LineString", "coordinates": [[-74.1709909, 4.6285359], [-74.1711075, 4.6284894]]}}, {"type": "Feature", "properties": {"highway": "cycleway", "cycleway": "crossing", "name": null}, "geometry": {"type": "LineString", "coordinates": [[-74.1711075, 4.6284894], [-74.1711577, 4.6284979], [-74.171198, 4.6285048]]}}, {"type": "Feature", "properties": {"highway": "cycleway", "cycleway": null, "name": null}, "geometry": {"type": "LineString", "coordinates": [[-74.0882397, 4.6945716], [-74.0885462, 4.6947982], [-74.0886663, 4.6948634], [-74.0888051, 4.6949286], [-74.0890916, 4.6950427], [-74.0900567, 4.6953788], [-74.0903759, 4.69549], [-74.0904088, 4.6955126], [-74.0904329, 4.6955443], [-74.0904458, 4.695582], [-74.0904463, 4.6956218], [-74.0904343, 4.6956597], [-74.090411, 4.695692], [-74.0903788, 4.6957155], [-74.0903408, 4.6957277], [-74.0903008, 4.6957275], [-74.0902596, 4.695713], [-74.0902258, 4.6956853], [-74.0901057, 4.6955518]]}}, {"type": "Feature", "properties": {"highway": "cycleway", "cycleway": null, "name": null}, "geometry": {"type": "LineString", "coordinates": [[-74.0901057, 4.6955518], [-74.0900634, 4.6955035], [-74.0899009, 4.695318]]}}, {"type": "Feature", "properties": {"highway": "cycleway", "cycleway": null, "name": null}, "geometry": {"type": "LineString", "coordinates": [[-74.0882397, 4.6945716], [-74.0878338, 4.6942539]]}}, {"type": "Feature", "properties": {"highway": "cycleway", "cycleway": "crossing", "name": null}, "geometry": {"type": "LineString", "coordinates": [[-74.0529937, 4.7654982], [-74.0529461, 4.7654549], [-74.0529269, 4.7654378]]}}, {"type": "Feature", "properties": {"highway": "cycleway", "cycleway": "crossing", "name": null}, "geometry": {"type": "LineString", "coordinates": [[-74.0528342, 4.7653537], [-74.0528061, 4.7653293], [-74.0527584, 4.7652858]]}}, {"type": "Feature", "properties": {"highway": "cycleway", "cycleway": null, "name": null}, "geometry": {"type": "LineString", "coordinates": [[-74.0810819, 4.6275485], [-74.0807585, 4.6270939], [-74.0806533, 4.626946]]}}, {"type": "Feature", "properties": {"highway": "cycleway", "cycleway": null, "name": "Avenida Santa B\u00e1rbara"}, "geometry": {"type": "LineString", "coordinates": [[-74.0482971, 4.7082236], [-74.0483509, 4.7082282], [-74.048405, 4.7082329]]}}, {"type": "Feature", "properties": {"highway": "cycleway", "cycleway": null, "name": null}, "geometry": {"type": "LineString", "coordinates": [[-74.0537096, 4.7054101], [-74.0536951, 4.7054612], [-74.0536404, 4.7055197], [-74.0535917, 4.7055719], [-74.0528397, 4.7060812], [-74.0526038, 4.7062305], [-74.0523894, 4.706317], [-74.0523161, 4.7063307], [-74.05224, 4.7063224], [-74.0519629, 4.7062373], [-74.0517694, 4.7061751], [-74.0517211, 4.706161], [-74.0513768, 4.7060583], [-74.0511651, 4.705996], [-74.0504761, 4.7058002], [-74.050442, 4.7057889], [-74.0496536, 4.7055584], [-74.0490448, 4.7053639], [-74.0489685, 4.7053397]]}}, {"type": "Feature", "properties": {"highway": "cycleway", "cycleway": "crossing", "name": null}, "geometry": {"type": "LineString", "coordinates": [[-74.0489685, 4.7053397], [-74.0489509, 4.7053341], [-74.0489043, 4.7053194], [-74.0488252, 4.7052943], [-74.048753, 4.7052715], [-74.0486795, 4.7052482]]}}, {"type": "Feature", "properties": {"highway": "cycleway", "cycleway": null, "name": null}, "geometry": {"type": "LineString", "coordinates": [[-74.0553807, 4.6862497], [-74.0555094, 4.6862803]]}}, {"type": "Feature", "properties": {"highway": "cycleway", "cycleway": "crossing", "name": null}, "geometry": {"type": "LineString", "coordinates": [[-74.0553254, 4.6861728], [-74.0553515, 4.6862094], [-74.0553683, 4.6862326], [-74.0553807, 4.6862497]]}}, {"type": "Feature", "properties": {"highway": "cycleway", "cycleway": "crossing", "name": null}, "geometry": {"type": "LineString", "coordinates": [[-74.0555094, 4.6862803], [-74.0555434, 4.6862796], [-74.0555971, 4.6862786]]}}, {"type": "Feature", "properties": {"highway": "cycleway", "cycleway": null, "name": null}, "geometry": {"type": "LineString", "coordinates": [[-74.0553254, 4.6861728], [-74.055244, 4.6862006], [-74.0551407, 4.6862107], [-74.0550438, 4.686204], [-74.0548988, 4.6861823], [-74.0546546, 4.6861406], [-74.0546135, 4.6861336], [-74.0545468, 4.6861222], [-74.0544215, 4.6861008], [-74.0541443, 4.6860535], [-74.0530964, 4.6858746], [-74.0529301, 4.6858463], [-74.0523182, 4.6857418]]}}, {"type": "Feature", "properties": {"highway": "cycleway", "cycleway": "crossing", "name": null}, "geometry": {"type": "LineString", "coordinates": [[-74.0656516, 4.7602424], [-74.065679, 4.7602059], [-74.0657365, 4.7601293]]}}, {"type": "Feature", "properties": {"highway": "cycleway", "cycleway": "crossing", "name": null}, "geometry": {"type": "LineString", "coordinates": [[-74.065907, 4.7606153], [-74.0658544, 4.7606741], [-74.0658247, 4.7607072]]}}, {"type": "Feature", "properties": {"highway": "cycleway", "cycleway": "crossing", "name": null}, "geometry": {"type": "LineString", "coordinates": [[-74.0373944, 4.7489167], [-74.0374148, 4.7490161], [-74.0374231, 4.7490566]]}}, {"type": "Feature", "properties": {"highway": "cycleway", "cycleway": "crossing", "name": null}, "geometry": {"type": "LineString", "coordinates": [[-74.0673911, 4.7019763], [-74.0673648, 4.7019398], [-74.0673354, 4.7018989], [-74.0673024, 4.701853], [-74.0672711, 4.7018094], [-74.067153, 4.701645], [-74.0671084, 4.701583]]}}, {"type": "Feature", "properties": {"highway": "cycleway", "cycleway": "crossing", "name": null}, "geometry": {"type": "LineString", "coordinates": [[-74.067093, 4.7019361], [-74.0671402, 4.7019022], [-74.0671741, 4.7018778], [-74.0672167, 4.7018471], [-74.0672711, 4.7018094]]}}, {"type": "Feature", "properties": {"highway": "cycleway", "cycleway": null, "name": null}, "geometry": {"type": "LineString", "coordinates": [[-74.0667774, 4.702169], [-74.0667002, 4.7022537]]}}, {"type": "Feature", "properties": {"highway": "cycleway", "cycleway": null, "name": null}, "geometry": {"type": "LineString", "coordinates": [[-74.0659354, 4.7014356], [-74.0657883, 4.7014007], [-74.0656384, 4.7013613], [-74.0654814, 4.7013135], [-74.0652748, 4.7012401], [-74.0651412, 4.7011974], [-74.0649978, 4.7011676], [-74.0623915, 4.7007264]]}}, {"type": "Feature", "properties": {"highway": "cycleway", "cycleway": "crossing", "name": null}, "geometry": {"type": "LineString", "coordinates": [[-74.0623915, 4.7007264], [-74.0622734, 4.700707], [-74.0621735, 4.7006906], [-74.0620673, 4.7006731]]}}, {"type": "Feature", "properties": {"highway": "cycleway", "cycleway": "crossing", "name": null}, "geometry": {"type": "LineString", "coordinates": [[-74.059555, 4.7002505], [-74.0594119, 4.7002264], [-74.0592699, 4.7002027]]}}, {"type": "Feature", "properties": {"highway": "cycleway", "cycleway": null, "name": null}, "geometry": {"type": "LineString", "coordinates": [[-74.0753827, 4.6137675], [-74.0753127, 4.61365], [-74.0749388, 4.6131932], [-74.07474, 4.613011], [-74.0743718, 4.6127195]]}}, {"type": "Feature", "properties": {"highway": "cycleway", "cycleway": "crossing", "name": null}, "geometry": {"type": "LineString", "coordinates": [[-74.0743718, 4.6127195], [-74.0743294, 4.6126883], [-74.0741309, 4.6125423], [-74.0740916, 4.6125134]]}}, {"type": "Feature", "properties": {"highway": "cycleway", "cycleway": null, "name": null}, "geometry": {"type": "LineString", "coordinates": [[-74.061974, 4.667915], [-74.0615304, 4.6678768], [-74.060851, 4.6678182]]}}, {"type": "Feature", "properties": {"highway": "cycleway", "cycleway": "crossing", "name": null}, "geometry": {"type": "LineString", "coordinates": [[-74.0622366, 4.6679279], [-74.0621906, 4.6678722], [-74.0621212, 4.6677881]]}}, {"type": "Feature", "properties": {"highway": "cycleway", "cycleway": null, "name": null}, "geometry": {"type": "LineString", "coordinates": [[-74.0621212, 4.6677881], [-74.0621, 4.6677928], [-74.0620755, 4.6678021], [-74.0620545, 4.6678196]]}}, {"type": "Feature", "properties": {"highway": "cycleway", "cycleway": "crossing", "name": null}, "geometry": {"type": "LineString", "coordinates": [[-74.0620545, 4.6678196], [-74.0620256, 4.6678163], [-74.0619861, 4.6678117], [-74.061978, 4.6678809], [-74.061974, 4.667915]]}}, {"type": "Feature", "properties": {"highway": "cycleway", "cycleway": "crossing", "name": null}, "geometry": {"type": "LineString", "coordinates": [[-74.0642319, 4.7091718], [-74.0642726, 4.7091364]]}}, {"type": "Feature", "properties": {"highway": "cycleway", "cycleway": null, "name": null}, "geometry": {"type": "LineString", "coordinates": [[-74.0455811, 4.7760029], [-74.045217, 4.7781913]]}}, {"type": "Feature", "properties": {"highway": "cycleway", "cycleway": null, "name": null}, "geometry": {"type": "LineString", "coordinates": [[-74.0532181, 4.7491758], [-74.0532138, 4.7492968], [-74.0531917, 4.7498042], [-74.0531886, 4.7498745], [-74.0531751, 4.75044], [-74.0531784, 4.7505259], [-74.0532201, 4.7506848], [-74.0532403, 4.7507718], [-74.0532481, 4.7508543], [-74.0532406, 4.7510802], [-74.0532122, 4.7513407], [-74.0531966, 4.7514423], [-74.0531735, 4.7515339], [-74.0527874, 4.7527753]]}}, {"type": "Feature", "properties": {"highway": "cycleway", "cycleway": null, "name": null}, "geometry": {"type": "LineString", "coordinates": [[-74.0538739, 4.7462613], [-74.0540614, 4.7425877], [-74.0541704, 4.7404532]]}}, {"type": "Feature", "properties": {"highway": "cycleway", "cycleway": null, "name": null}, "geometry": {"type": "LineString", "coordinates": [[-74.055591, 4.735543], [-74.0558564, 4.7341665], [-74.0560609, 4.7330763], [-74.0561029, 4.7328522], [-74.0561709, 4.7324126], [-74.0561623, 4.7323335], [-74.0561474, 4.7322643]]}}, {"type": "Feature", "properties": {"highway": "cycleway", "cycleway": null, "name": null}, "geometry": {"type": "LineString", "coordinates": [[-74.0535869, 4.7463874], [-74.053537, 4.7466314], [-74.0534861, 4.7468233], [-74.0534181, 4.7470462], [-74.0533346, 4.7473185], [-74.0532964, 4.7474836], [-74.0532284, 4.7488869], [-74.0532232, 4.7490333]]}}, {"type": "Feature", "properties": {"highway": "cycleway", "cycleway": null, "name": null}, "geometry": {"type": "LineString", "coordinates": [[-74.0575467, 4.7253998], [-74.0580606, 4.7248326], [-74.0581205, 4.7247689], [-74.0581582, 4.7247288], [-74.0583046, 4.7246413], [-74.0584656, 4.7245522], [-74.0586656, 4.7243836], [-74.0588542, 4.7242005], [-74.0589363, 4.7240887], [-74.059012, 4.7239671], [-74.0594615, 4.7230885], [-74.0603865, 4.7214395], [-74.0603998, 4.7214171], [-74.0604322, 4.7213628], [-74.0604697, 4.7212998], [-74.0605, 4.7212488], [-74.0606251, 4.7210386], [-74.0612415, 4.719862], [-74.0617001, 4.7190111], [-74.0617635, 4.7189074], [-74.061835, 4.7187826], [-74.0618871, 4.7186594], [-74.0619345, 4.7184307], [-74.0619489, 4.7183612], [-74.0620269, 4.7173872], [-74.0620447, 4.7173484], [-74.0620689, 4.7173117], [-74.0621322, 4.7172704], [-74.0621335, 4.7172605]]}}, {"type": "Feature", "properties": {"highway": "cycleway", "cycleway": null, "name": null}, "geometry": {"type": "LineString", "coordinates": [[-74.0621478, 4.7171264], [-74.062149, 4.7171078], [-74.0620945, 4.7170763], [-74.0620519, 4.7170177], [-74.0620408, 4.7169637], [-74.0620383, 4.716914], [-74.062062, 4.7166091]]}}, {"type": "Feature", "properties": {"highway": "cycleway", "cycleway": null, "name": null}, "geometry": {"type": "LineString", "coordinates": [[-74.0621335, 4.7172605], [-74.0621478, 4.7171264]]}}, {"type": "Feature", "properties": {"highway": "cycleway", "cycleway": null, "name": null}, "geometry": {"type": "LineString", "coordinates": [[-74.0615223, 4.6527266], [-74.0618066, 4.6520555], [-74.0618214, 4.6520217]]}}, {"type": "Feature", "properties": {"highway": "cycleway", "cycleway": "crossing", "name": null}, "geometry": {"type": "LineString", "coordinates": [[-74.061473, 4.6528605], [-74.0614961, 4.6527979], [-74.0615223, 4.6527266]]}}, {"type": "Feature", "properties": {"highway": "cycleway", "cycleway": null, "name": null}, "geometry": {"type": "LineString", "coordinates": [[-74.0673035, 4.6071735], [-74.0675369, 4.6067398], [-74.0678165, 4.606217], [-74.0678264, 4.6061984], [-74.0678407, 4.6061679], [-74.0681842, 4.6053015], [-74.0682014, 4.6052604], [-74.0684876, 4.6045205], [-74.0685016, 4.6044889]]}}, {"type": "Feature", "properties": {"highway": "cycleway", "cycleway": null, "name": null}, "geometry": {"type": "LineString", "coordinates": [[-74.0685016, 4.6044889], [-74.0688404, 4.6036277]]}}, {"type": "Feature", "properties": {"highway": "cycleway", "cycleway": null, "name": null}, "geometry": {"type": "LineString", "coordinates": [[-74.0429269, 4.6826438], [-74.042973, 4.6826721], [-74.0430061, 4.682705], [-74.0430391, 4.6828059]]}}, {"type": "Feature", "properties": {"highway": "cycleway", "cycleway": "crossing", "name": null}, "geometry": {"type": "LineString", "coordinates": [[-74.0433701, 4.6829131], [-74.0433873, 4.6829461], [-74.0434254, 4.6830193]]}}, {"type": "Feature", "properties": {"highway": "cycleway", "cycleway": "crossing", "name": null}, "geometry": {"type": "LineString", "coordinates": [[-74.0430391, 4.6828059], [-74.0430851, 4.6827973], [-74.0431178, 4.6827912]]}}, {"type": "Feature", "properties": {"highway": "cycleway", "cycleway": null, "name": null}, "geometry": {"type": "LineString", "coordinates": [[-74.0434254, 4.6830193], [-74.0434071, 4.6830313], [-74.0433825, 4.6830558], [-74.04335, 4.6831132], [-74.0431017, 4.6836466]]}}, {"type": "Feature", "properties": {"highway": "cycleway", "cycleway": "crossing", "name": null}, "geometry": {"type": "LineString", "coordinates": [[-74.0431017, 4.6836466], [-74.0429818, 4.6837632], [-74.0429538, 4.6837906], [-74.0429452, 4.6838603], [-74.0429285, 4.6839971]]}}, {"type": "Feature", "properties": {"highway": "cycleway", "cycleway": "crossing", "name": null}, "geometry": {"type": "LineString", "coordinates": [[-74.043426, 4.6824221], [-74.0433915, 4.6824901], [-74.0433409, 4.6825901], [-74.0432936, 4.6826835], [-74.0432575, 4.6827546], [-74.0432151, 4.6828382]]}}, {"type": "Feature", "properties": {"highway": "cycleway", "cycleway": "crossing", "name": null}, "geometry": {"type": "LineString", "coordinates": [[-74.0409554, 4.6877316], [-74.0409154, 4.6877123], [-74.0408597, 4.6876855]]}}, {"type": "Feature", "properties": {"highway": "cycleway", "cycleway": "crossing", "name": null}, "geometry": {"type": "LineString", "coordinates": [[-74.0409554, 4.6877316], [-74.040988, 4.6877298], [-74.0410423, 4.6877234]]}}, {"type": "Feature", "properties": {"highway": "cycleway", "cycleway": "crossing", "name": null}, "geometry": {"type": "LineString", "coordinates": [[-74.0406842, 4.687819], [-74.0405983, 4.6878358], [-74.040552, 4.6878448]]}}, {"type": "Feature", "properties": {"highway": "cycleway", "cycleway": "crossing", "name": null}, "geometry": {"type": "LineString", "coordinates": [[-74.0407755, 4.6878631], [-74.0407498, 4.6878507], [-74.0407407, 4.6878463], [-74.0406842, 4.687819]]}}, {"type": "Feature", "properties": {"highway": "cycleway", "cycleway": null, "name": null}, "geometry": {"type": "LineString", "coordinates": [[-74.0407755, 4.6878631], [-74.0404902, 4.6885117]]}}, {"type": "Feature", "properties": {"highway": "cycleway", "cycleway": "crossing", "name": null}, "geometry": {"type": "LineString", "coordinates": [[-74.0408597, 4.6876855], [-74.0408343, 4.6877391], [-74.0407968, 4.6878182], [-74.0407755, 4.6878631]]}}, {"type": "Feature", "properties": {"highway": "cycleway", "cycleway": null, "name": null}, "geometry": {"type": "LineString", "coordinates": [[-74.1013748, 4.6504447], [-74.1015276, 4.6506766]]}}, {"type": "Feature", "properties": {"highway": "cycleway", "cycleway": "crossing", "name": null}, "geometry": {"type": "LineString", "coordinates": [[-74.1072383, 4.6513022], [-74.1073249, 4.6513816], [-74.1073708, 4.6514237]]}}, {"type": "Feature", "properties": {"highway": "cycleway", "cycleway": null, "name": null}, "geometry": {"type": "LineString", "coordinates": [[-74.1072929, 4.6480906], [-74.1072772, 4.6481383], [-74.1072439, 4.6481965], [-74.1070698, 4.648427], [-74.1068537, 4.6487158], [-74.1068038, 4.6487659], [-74.1067593, 4.6487946]]}}, {"type": "Feature", "properties": {"highway": "cycleway", "cycleway": "crossing", "name": null}, "geometry": {"type": "LineString", "coordinates": [[-74.1074139, 4.6480105], [-74.107352, 4.6480515], [-74.1072929, 4.6480906]]}}, {"type": "Feature", "properties": {"highway": "cycleway", "cycleway": null, "name": null}, "geometry": {"type": "LineString", "coordinates": [[-74.1025657, 4.6544919], [-74.1031869, 4.6537078], [-74.1036074, 4.6531502], [-74.1041676, 4.6523591]]}}, {"type": "Feature", "properties": {"highway": "cycleway", "cycleway": null, "name": null}, "geometry": {"type": "LineString", "coordinates": [[-74.1041676, 4.6523591], [-74.1043271, 4.652132], [-74.1043563, 4.6520533], [-74.104371, 4.6519841], [-74.1043766, 4.6519094], [-74.1043796, 4.6518321], [-74.1043708, 4.6517527]]}}, {"type": "Feature", "properties": {"highway": "cycleway", "cycleway": null, "name": null}, "geometry": {"type": "LineString", "coordinates": [[-74.1025657, 4.6544919], [-74.1024635, 4.6546178], [-74.1023364, 4.6546801]]}}, {"type": "Feature", "properties": {"highway": "cycleway", "cycleway": "crossing", "name": null}, "geometry": {"type": "LineString", "coordinates": [[-74.0614232, 4.7403152], [-74.0613644, 4.7403002], [-74.0613358, 4.7402929]]}}, {"type": "Feature", "properties": {"highway": "cycleway", "cycleway": null, "name": null}, "geometry": {"type": "LineString", "coordinates": [[-74.0613358, 4.7402929], [-74.0612511, 4.7402713]]}}, {"type": "Feature", "properties": {"highway": "cycleway", "cycleway": null, "name": null}, "geometry": {"type": "LineString", "coordinates": [[-74.1497765, 4.6467658], [-74.1506391, 4.6475968]]}}, {"type": "Feature", "properties": {"highway": "cycleway", "cycleway": null, "name": null}, "geometry": {"type": "LineString", "coordinates": [[-74.1008078, 4.6503232], [-74.100534, 4.6499055], [-74.100485, 4.6498298], [-74.1004233, 4.6497323], [-74.1003856, 4.6496733], [-74.1003498, 4.6496174], [-74.1003211, 4.6495725], [-74.0999553, 4.6490292], [-74.0995704, 4.6484691], [-74.0994161, 4.6482258], [-74.0993334, 4.6480873]]}}, {"type": "Feature", "properties": {"highway": "cycleway", "cycleway": "crossing", "name": null}, "geometry": {"type": "LineString", "coordinates": [[-74.1010332, 4.6506775], [-74.1009772, 4.6505879], [-74.1009599, 4.6505622]]}}, {"type": "Feature", "properties": {"highway": "cycleway", "cycleway": null, "name": null}, "geometry": {"type": "LineString", "coordinates": [[-74.1009599, 4.6505622], [-74.1009545, 4.6505539], [-74.1008775, 4.6504367], [-74.1008722, 4.6504286]]}}, {"type": "Feature", "properties": {"highway": "cycleway", "cycleway": "crossing", "name": null}, "geometry": {"type": "LineString", "coordinates": [[-74.1008722, 4.6504286], [-74.1008448, 4.6503837], [-74.1008284, 4.6503569], [-74.1008078, 4.6503232]]}}, {"type": "Feature", "properties": {"highway": "cycleway", "cycleway": null, "name": null}, "geometry": {"type": "LineString", "coordinates": [[-74.0563543, 4.7303285], [-74.0567991, 4.7278585], [-74.0569309, 4.7271344], [-74.0571567, 4.725881]]}}, {"type": "Feature", "properties": {"highway": "cycleway", "cycleway": null, "name": null}, "geometry": {"type": "LineString", "coordinates": [[-74.0571567, 4.725881], [-74.0572039, 4.7257742], [-74.0572605, 4.725702]]}}, {"type": "Feature", "properties": {"highway": "cycleway", "cycleway": "crossing", "name": null}, "geometry": {"type": "LineString", "coordinates": [[-74.0572605, 4.725702], [-74.057351, 4.7256065], [-74.0573752, 4.7255809], [-74.057427, 4.7255262], [-74.0574921, 4.7254574], [-74.0575467, 4.7253998]]}}, {"type": "Feature", "properties": {"highway": "cycleway", "cycleway": "crossing", "name": null}, "geometry": {"type": "LineString", "coordinates": [[-74.1440084, 4.5951843], [-74.143925, 4.5951951], [-74.1436585, 4.5952296], [-74.1435602, 4.5952424]]}}, {"type": "Feature", "properties": {"highway": "cycleway", "cycleway": null, "name": null}, "geometry": {"type": "LineString", "coordinates": [[-74.1435602, 4.5952424], [-74.1427889, 4.5953551], [-74.1424011, 4.5953865], [-74.1420699, 4.5953907], [-74.141739, 4.5953783], [-74.141642, 4.5953666], [-74.1415393, 4.5953543], [-74.1412503, 4.5953195]]}}, {"type": "Feature", "properties": {"highway": "cycleway", "cycleway": "crossing", "name": null}, "geometry": {"type": "LineString", "coordinates": [[-74.1412503, 4.5953195], [-74.1412101, 4.5953157], [-74.1411833, 4.5953132], [-74.1410935, 4.5953049], [-74.1410723, 4.5953029], [-74.1410192, 4.5952979]]}}, {"type": "Feature", "properties": {"highway": "cycleway", "cycleway": null, "name": null}, "geometry": {"type": "LineString", "coordinates": [[-74.1238753, 4.5797168], [-74.124575, 4.5795179], [-74.1252821, 4.5793168], [-74.1253259, 4.5793043], [-74.125365, 4.5792932]]}}, {"type": "Feature", "properties": {"highway": "cycleway", "cycleway": "crossing", "name": null}, "geometry": {"type": "LineString", "coordinates": [[-74.1237151, 4.5797792], [-74.1237854, 4.5797518], [-74.1238753, 4.5797168]]}}, {"type": "Feature", "properties": {"highway": "cycleway", "cycleway": "crossing", "name": null}, "geometry": {"type": "LineString", "coordinates": [[-74.125365, 4.5792932], [-74.1253981, 4.579284], [-74.1254659, 4.5792651], [-74.1254963, 4.5792567], [-74.1255545, 4.5792405], [-74.1256845, 4.5792043], [-74.1257292, 4.5791919]]}}, {"type": "Feature", "properties": {"highway": "cycleway", "cycleway": "crossing", "name": null}, "geometry": {"type": "LineString", "coordinates": [[-74.0329484, 4.7033088], [-74.0329817, 4.7033083], [-74.0330426, 4.7033074]]}}, {"type": "Feature", "properties": {"highway": "cycleway", "cycleway": null, "name": null}, "geometry": {"type": "LineString", "coordinates": [[-74.083916, 4.696763], [-74.0842156, 4.6966792], [-74.0846093, 4.6965689], [-74.0848793, 4.6964934], [-74.0849409, 4.6964761]]}}, {"type": "Feature", "properties": {"highway": "cycleway", "cycleway": "crossing", "name": null}, "geometry": {"type": "LineString", "coordinates": [[-74.0836614, 4.6968343], [-74.0837183, 4.6968184], [-74.0838659, 4.6967771], [-74.083916, 4.696763]]}}, {"type": "Feature", "properties": {"highway": "cycleway", "cycleway": null, "name": null}, "geometry": {"type": "LineString", "coordinates": [[-74.1146395, 4.6540894], [-74.1138783, 4.6541528]]}}, {"type": "Feature", "properties": {"highway": "cycleway", "cycleway": "crossing", "name": null}, "geometry": {"type": "LineString", "coordinates": [[-74.1771284, 4.5972282], [-74.1769182, 4.5971659], [-74.1768502, 4.5971458]]}}, {"type": "Feature", "properties": {"highway": "cycleway", "cycleway": "crossing", "name": null}, "geometry": {"type": "LineString", "coordinates": [[-74.1949641, 4.6134051], [-74.1949957, 4.6133912], [-74.1950242, 4.6133782], [-74.1950646, 4.6133609]]}}, {"type": "Feature", "properties": {"highway": "cycleway", "cycleway": null, "name": null}, "geometry": {"type": "LineString", "coordinates": [[-74.1949021, 4.6134705], [-74.1949312, 4.6134398], [-74.1949641, 4.6134051]]}}, {"type": "Feature", "properties": {"highway": "cycleway", "cycleway": null, "name": null}, "geometry": {"type": "LineString", "coordinates": [[-74.1191636, 4.6772598], [-74.1191985, 4.6773179], [-74.1192326, 4.6773757], [-74.1192563, 4.6773947], [-74.1192855, 4.6773983], [-74.1193203, 4.6773888], [-74.1193922, 4.677346], [-74.1195402, 4.6772355], [-74.119668, 4.6771402], [-74.120118, 4.6768331], [-74.120198, 4.6768004], [-74.1202824, 4.6767699], [-74.1204092, 4.6767443], [-74.1205814, 4.6767538], [-74.1207209, 4.6767826]]}}, {"type": "Feature", "properties": {"highway": "cycleway", "cycleway": "crossing", "name": null}, "geometry": {"type": "LineString", "coordinates": [[-74.1207209, 4.6767826], [-74.1207949, 4.6767906], [-74.1209586, 4.6768083], [-74.1210328, 4.6768164]]}}, {"type": "Feature", "properties": {"highway": "cycleway", "cycleway": null, "name": null}, "geometry": {"type": "LineString", "coordinates": [[-74.2062958, 4.6069379], [-74.2059256, 4.6071058], [-74.2059143, 4.6071109], [-74.2054193, 4.6073354], [-74.2052906, 4.6073568], [-74.2050608, 4.6074676]]}}, {"type": "Feature", "properties": {"highway": "cycleway", "cycleway": "crossing", "name": "Alameda el Porvenir"}, "geometry": {"type": "LineString", "coordinates": [[-74.2050608, 4.6074676], [-74.2049621, 4.6074204], [-74.2049405, 4.6074095], [-74.2048836, 4.607382], [-74.2048492, 4.6073655], [-74.2048283, 4.6073553], [-74.2048052, 4.6073442], [-74.2047727, 4.6073285], [-74.2047163, 4.6073013], [-74.2046835, 4.6072855], [-74.2046419, 4.6072654]]}}, {"type": "Feature", "properties": {"highway": "cycleway", "cycleway": null, "name": null}, "geometry": {"type": "LineString", "coordinates": [[-74.0426525, 4.7604181], [-74.0428092, 4.7604178], [-74.0429638, 4.7604221], [-74.0430732, 4.7604337], [-74.0440984, 4.760708], [-74.0441472, 4.7607317], [-74.0442496, 4.7608116], [-74.0442655, 4.7608335], [-74.0442975, 4.7608775], [-74.0443339, 4.760954], [-74.0443468, 4.7610383], [-74.0443448, 4.7611156], [-74.04433, 4.7612292], [-74.0443119, 4.7613678], [-74.0442824, 4.7615359], [-74.0441852, 4.762143], [-74.0441619, 4.7622264], [-74.0441353, 4.7622814], [-74.0441052, 4.7623182], [-74.0440664, 4.7623549]]}}, {"type": "Feature", "properties": {"highway": "cycleway", "cycleway": "crossing", "name": null}, "geometry": {"type": "LineString", "coordinates": [[-74.0438805, 4.7634423], [-74.0438695, 4.7635051], [-74.04386, 4.7635598]]}}, {"type": "Feature", "properties": {"highway": "cycleway", "cycleway": "crossing", "name": null}, "geometry": {"type": "LineString", "coordinates": [[-74.0438436, 4.7636411], [-74.0438252, 4.7636734], [-74.0438123, 4.7636959], [-74.0437972, 4.7637223]]}}, {"type": "Feature", "properties": {"highway": "cycleway", "cycleway": null, "name": null}, "geometry": {"type": "LineString", "coordinates": [[-74.04386, 4.7635598], [-74.0438436, 4.7636411]]}}, {"type": "Feature", "properties": {"highway": "cycleway", "cycleway": null, "name": null}, "geometry": {"type": "LineString", "coordinates": [[-74.0440132, 4.7626125], [-74.0439246, 4.7631645], [-74.0439043, 4.7632096], [-74.0438972, 4.7632613], [-74.0439025, 4.7633034], [-74.0438805, 4.7634423]]}}, {"type": "Feature", "properties": {"highway": "cycleway", "cycleway": "crossing", "name": null}, "geometry": {"type": "LineString", "coordinates": [[-74.0440664, 4.7623549], [-74.0440533, 4.7624184], [-74.0440215, 4.7625724], [-74.0440132, 4.7626125]]}}, {"type": "Feature", "properties": {"highway": "cycleway", "cycleway": null, "name": null}, "geometry": {"type": "LineString", "coordinates": [[-74.1193199, 4.7195488], [-74.1192303, 4.7194222], [-74.1185558, 4.7184694]]}}, {"type": "Feature", "properties": {"highway": "cycleway", "cycleway": "crossing", "name": null}, "geometry": {"type": "LineString", "coordinates": [[-74.1176926, 4.7173534], [-74.1176509, 4.7172841], [-74.1175993, 4.7171983]]}}, {"type": "Feature", "properties": {"highway": "cycleway", "cycleway": null, "name": null}, "geometry": {"type": "LineString", "coordinates": [[-74.1175993, 4.7171983], [-74.1174574, 4.7169975], [-74.1173382, 4.7168257]]}}, {"type": "Feature", "properties": {"highway": "cycleway", "cycleway": "crossing", "name": null}, "geometry": {"type": "LineString", "coordinates": [[-74.1173382, 4.7168257], [-74.1172753, 4.7167315], [-74.117212, 4.7166368], [-74.1171353, 4.7165221]]}}, {"type": "Feature", "properties": {"highway": "cycleway", "cycleway": null, "name": null}, "geometry": {"type": "LineString", "coordinates": [[-74.1183749, 4.7182683], [-74.1183297, 4.7181917], [-74.1178469, 4.7174707], [-74.1178021, 4.7174205], [-74.1177452, 4.7173819], [-74.1176926, 4.7173534]]}}, {"type": "Feature", "properties": {"highway": "cycleway", "cycleway": "crossing", "name": null}, "geometry": {"type": "LineString", "coordinates": [[-74.1185558, 4.7184694], [-74.1184566, 4.7183591], [-74.1183749, 4.7182683]]}}, {"type": "Feature", "properties": {"highway": "cycleway", "cycleway": null, "name": null}, "geometry": {"type": "LineString", "coordinates": [[-74.1197778, 4.7202951], [-74.119746, 4.720209], [-74.1195836, 4.7199255], [-74.1193199, 4.7195488]]}}, {"type": "Feature", "properties": {"highway": "cycleway", "cycleway": "crossing", "name": null}, "geometry": {"type": "LineString", "coordinates": [[-74.0518514, 4.6861011], [-74.0518924, 4.6861079], [-74.0519305, 4.6861141], [-74.0520092, 4.6861271], [-74.0520943, 4.6861411], [-74.0521554, 4.6861511], [-74.0522554, 4.6861676]]}}, {"type": "Feature", "properties": {"highway": "cycleway", "cycleway": null, "name": null}, "geometry": {"type": "LineString", "coordinates": [[-74.0496775, 4.6852391], [-74.0492748, 4.6851195], [-74.0489446, 4.6850007], [-74.0489198, 4.6849749], [-74.0489097, 4.6849515], [-74.0488976, 4.6849056]]}}, {"type": "Feature", "properties": {"highway": "cycleway", "cycleway": "crossing", "name": null}, "geometry": {"type": "LineString", "coordinates": [[-74.0498725, 4.6852897], [-74.0498384, 4.6852808], [-74.0497609, 4.6852607], [-74.0496775, 4.6852391]]}}, {"type": "Feature", "properties": {"highway": "cycleway", "cycleway": "crossing", "name": "Avenida Santa B\u00e1rbara"}, "geometry": {"type": "LineString", "coordinates": [[-74.0520092, 4.6861271], [-74.0520194, 4.6860695], [-74.0520406, 4.6859498], [-74.0520588, 4.6858472], [-74.0520729, 4.6857677], [-74.0520844, 4.6857019]]}}, {"type": "Feature", "properties": {"highway": "cycleway", "cycleway": "crossing", "name": null}, "geometry": {"type": "LineString", "coordinates": [[-74.0523182, 4.6857418], [-74.0522259, 4.685726], [-74.0521705, 4.6857166], [-74.0520844, 4.6857019], [-74.0520018, 4.6856878], [-74.0519681, 4.685682], [-74.051914, 4.6856728]]}}, {"type": "Feature", "properties": {"highway": "cycleway", "cycleway": null, "name": null}, "geometry": {"type": "LineString", "coordinates": [[-74.0440728, 4.7679997], [-74.0440214, 4.7683151], [-74.0438947, 4.7690927], [-74.0438266, 4.7695111], [-74.0438048, 4.7696493], [-74.0437485, 4.770005], [-74.0437252, 4.7701525], [-74.043446, 4.7718274]]}}, {"type": "Feature", "properties": {"highway": "cycleway", "cycleway": "crossing", "name": null}, "geometry": {"type": "LineString", "coordinates": [[-74.043446, 4.7718274], [-74.0434306, 4.7719188], [-74.0434158, 4.7720077], [-74.0433946, 4.7721358]]}}, {"type": "Feature", "properties": {"highway": "cycleway", "cycleway": null, "name": null}, "geometry": {"type": "LineString", "coordinates": [[-74.0356786, 4.6977371], [-74.0359722, 4.6971466], [-74.0364139, 4.696226], [-74.0367267, 4.6955763], [-74.0369641, 4.6950653]]}}, {"type": "Feature", "properties": {"highway": "cycleway", "cycleway": "crossing", "name": null}, "geometry": {"type": "LineString", "coordinates": [[-74.0356876, 4.6979012], [-74.0356831, 4.6978192], [-74.0356786, 4.6977371]]}}, {"type": "Feature", "properties": {"highway": "cycleway", "cycleway": null, "name": null}, "geometry": {"type": "LineString", "coordinates": [[-74.0330426, 4.7033074], [-74.0331759, 4.7030509], [-74.0334193, 4.7025591]]}}, {"type": "Feature", "properties": {"highway": "cycleway", "cycleway": null, "name": null}, "geometry": {"type": "LineString", "coordinates": [[-74.2304876, 4.5581202], [-74.2312231, 4.5571852], [-74.2313227, 4.5569792], [-74.2314112, 4.5567145], [-74.2314461, 4.556431], [-74.231446, 4.5561987]]}}, {"type": "Feature", "properties": {"highway": "cycleway", "cycleway": null, "name": null}, "geometry": {"type": "LineString", "coordinates": [[-74.1645648, 4.5961206], [-74.1652167, 4.5960418]]}}, {"type": "Feature", "properties": {"highway": "cycleway", "cycleway": "crossing", "name": null}, "geometry": {"type": "LineString", "coordinates": [[-74.1652167, 4.5960418], [-74.1652987, 4.5960469], [-74.165384, 4.5960523]]}}, {"type": "Feature", "properties": {"highway": "cycleway", "cycleway": "crossing", "name": null}, "geometry": {"type": "LineString", "coordinates": [[-74.0532232, 4.7490333], [-74.0532206, 4.7491064], [-74.0532181, 4.7491758]]}}, {"type": "Feature", "properties": {"highway": "cycleway", "cycleway": "crossing", "name": null}, "geometry": {"type": "LineString", "coordinates": [[-74.0538531, 4.7464536], [-74.0538589, 4.7464019], [-74.0538675, 4.7463217], [-74.0538739, 4.7462613]]}}, {"type": "Feature", "properties": {"highway": "cycleway", "cycleway": "crossing", "name": null}, "geometry": {"type": "LineString", "coordinates": [[-74.0546141, 4.7389594], [-74.0546569, 4.7389683], [-74.0546939, 4.7389761], [-74.0547599, 4.73899]]}}, {"type": "Feature", "properties": {"highway": "cycleway", "cycleway": "crossing", "name": null}, "geometry": {"type": "LineString", "coordinates": [[-74.0542456, 4.7388819], [-74.0543209, 4.7388983], [-74.0543669, 4.7389074]]}}, {"type": "Feature", "properties": {"highway": "cycleway", "cycleway": null, "name": null}, "geometry": {"type": "LineString", "coordinates": [[-74.0541704, 4.7404532], [-74.0541964, 4.7402328], [-74.0542533, 4.7400075], [-74.0545227, 4.7393126], [-74.0545409, 4.7392654]]}}, {"type": "Feature", "properties": {"highway": "cycleway", "cycleway": "crossing", "name": null}, "geometry": {"type": "LineString", "coordinates": [[-74.0545409, 4.7392654], [-74.054566, 4.7391993], [-74.0546186, 4.7390666], [-74.0546569, 4.7389683]]}}, {"type": "Feature", "properties": {"highway": "cycleway", "cycleway": null, "name": null}, "geometry": {"type": "LineString", "coordinates": [[-74.0546569, 4.7389683], [-74.0547793, 4.7386512], [-74.054911, 4.7383055], [-74.0550865, 4.7378173], [-74.0551884, 4.7375295], [-74.0552377, 4.7373376], [-74.0555557, 4.7357285]]}}, {"type": "Feature", "properties": {"highway": "cycleway", "cycleway": "crossing", "name": null}, "geometry": {"type": "LineString", "coordinates": [[-74.0555557, 4.7357285], [-74.0555642, 4.735684], [-74.055581, 4.7356008], [-74.055591, 4.735543]]}}, {"type": "Feature", "properties": {"highway": "cycleway", "cycleway": "crossing", "name": null}, "geometry": {"type": "LineString", "coordinates": [[-74.0496287, 4.7346956], [-74.0496241, 4.7347392], [-74.0496149, 4.7348246], [-74.0496106, 4.7348645]]}}, {"type": "Feature", "properties": {"highway": "cycleway", "cycleway": null, "name": null}, "geometry": {"type": "LineString", "coordinates": [[-74.0642796, 4.6312409], [-74.0644294, 4.630807], [-74.0645296, 4.6305325], [-74.0646691, 4.6300949], [-74.064864, 4.6294649], [-74.0649578, 4.629194], [-74.0649927, 4.6290737], [-74.065117, 4.6286076], [-74.0653897, 4.6275248], [-74.0656651, 4.6264038], [-74.0657484, 4.6260457], [-74.0657647, 4.625976], [-74.0657983, 4.6258317], [-74.0658345, 4.6256771], [-74.0658545, 4.6255923], [-74.065977, 4.6250703], [-74.0661754, 4.6242765], [-74.0663709, 4.6234905], [-74.0664077, 4.6233455], [-74.0664359, 4.6232346], [-74.06646, 4.62314], [-74.0665548, 4.6228152], [-74.0667101, 4.6223415], [-74.0668739, 4.6219088], [-74.0670826, 4.6214425], [-74.0670997, 4.6214014], [-74.0671327, 4.6213258], [-74.067676, 4.6200845], [-74.0678253, 4.6197475], [-74.067848, 4.6197577], [-74.0678831, 4.6197735], [-74.0681129, 4.6192641], [-74.0682145, 4.6190119], [-74.068387, 4.6185544], [-74.0685498, 4.6181383], [-74.0685989, 4.6180158], [-74.0686915, 4.6177821]]}}, {"type": "Feature", "properties": {"highway": "cycleway", "cycleway": "crossing", "name": null}, "geometry": {"type": "LineString", "coordinates": [[-74.0641788, 4.6315837], [-74.064216, 4.6314596], [-74.0642427, 4.6313679], [-74.0642796, 4.6312409]]}}, {"type": "Feature", "properties": {"highway": "cycleway", "cycleway": null, "name": null}, "geometry": {"type": "LineString", "coordinates": [[-74.0663838, 4.6320826], [-74.0664613, 4.6314034], [-74.0665642, 4.6308561], [-74.0665711, 4.6308207], [-74.0665852, 4.6307255], [-74.0666311, 4.6304233], [-74.0666393, 4.6303699], [-74.0666538, 4.6302681], [-74.0667407, 4.6297799], [-74.0668664, 4.6290726], [-74.0668814, 4.6289882], [-74.0670111, 4.6281531], [-74.0670752, 4.6277411], [-74.0671371, 4.627354], [-74.0671431, 4.6273168], [-74.0671743, 4.6271251], [-74.0671805, 4.6270867], [-74.0672034, 4.626944], [-74.067385, 4.6259422], [-74.0675271, 4.6251652], [-74.0675393, 4.6250982], [-74.0675862, 4.6248094], [-74.067607, 4.6246643], [-74.0676536, 4.6243868], [-74.0677063, 4.6240566], [-74.0678881, 4.6229352]]}}, {"type": "Feature", "properties": {"highway": "cycleway", "cycleway": "crossing", "name": null}, "geometry": {"type": "LineString", "coordinates": [[-74.0663571, 4.6322983], [-74.06636, 4.6322757], [-74.0663748, 4.6321557], [-74.0663801, 4.6321129], [-74.0663838, 4.6320826]]}}, {"type": "Feature", "properties": {"highway": "cycleway", "cycleway": null, "name": null}, "geometry": {"type": "LineString", "coordinates": [[-74.0624423, 4.741188], [-74.0619673, 4.7409775], [-74.0618457, 4.7408994], [-74.061762, 4.7408257], [-74.0616834, 4.7407419], [-74.0615442, 4.7405375], [-74.061466, 4.740426], [-74.0614406, 4.7403706], [-74.0614232, 4.7403152]]}}, {"type": "Feature", "properties": {"highway": "cycleway", "cycleway": "crossing", "name": null}, "geometry": {"type": "LineString", "coordinates": [[-74.0626219, 4.7412675], [-74.0625316, 4.7412275], [-74.0624423, 4.741188]]}}, {"type": "Feature", "properties": {"highway": "cycleway", "cycleway": null, "name": null}, "geometry": {"type": "LineString", "coordinates": [[-74.0633969, 4.7416109], [-74.0626219, 4.7412675]]}}, {"type": "Feature", "properties": {"highway": "cycleway", "cycleway": "crossing", "name": null}, "geometry": {"type": "LineString", "coordinates": [[-74.0636682, 4.7417376], [-74.063532, 4.7416741], [-74.0633969, 4.7416109]]}}, {"type": "Feature", "properties": {"highway": "cycleway", "cycleway": "crossing", "name": null}, "geometry": {"type": "LineString", "coordinates": [[-74.0649537, 4.7426268], [-74.0649642, 4.7425314], [-74.0649691, 4.7424873]]}}, {"type": "Feature", "properties": {"highway": "cycleway", "cycleway": null, "name": null}, "geometry": {"type": "LineString", "coordinates": [[-74.0649691, 4.7424873], [-74.0649741, 4.7424417]]}}, {"type": "Feature", "properties": {"highway": "cycleway", "cycleway": null, "name": null}, "geometry": {"type": "LineString", "coordinates": [[-74.1560105, 4.5782905], [-74.1560654, 4.5783355], [-74.1561064, 4.5783836], [-74.1566693, 4.5794377], [-74.1568751, 4.5798703], [-74.1569201, 4.5799658], [-74.15696, 4.5800713], [-74.1569681, 4.5801562], [-74.1569663, 4.580229]]}}, {"type": "Feature", "properties": {"highway": "cycleway", "cycleway": "crossing", "name": null}, "geometry": {"type": "LineString", "coordinates": [[-74.1560151, 4.578203], [-74.1560127, 4.5782493], [-74.1560105, 4.5782905]]}}, {"type": "Feature", "properties": {"highway": "cycleway", "cycleway": "crossing", "name": null}, "geometry": {"type": "LineString", "coordinates": [[-74.1558756, 4.5780541], [-74.155927, 4.578068], [-74.1559432, 4.5780723]]}}, {"type": "Feature", "properties": {"highway": "cycleway", "cycleway": "crossing", "name": null}, "geometry": {"type": "LineString", "coordinates": [[-74.1559432, 4.5780723], [-74.1560003, 4.578176], [-74.1560151, 4.578203]]}}, {"type": "Feature", "properties": {"highway": "cycleway", "cycleway": null, "name": null}, "geometry": {"type": "LineString", "coordinates": [[-74.0470775, 4.7509957], [-74.0470384, 4.7512689], [-74.0469843, 4.7515617]]}}, {"type": "Feature", "properties": {"highway": "cycleway", "cycleway": "crossing", "name": null}, "geometry": {"type": "LineString", "coordinates": [[-74.0471947, 4.7502009], [-74.0471882, 4.7503358], [-74.0471819, 4.750469]]}}, {"type": "Feature", "properties": {"highway": "cycleway", "cycleway": null, "name": null}, "geometry": {"type": "LineString", "coordinates": [[-74.0471819, 4.750469], [-74.0471355, 4.7508025]]}}, {"type": "Feature", "properties": {"highway": "cycleway", "cycleway": "crossing", "name": null}, "geometry": {"type": "LineString", "coordinates": [[-74.0471355, 4.7508025], [-74.047098, 4.7509274], [-74.0470775, 4.7509957]]}}, {"type": "Feature", "properties": {"highway": "cycleway", "cycleway": null, "name": null}, "geometry": {"type": "LineString", "coordinates": [[-74.1633903, 4.6222668], [-74.1641864, 4.6217979], [-74.1642865, 4.6217389], [-74.1646014, 4.6215589], [-74.1649718, 4.6213653], [-74.1653562, 4.6212155], [-74.1658254, 4.621006]]}}, {"type": "Feature", "properties": {"highway": "cycleway", "cycleway": "crossing", "name": null}, "geometry": {"type": "LineString", "coordinates": [[-74.1632487, 4.6223518], [-74.1633187, 4.6223098], [-74.1633903, 4.6222668]]}}, {"type": "Feature", "properties": {"highway": "cycleway", "cycleway": null, "name": null}, "geometry": {"type": "LineString", "coordinates": [[-74.158835, 4.626587], [-74.1594525, 4.6259077], [-74.1603796, 4.624888], [-74.1606868, 4.6245501]]}}, {"type": "Feature", "properties": {"highway": "cycleway", "cycleway": "crossing", "name": null}, "geometry": {"type": "LineString", "coordinates": [[-74.1606868, 4.6245501], [-74.1607106, 4.6245242], [-74.1607384, 4.624494], [-74.1607662, 4.6244638], [-74.1607928, 4.624435]]}}, {"type": "Feature", "properties": {"highway": "cycleway", "cycleway": null, "name": null}, "geometry": {"type": "LineString", "coordinates": [[-74.0659617, 4.7605542], [-74.065907, 4.7606153]]}}, {"type": "Feature", "properties": {"highway": "cycleway", "cycleway": null, "name": null}, "geometry": {"type": "LineString", "coordinates": [[-74.0629842, 4.7642161], [-74.0629955, 4.7642009], [-74.064767, 4.7618062], [-74.0656342, 4.7606384], [-74.0656561, 4.7606089]]}}, {"type": "Feature", "properties": {"highway": "cycleway", "cycleway": "crossing", "name": null}, "geometry": {"type": "LineString", "coordinates": [[-74.0628782, 4.764361], [-74.0628926, 4.7643414], [-74.0629036, 4.7643263], [-74.0629542, 4.764257], [-74.0629712, 4.7642339], [-74.0629842, 4.7642161]]}}, {"type": "Feature", "properties": {"highway": "cycleway", "cycleway": "crossing", "name": null}, "geometry": {"type": "LineString", "coordinates": [[-74.065778, 4.7607016], [-74.0657548, 4.7606839], [-74.0657385, 4.7606716]]}}, {"type": "Feature", "properties": {"highway": "cycleway", "cycleway": null, "name": null}, "geometry": {"type": "LineString", "coordinates": [[-74.0656935, 4.7606373], [-74.0656561, 4.7606089], [-74.0656107, 4.7605744]]}}, {"type": "Feature", "properties": {"highway": "cycleway", "cycleway": "crossing", "name": null}, "geometry": {"type": "LineString", "coordinates": [[-74.065726, 4.760662], [-74.0657051, 4.7606461], [-74.0656935, 4.7606373]]}}, {"type": "Feature", "properties": {"highway": "cycleway", "cycleway": null, "name": null}, "geometry": {"type": "LineString", "coordinates": [[-74.0657385, 4.7606716], [-74.065726, 4.760662]]}}, {"type": "Feature", "properties": {"highway": "cycleway", "cycleway": null, "name": null}, "geometry": {"type": "LineString", "coordinates": [[-74.0658088, 4.760725], [-74.065778, 4.7607016]]}}, {"type": "Feature", "properties": {"highway": "cycleway", "cycleway": null, "name": null}, "geometry": {"type": "LineString", "coordinates": [[-74.0658247, 4.7607072], [-74.0658088, 4.760725]]}}, {"type": "Feature", "properties": {"highway": "cycleway", "cycleway": "crossing", "name": null}, "geometry": {"type": "LineString", "coordinates": [[-74.0656107, 4.7605744], [-74.0655985, 4.7605651], [-74.0655779, 4.7605494]]}}, {"type": "Feature", "properties": {"highway": "cycleway", "cycleway": null, "name": null}, "geometry": {"type": "LineString", "coordinates": [[-74.0655779, 4.7605494], [-74.0655669, 4.7605411]]}}, {"type": "Feature", "properties": {"highway": "cycleway", "cycleway": "crossing", "name": null}, "geometry": {"type": "LineString", "coordinates": [[-74.0655669, 4.7605411], [-74.0655473, 4.7605261], [-74.06553, 4.760513]]}}, {"type": "Feature", "properties": {"highway": "cycleway", "cycleway": null, "name": null}, "geometry": {"type": "LineString", "coordinates": [[-74.0654781, 4.7604735], [-74.0654886, 4.7604595]]}}, {"type": "Feature", "properties": {"highway": "cycleway", "cycleway": "crossing", "name": null}, "geometry": {"type": "LineString", "coordinates": [[-74.0654886, 4.7604595], [-74.065516, 4.760423], [-74.0656021, 4.7603083]]}}, {"type": "Feature", "properties": {"highway": "cycleway", "cycleway": null, "name": null}, "geometry": {"type": "LineString", "coordinates": [[-74.0656021, 4.7603083], [-74.0656247, 4.7602783], [-74.0656516, 4.7602424]]}}, {"type": "Feature", "properties": {"highway": "cycleway", "cycleway": null, "name": null}, "geometry": {"type": "LineString", "coordinates": [[-74.0656247, 4.7602783], [-74.0656433, 4.7602935]]}}, {"type": "Feature", "properties": {"highway": "cycleway", "cycleway": null, "name": null}, "geometry": {"type": "LineString", "coordinates": [[-74.0659617, 4.7605542], [-74.0659766, 4.7605376]]}}, {"type": "Feature", "properties": {"highway": "cycleway", "cycleway": null, "name": null}, "geometry": {"type": "LineString", "coordinates": [[-74.0659243, 4.7605236], [-74.0659617, 4.7605542]]}}, {"type": "Feature", "properties": {"highway": "cycleway", "cycleway": null, "name": null}, "geometry": {"type": "LineString", "coordinates": [[-74.147703, 4.5696164], [-74.1473822, 4.5693974], [-74.1462485, 4.5686234], [-74.1460374, 4.5684794], [-74.1449818, 4.5677587]]}}, {"type": "Feature", "properties": {"highway": "cycleway", "cycleway": "crossing", "name": null}, "geometry": {"type": "LineString", "coordinates": [[-74.1449818, 4.5677587], [-74.1449449, 4.5677365], [-74.1448934, 4.5677055]]}}, {"type": "Feature", "properties": {"highway": "cycleway", "cycleway": null, "name": null}, "geometry": {"type": "LineString", "coordinates": [[-74.1448934, 4.5677055], [-74.1447444, 4.5676051], [-74.1445902, 4.5674978], [-74.1443035, 4.5672985], [-74.1441075, 4.5671622], [-74.1440442, 4.5671182], [-74.1437125, 4.5668982], [-74.1435866, 4.5668227], [-74.1435136, 4.5667828], [-74.1435089, 4.5667799], [-74.1434313, 4.5667379], [-74.1432324, 4.5666571], [-74.1431093, 4.5666166]]}}, {"type": "Feature", "properties": {"highway": "cycleway", "cycleway": "crossing", "name": null}, "geometry": {"type": "LineString", "coordinates": [[-74.1431093, 4.5666166], [-74.1430464, 4.5666028], [-74.1428638, 4.566563], [-74.1427853, 4.5665459], [-74.1427187, 4.5665313]]}}, {"type": "Feature", "properties": {"highway": "cycleway", "cycleway": "crossing", "name": null}, "geometry": {"type": "LineString", "coordinates": [[-74.1011149, 4.7033878], [-74.10108, 4.7033293]]}}, {"type": "Feature", "properties": {"highway": "cycleway", "cycleway": null, "name": null}, "geometry": {"type": "LineString", "coordinates": [[-74.10108, 4.7033293], [-74.1006938, 4.7030794], [-74.1004748, 4.7029378]]}}, {"type": "Feature", "properties": {"highway": "cycleway", "cycleway": "crossing", "name": null}, "geometry": {"type": "LineString", "coordinates": [[-74.1004748, 4.7029378], [-74.1003942, 4.7029651], [-74.1003453, 4.7029816]]}}, {"type": "Feature", "properties": {"highway": "cycleway", "cycleway": "crossing", "name": null}, "geometry": {"type": "LineString", "coordinates": [[-74.1011561, 4.7034568], [-74.1011149, 4.7033878]]}}, {"type": "Feature", "properties": {"highway": "cycleway", "cycleway": null, "name": null}, "geometry": {"type": "LineString", "coordinates": [[-74.1375842, 4.5952252], [-74.1375551, 4.5953911], [-74.1375086, 4.5955857]]}}, {"type": "Feature", "properties": {"highway": "cycleway", "cycleway": "crossing", "name": null}, "geometry": {"type": "LineString", "coordinates": [[-74.1375086, 4.5955857], [-74.1374859, 4.595623], [-74.1374592, 4.5956667]]}}, {"type": "Feature", "properties": {"highway": "cycleway", "cycleway": null, "name": null}, "geometry": {"type": "LineString", "coordinates": [[-74.1379731, 4.5947202], [-74.1379591, 4.594705], [-74.1379401, 4.594682], [-74.1379237, 4.5946454]]}}, {"type": "Feature", "properties": {"highway": "cycleway", "cycleway": null, "name": null}, "geometry": {"type": "LineString", "coordinates": [[-74.138865, 4.5834961], [-74.1388785, 4.5835311], [-74.1392056, 4.5843769], [-74.1395163, 4.5851803], [-74.1396348, 4.5854867], [-74.1399325, 4.5862564], [-74.140292, 4.5871861], [-74.1406508, 4.5881139], [-74.1406589, 4.5881348]]}}, {"type": "Feature", "properties": {"highway": "cycleway", "cycleway": null, "name": null}, "geometry": {"type": "LineString", "coordinates": [[-74.1406589, 4.5881348], [-74.140673, 4.588129], [-74.1411078, 4.5879499], [-74.1415136, 4.5877828]]}}, {"type": "Feature", "properties": {"highway": "cycleway", "cycleway": null, "name": null}, "geometry": {"type": "LineString", "coordinates": [[-74.0588882, 4.6571085], [-74.0594831, 4.6562506], [-74.0598388, 4.6557376], [-74.0598534, 4.6557166], [-74.059877, 4.6556823], [-74.0602128, 4.6551939], [-74.0602738, 4.6551052]]}}, {"type": "Feature", "properties": {"highway": "cycleway", "cycleway": "crossing", "name": null}, "geometry": {"type": "LineString", "coordinates": [[-74.0587299, 4.6573494], [-74.0587542, 4.6573124], [-74.0587812, 4.6572713], [-74.0587882, 4.6572606], [-74.0588131, 4.6572228], [-74.0588223, 4.6572089], [-74.0588579, 4.6571546], [-74.0588882, 4.6571085]]}}, {"type": "Feature", "properties": {"highway": "cycleway", "cycleway": null, "name": null}, "geometry": {"type": "LineString", "coordinates": [[-74.10199, 4.5738945], [-74.102851, 4.574496], [-74.1034813, 4.5736378], [-74.1035161, 4.5736378], [-74.1038621, 4.5738757], [-74.1039941, 4.5738783], [-74.104125, 4.573841], [-74.104294, 4.5737207], [-74.1054312, 4.5728811], [-74.1054929, 4.5728143], [-74.1055181, 4.5727591], [-74.105568, 4.5726619], [-74.1055707, 4.572432], [-74.1054044, 4.5710978], [-74.1054205, 4.571047], [-74.1054983, 4.5709213], [-74.105796, 4.5706032], [-74.1058255, 4.5705497], [-74.1058228, 4.5704454], [-74.1061098, 4.5701968], [-74.1052167, 4.5694535], [-74.1051764, 4.5694321], [-74.1051416, 4.5694428], [-74.1046427, 4.5700738], [-74.1041184, 4.5708702], [-74.1040619, 4.5709497], [-74.1037443, 4.5713639], [-74.1029663, 4.5724373], [-74.102234, 4.5735255], [-74.1020061, 4.573841], [-74.101998, 4.5738677], [-74.10199, 4.5738945]]}}, {"type": "Feature", "properties": {"highway": "cycleway", "cycleway": "crossing", "name": null}, "geometry": {"type": "LineString", "coordinates": [[-74.094583, 4.5755188], [-74.0945117, 4.5755977], [-74.0944812, 4.5756315]]}}, {"type": "Feature", "properties": {"highway": "cycleway", "cycleway": null, "name": null}, "geometry": {"type": "LineString", "coordinates": [[-74.0944812, 4.5756315], [-74.0944429, 4.5756738]]}}, {"type": "Feature", "properties": {"highway": "cycleway", "cycleway": null, "name": null}, "geometry": {"type": "LineString", "coordinates": [[-74.1004385, 4.5690324], [-74.1004, 4.5690784], [-74.1003762, 4.5691068], [-74.0993925, 4.5702784], [-74.0992864, 4.5704015], [-74.099005, 4.5707277], [-74.0989823, 4.570752], [-74.0981057, 4.5716897], [-74.0979746, 4.5718356]]}}, {"type": "Feature", "properties": {"highway": "cycleway", "cycleway": "crossing", "name": null}, "geometry": {"type": "LineString", "coordinates": [[-74.0979746, 4.5718356], [-74.0978884, 4.5719317], [-74.097847, 4.5719778], [-74.0978068, 4.5720225], [-74.0977576, 4.5720774]]}}, {"type": "Feature", "properties": {"highway": "cycleway", "cycleway": "crossing", "name": null}, "geometry": {"type": "LineString", "coordinates": [[-74.193098, 4.6152812], [-74.19315, 4.6152277], [-74.1931785, 4.615197]]}}, {"type": "Feature", "properties": {"highway": "cycleway", "cycleway": null, "name": null}, "geometry": {"type": "LineString", "coordinates": [[-74.187284, 4.6198261], [-74.1872714, 4.6197959], [-74.1870084, 4.6191645], [-74.1869844, 4.6191067], [-74.186967, 4.6190604], [-74.1870909, 4.619019], [-74.1871998, 4.6189731], [-74.1872163, 4.6189631], [-74.1873074, 4.6189079], [-74.1874407, 4.6188048], [-74.1876022, 4.6186736], [-74.187853, 4.6184832], [-74.1882651, 4.6182164], [-74.1885013, 4.6180571], [-74.1885438, 4.6180241], [-74.1886024, 4.6179771]]}}, {"type": "Feature", "properties": {"highway": "cycleway", "cycleway": "crossing", "name": null}, "geometry": {"type": "LineString", "coordinates": [[-74.1886024, 4.6179771], [-74.1886693, 4.6179056], [-74.1887887, 4.6177779]]}}, {"type": "Feature", "properties": {"highway": "cycleway", "cycleway": null, "name": null}, "geometry": {"type": "LineString", "coordinates": [[-74.1771971, 4.6259875], [-74.177291, 4.6259314], [-74.1773053, 4.6259202], [-74.1774385, 4.6258164], [-74.1775232, 4.6257373], [-74.1776075, 4.6256587], [-74.1777668, 4.6255198], [-74.1778006, 4.6254903], [-74.177924, 4.6253887], [-74.1780695, 4.6252668], [-74.1783626, 4.6250351], [-74.1788061, 4.6246371], [-74.1788977, 4.6245549], [-74.1789831, 4.6244804]]}}, {"type": "Feature", "properties": {"highway": "cycleway", "cycleway": "crossing", "name": null}, "geometry": {"type": "LineString", "coordinates": [[-74.181427, 4.6222691], [-74.1814986, 4.6222046], [-74.1816032, 4.6221103]]}}, {"type": "Feature", "properties": {"highway": "cycleway", "cycleway": null, "name": null}, "geometry": {"type": "LineString", "coordinates": [[-74.1809766, 4.622658], [-74.181427, 4.6222691]]}}, {"type": "Feature", "properties": {"highway": "cycleway", "cycleway": "crossing", "name": null}, "geometry": {"type": "LineString", "coordinates": [[-74.1806227, 4.6229721], [-74.1807243, 4.622882], [-74.1809344, 4.6226954], [-74.1809766, 4.622658]]}}, {"type": "Feature", "properties": {"highway": "cycleway", "cycleway": null, "name": null}, "geometry": {"type": "LineString", "coordinates": [[-74.179164, 4.6243126], [-74.1797908, 4.6237167], [-74.1806227, 4.6229721]]}}, {"type": "Feature", "properties": {"highway": "cycleway", "cycleway": "crossing", "name": null}, "geometry": {"type": "LineString", "coordinates": [[-74.1789831, 4.6244804], [-74.1790794, 4.624391], [-74.179164, 4.6243126]]}}, {"type": "Feature", "properties": {"highway": "cycleway", "cycleway": null, "name": null}, "geometry": {"type": "LineString", "coordinates": [[-74.1836489, 4.6193151], [-74.183758, 4.6192732], [-74.183884, 4.6192304], [-74.1840396, 4.6191662], [-74.1841787, 4.619134], [-74.1843858, 4.6191061], [-74.1844441, 4.6190983], [-74.1848095, 4.6190428], [-74.1849931, 4.6190085], [-74.1851172, 4.6189875], [-74.1853856, 4.6189517], [-74.1854668, 4.6189388], [-74.1857565, 4.6189067], [-74.1859493, 4.6188896], [-74.1860746, 4.6189104], [-74.1861761, 4.6189506], [-74.1863013, 4.6190167], [-74.1863428, 4.619042], [-74.1863877, 4.6190694], [-74.1865936, 4.6192075]]}}, {"type": "Feature", "properties": {"highway": "cycleway", "cycleway": "crossing", "name": null}, "geometry": {"type": "LineString", "coordinates": [[-74.1834444, 4.6194423], [-74.1835291, 4.6193851], [-74.1836489, 4.6193151]]}}, {"type": "Feature", "properties": {"highway": "cycleway", "cycleway": null, "name": null}, "geometry": {"type": "LineString", "coordinates": [[-74.0856014, 4.6776457], [-74.0856358, 4.677621], [-74.0856587, 4.677601], [-74.0856773, 4.677553], [-74.08568, 4.6775116], [-74.0856733, 4.677446]]}}, {"type": "Feature", "properties": {"highway": "cycleway", "cycleway": "crossing", "name": null}, "geometry": {"type": "LineString", "coordinates": [[-74.0855782, 4.6778472], [-74.0855842, 4.6777954], [-74.0855942, 4.6777081], [-74.0856014, 4.6776457]]}}, {"type": "Feature", "properties": {"highway": "cycleway", "cycleway": "crossing", "name": null}, "geometry": {"type": "LineString", "coordinates": [[-74.0856733, 4.677446], [-74.0857034, 4.6774215], [-74.0857567, 4.6774036]]}}, {"type": "Feature", "properties": {"highway": "cycleway", "cycleway": "crossing", "name": null}, "geometry": {"type": "LineString", "coordinates": [[-74.0574943, 4.6591137], [-74.0575273, 4.6590675], [-74.0575564, 4.6590269]]}}, {"type": "Feature", "properties": {"highway": "cycleway", "cycleway": "crossing", "name": null}, "geometry": {"type": "LineString", "coordinates": [[-74.1305562, 4.6655881], [-74.1304878, 4.6656597], [-74.1302973, 4.6658582], [-74.1302445, 4.6659132], [-74.130205, 4.6659547]]}}, {"type": "Feature", "properties": {"highway": "cycleway", "cycleway": null, "name": null}, "geometry": {"type": "LineString", "coordinates": [[-74.1304684, 4.6648341], [-74.1304695, 4.6648577], [-74.130464, 4.6648734], [-74.1304451, 4.6648841], [-74.130422, 4.6648867], [-74.1303991, 4.6649004], [-74.1302876, 4.6650099], [-74.1302454, 4.6651043], [-74.1302366, 4.6651958], [-74.1302556, 4.6652656], [-74.1302818, 4.6653106], [-74.1303265, 4.6653718], [-74.1303794, 4.6654269], [-74.1305562, 4.6655881]]}}, {"type": "Feature", "properties": {"highway": "cycleway", "cycleway": "crossing", "name": null}, "geometry": {"type": "LineString", "coordinates": [[-74.1303583, 4.6647141], [-74.1303796, 4.6647373], [-74.1304365, 4.6647994], [-74.1304684, 4.6648341]]}}, {"type": "Feature", "properties": {"highway": "cycleway", "cycleway": null, "name": null}, "geometry": {"type": "LineString", "coordinates": [[-74.0371219, 4.7787997], [-74.0371216, 4.7788267], [-74.0371096, 4.7797841], [-74.0371081, 4.7799036], [-74.0371037, 4.7802531], [-74.0370847, 4.7803311], [-74.0370841, 4.7804147], [-74.0371012, 4.7804542], [-74.037084, 4.7818384], [-74.0370737, 4.7826535], [-74.0370736, 4.7826613], [-74.0370728, 4.7827284], [-74.0370722, 4.7827747], [-74.0370721, 4.7827806], [-74.0370631, 4.7834988], [-74.0370039, 4.783979], [-74.0368708, 4.7844175], [-74.0367682, 4.7846073], [-74.0367246, 4.7846447], [-74.0366866, 4.7847146], [-74.0366843, 4.7847626], [-74.0364813, 4.7851383], [-74.036474, 4.7851519], [-74.0354461, 4.7870543], [-74.0353813, 4.787271], [-74.0353435, 4.7873126], [-74.0353203, 4.7873947], [-74.035318, 4.7874878], [-74.0352601, 4.7879214], [-74.0352599, 4.7879286], [-74.0352591, 4.7879637], [-74.0352564, 4.7880933]]}}, {"type": "Feature", "properties": {"highway": "cycleway", "cycleway": null, "name": null}, "geometry": {"type": "LineString", "coordinates": [[-74.0354954, 4.7881301], [-74.0354959, 4.7879833], [-74.0354959, 4.7879774], [-74.035549, 4.7875405], [-74.0355973, 4.7874533], [-74.0356223, 4.7873544], [-74.0356181, 4.7872911], [-74.0356963, 4.7870322], [-74.0366869, 4.7852001], [-74.0366969, 4.7851816], [-74.0368234, 4.7849477], [-74.0368587, 4.784923], [-74.0368983, 4.7848523], [-74.0368982, 4.7848094], [-74.0370643, 4.7845022], [-74.0371913, 4.784038], [-74.0372516, 4.7837101], [-74.03728, 4.7834767], [-74.037285, 4.7827543], [-74.037285, 4.7827479], [-74.0372854, 4.7826981], [-74.0372858, 4.7826363], [-74.0372859, 4.7826272], [-74.0372861, 4.7825925], [-74.0372973, 4.7803072], [-74.0373144, 4.7802071], [-74.0373138, 4.7801325], [-74.0372983, 4.7800996], [-74.0372991, 4.7799402], [-74.0372997, 4.7798186], [-74.0373076, 4.7788524], [-74.0373081, 4.7788278]]}}, {"type": "Feature", "properties": {"highway": "cycleway", "cycleway": null, "name": null}, "geometry": {"type": "LineString", "coordinates": [[-74.0420893, 4.7805442], [-74.0421348, 4.7804948], [-74.0421966, 4.7804486], [-74.0422803, 4.780413], [-74.0424535, 4.7803943], [-74.0426292, 4.7803984], [-74.0427096, 4.7803951], [-74.0427836, 4.7803741], [-74.042882, 4.7803287], [-74.0429658, 4.7802728], [-74.0430129, 4.7802266], [-74.0430788, 4.780131], [-74.0431861, 4.7800184], [-74.0433034, 4.7799332], [-74.0434314, 4.7799135], [-74.043674, 4.779876], [-74.043778, 4.7798599], [-74.0440065, 4.7798399], [-74.0442487, 4.7798345], [-74.0443828, 4.7798453], [-74.045216, 4.7798911], [-74.0472674, 4.7800144], [-74.0476636, 4.7800477], [-74.0490237, 4.7801201], [-74.0494432, 4.7801509], [-74.0518979, 4.780312], [-74.0521581, 4.7803276], [-74.0523428, 4.7803479], [-74.0543695, 4.7804537], [-74.0545466, 4.7804683], [-74.0552169, 4.7805286], [-74.0567625, 4.780611]]}}, {"type": "Feature", "properties": {"highway": "cycleway", "cycleway": null, "name": null}, "geometry": {"type": "LineString", "coordinates": [[-74.0568161, 4.7802148], [-74.0568144, 4.7802404], [-74.0545701, 4.7801018], [-74.0522718, 4.7799612], [-74.0519458, 4.7799413], [-74.0519295, 4.7799403], [-74.0498325, 4.7798162], [-74.0497771, 4.779812], [-74.04949, 4.7797959], [-74.0494712, 4.7797948], [-74.0487531, 4.779752], [-74.0477076, 4.7796897], [-74.0473243, 4.7796453], [-74.0462475, 4.7794958], [-74.0452519, 4.779379], [-74.0441181, 4.7791721], [-74.0440205, 4.7791288], [-74.0439314, 4.7790657], [-74.043542, 4.7786113], [-74.0432662, 4.7783835], [-74.0429465, 4.7781922], [-74.0427469, 4.7780917], [-74.0425613, 4.7780296], [-74.0424658, 4.7779879], [-74.0423993, 4.7779356], [-74.042372, 4.7779085], [-74.0423563, 4.777893]]}}, {"type": "Feature", "properties": {"highway": "cycleway", "cycleway": null, "name": null}, "geometry": {"type": "LineString", "coordinates": [[-74.0408028, 4.7780694], [-74.0407662, 4.778094], [-74.0407438, 4.7781091], [-74.0401542, 4.7785061], [-74.0399635, 4.7785987], [-74.0397604, 4.7786618], [-74.0394739, 4.7786714], [-74.039185, 4.7786614], [-74.038494, 4.778543], [-74.0384358, 4.7785172], [-74.038313, 4.7784975], [-74.0382568, 4.7785024], [-74.0375081, 4.7783742], [-74.0374798, 4.7783694], [-74.0374361, 4.7783465], [-74.0374185, 4.7783311], [-74.0374024, 4.7783137], [-74.0373877, 4.7782936], [-74.0373751, 4.7782708], [-74.0373653, 4.7782469], [-74.0373576, 4.7782222]]}}, {"type": "Feature", "properties": {"highway": "cycleway", "cycleway": null, "name": null}, "geometry": {"type": "LineString", "coordinates": [[-74.0418129, 4.7772874], [-74.0417964, 4.7773312], [-74.0417687, 4.7773791], [-74.0417378, 4.7774212], [-74.0416777, 4.7774803], [-74.0410459, 4.7779057], [-74.0410271, 4.7779184], [-74.0409828, 4.7779482]]}}, {"type": "Feature", "properties": {"highway": "cycleway", "cycleway": null, "name": null}, "geometry": {"type": "LineString", "coordinates": [[-74.0409828, 4.7779482], [-74.0408028, 4.7780694]]}}, {"type": "Feature", "properties": {"highway": "cycleway", "cycleway": null, "name": null}, "geometry": {"type": "LineString", "coordinates": [[-74.0891458, 4.6960681], [-74.0891702, 4.6959997], [-74.08922, 4.6959221], [-74.0892464, 4.6958958], [-74.0892728, 4.6958776], [-74.0893066, 4.6958625], [-74.0893532, 4.6958576], [-74.0893741, 4.695851], [-74.0893928, 4.6958411], [-74.0896365, 4.6954849], [-74.0896706, 4.6954388], [-74.0897064, 4.6954049], [-74.0898233, 4.6953527], [-74.0899009, 4.695318], [-74.0899898, 4.6952782], [-74.0901878, 4.6951765], [-74.0903951, 4.6950195], [-74.0904797, 4.6949785], [-74.0905325, 4.6949795], [-74.0905806, 4.6950019], [-74.0906225, 4.6950414]]}}, {"type": "Feature", "properties": {"highway": "cycleway", "cycleway": "crossing", "name": null}, "geometry": {"type": "LineString", "coordinates": [[-74.0888233, 4.6961535], [-74.0888863, 4.6961368], [-74.0891, 4.6960802], [-74.0891458, 4.6960681]]}}, {"type": "Feature", "properties": {"highway": "cycleway", "cycleway": null, "name": null}, "geometry": {"type": "LineString", "coordinates": [[-74.085997, 4.6966412], [-74.086508, 4.6964947], [-74.0868863, 4.6963863]]}}, {"type": "Feature", "properties": {"highway": "cycleway", "cycleway": "crossing", "name": null}, "geometry": {"type": "LineString", "coordinates": [[-74.0868863, 4.6963863], [-74.0869495, 4.6963703], [-74.0872789, 4.6962869], [-74.0873457, 4.69627]]}}, {"type": "Feature", "properties": {"highway": "cycleway", "cycleway": null, "name": null}, "geometry": {"type": "LineString", "coordinates": [[-74.2278359, 4.7188976], [-74.2276693, 4.7188714], [-74.2274275, 4.7188327], [-74.227295, 4.7188113], [-74.2272287, 4.7188035], [-74.2271923, 4.7188041], [-74.2270597, 4.7189113], [-74.2269421, 4.7190987], [-74.2268818, 4.7191945], [-74.2268453, 4.7192499], [-74.2268173, 4.7192844], [-74.2266113, 4.7194343], [-74.2264244, 4.719567], [-74.226287, 4.719667], [-74.2261085, 4.7197967], [-74.2259957, 4.7198765], [-74.2258924, 4.7199467], [-74.2258281, 4.7199905], [-74.2257759, 4.7200289]]}}, {"type": "Feature", "properties": {"highway": "cycleway", "cycleway": null, "name": null}, "geometry": {"type": "LineString", "coordinates": [[-74.2219524, 4.7196524], [-74.2221214, 4.7199], [-74.2221478, 4.7199313], [-74.2222458, 4.7200476], [-74.2223246, 4.7201528], [-74.222468, 4.7204135], [-74.2225689, 4.7205862], [-74.2225987, 4.7206419], [-74.2226583, 4.7207534], [-74.2226847, 4.7208027], [-74.2227825, 4.7209785], [-74.2228603, 4.7211229], [-74.2229056, 4.7212049]]}}, {"type": "Feature", "properties": {"highway": "cycleway", "cycleway": null, "name": null}, "geometry": {"type": "LineString", "coordinates": [[-74.0363296, 4.7786469], [-74.0363277, 4.7786827], [-74.0370932, 4.7787955], [-74.0371219, 4.7787997]]}}, {"type": "Feature", "properties": {"highway": "cycleway", "cycleway": null, "name": null}, "geometry": {"type": "LineString", "coordinates": [[-74.0420893, 4.7805442], [-74.0420479, 4.7805922], [-74.0420054, 4.780673], [-74.0419978, 4.7806874], [-74.0419934, 4.7806959], [-74.0418138, 4.781696]]}}, {"type": "Feature", "properties": {"highway": "cycleway", "cycleway": null, "name": null}, "geometry": {"type": "LineString", "coordinates": [[-74.1136852, 4.4809273], [-74.1136229, 4.4809696], [-74.1137137, 4.4811027], [-74.1138181, 4.4812439], [-74.1139278, 4.4813832], [-74.1140004, 4.481482], [-74.1140287, 4.4815526], [-74.1140623, 4.4816673], [-74.1140729, 4.4817643], [-74.1140535, 4.4818737], [-74.1139915, 4.4820466], [-74.113903, 4.4823059], [-74.1138659, 4.4824718], [-74.1138606, 4.4826111], [-74.1138747, 4.482747], [-74.1139083, 4.4828899], [-74.113965, 4.4830222], [-74.1140305, 4.4831298], [-74.1140977, 4.4832304], [-74.1141189, 4.4833027], [-74.1141278, 4.4834103], [-74.1141083, 4.483525], [-74.1140712, 4.4836026], [-74.1140128, 4.4836749], [-74.1139417, 4.4837312], [-74.1138726, 4.4837798], [-74.1138938, 4.4838037], [-74.1139197, 4.4838363], [-74.1139422, 4.4838735], [-74.1139603, 4.4839125], [-74.1139722, 4.4839474]]}}, {"type": "Feature", "properties": {"highway": "cycleway", "cycleway": null, "name": null}, "geometry": {"type": "LineString", "coordinates": [[-74.1043796, 4.6518321], [-74.1036417, 4.6528135], [-74.1035971, 4.6528729], [-74.1035855, 4.6529148], [-74.1035887, 4.6529828], [-74.1036105, 4.6530675]]}}, {"type": "Feature", "properties": {"highway": "cycleway", "cycleway": null, "name": null}, "geometry": {"type": "LineString", "coordinates": [[-74.0679023, 4.6228466], [-74.0680516, 4.6219621], [-74.0680554, 4.6219397], [-74.0680604, 4.6219124], [-74.0683093, 4.6205412], [-74.0683328, 4.6204118], [-74.0683413, 4.6203652], [-74.0684024, 4.6200074], [-74.0684955, 4.6194607], [-74.0686056, 4.6188167], [-74.0687258, 4.6180133], [-74.0687323, 4.6179708], [-74.0687468, 4.6178642]]}}, {"type": "Feature", "properties": {"highway": "cycleway", "cycleway": null, "name": null}, "geometry": {"type": "LineString", "coordinates": [[-74.0678881, 4.6229352], [-74.0678959, 4.6228846], [-74.0679023, 4.6228466]]}}, {"type": "Feature", "properties": {"highway": "cycleway", "cycleway": null, "name": null}, "geometry": {"type": "LineString", "coordinates": [[-74.2279573, 4.7081402], [-74.2279195, 4.7081695], [-74.2278759, 4.7082033]]}}, {"type": "Feature", "properties": {"highway": "cycleway", "cycleway": null, "name": null}, "geometry": {"type": "LineString", "coordinates": [[-74.228883, 4.7073795], [-74.2279573, 4.7081402]]}}, {"type": "Feature", "properties": {"highway": "cycleway", "cycleway": "crossing", "name": null}, "geometry": {"type": "LineString", "coordinates": [[-74.1057795, 4.6182731], [-74.1056816, 4.6182904], [-74.1056159, 4.6183019]]}}, {"type": "Feature", "properties": {"highway": "cycleway", "cycleway": null, "name": null}, "geometry": {"type": "LineString", "coordinates": [[-74.0750134, 4.6202167], [-74.0750571, 4.6202071], [-74.0751081, 4.6201924], [-74.0751694, 4.620166], [-74.0753226, 4.6200795], [-74.075344, 4.6200629], [-74.0755089, 4.6199347], [-74.0756412, 4.6198351]]}}, {"type": "Feature", "properties": {"highway": "cycleway", "cycleway": "crossing", "name": null}, "geometry": {"type": "LineString", "coordinates": [[-74.0748262, 4.6202582], [-74.0748666, 4.6202492], [-74.0749617, 4.6202281], [-74.0750134, 4.6202167]]}}, {"type": "Feature", "properties": {"highway": "cycleway", "cycleway": null, "name": null}, "geometry": {"type": "LineString", "coordinates": [[-74.074435, 4.620345], [-74.0748262, 4.6202582]]}}, {"type": "Feature", "properties": {"highway": "cycleway", "cycleway": "crossing", "name": null}, "geometry": {"type": "LineString", "coordinates": [[-74.0742063, 4.6203978], [-74.0742958, 4.6203771], [-74.0743197, 4.6203716], [-74.074435, 4.620345]]}}, {"type": "Feature", "properties": {"highway": "cycleway", "cycleway": null, "name": null}, "geometry": {"type": "LineString", "coordinates": [[-74.0521291, 4.7383694], [-74.052739, 4.7385211], [-74.0528462, 4.7385474], [-74.0538181, 4.7387878], [-74.0542456, 4.7388819]]}}, {"type": "Feature", "properties": {"highway": "cycleway", "cycleway": "crossing", "name": null}, "geometry": {"type": "LineString", "coordinates": [[-74.0519015, 4.738313], [-74.05197, 4.7383299], [-74.0520615, 4.7383526], [-74.0521291, 4.7383694]]}}, {"type": "Feature", "properties": {"highway": "cycleway", "cycleway": null, "name": null}, "geometry": {"type": "LineString", "coordinates": [[-74.0503854, 4.6612469], [-74.0504543, 4.6611802], [-74.0506742, 4.6609673], [-74.05098, 4.660675], [-74.0513126, 4.6603293], [-74.0515242, 4.660122], [-74.0516657, 4.6599835], [-74.0520099, 4.6596654], [-74.0522387, 4.6594367], [-74.0522724, 4.6594017], [-74.0522996, 4.6593758], [-74.0523269, 4.6593488], [-74.0527627, 4.6589106], [-74.0528885, 4.658774], [-74.0529219, 4.6587378], [-74.0531239, 4.6585159], [-74.0532178, 4.6584054], [-74.0533689, 4.6581977], [-74.0534961, 4.6580118], [-74.053731, 4.6576684], [-74.0544802, 4.6565572], [-74.0546689, 4.6562872], [-74.0547216, 4.656207], [-74.0548397, 4.6560136], [-74.0549988, 4.6557454], [-74.0551249, 4.6555128], [-74.0551927, 4.6553754], [-74.0552512, 4.655238], [-74.0552766, 4.6551728], [-74.0552974, 4.6551099], [-74.0553282, 4.6549936]]}}, {"type": "Feature", "properties": {"highway": "cycleway", "cycleway": "crossing", "name": null}, "geometry": {"type": "LineString", "coordinates": [[-74.0553282, 4.6549936], [-74.0553518, 4.654917], [-74.0553972, 4.6547688], [-74.0554216, 4.6546892]]}}, {"type": "Feature", "properties": {"highway": "cycleway", "cycleway": null, "name": null}, "geometry": {"type": "LineString", "coordinates": [[-74.043853, 4.6713331], [-74.0440786, 4.670888], [-74.0443567, 4.6703436], [-74.0445248, 4.670029], [-74.0446964, 4.6696538], [-74.0448583, 4.6693001], [-74.0450702, 4.6688064], [-74.0451676, 4.6685827], [-74.0452624, 4.6684001], [-74.0453437, 4.6682655], [-74.0454537, 4.66809], [-74.0455467, 4.6679242], [-74.0456334, 4.6677326], [-74.0457711, 4.6674154], [-74.0459606, 4.6669707], [-74.0460912, 4.6666437], [-74.0462834, 4.6662106], [-74.046422, 4.6659272], [-74.0467555, 4.6653186], [-74.046776, 4.6652804], [-74.0468071, 4.6652226], [-74.0468405, 4.6651603], [-74.0468842, 4.6650789], [-74.0469915, 4.6648971], [-74.0470845, 4.6647572], [-74.0472955, 4.6644881], [-74.0473764, 4.6643988], [-74.0474306, 4.6643432], [-74.0476343, 4.6641477], [-74.0479812, 4.6638109], [-74.048262, 4.6635444], [-74.0485409, 4.6632771], [-74.0486938, 4.6631247], [-74.048738, 4.6630767], [-74.0487814, 4.6630295], [-74.0488717, 4.6629313], [-74.0490219, 4.6627611], [-74.0492805, 4.6624592]]}}, {"type": "Feature", "properties": {"highway": "cycleway", "cycleway": "crossing", "name": null}, "geometry": {"type": "LineString", "coordinates": [[-74.0436828, 4.6716711], [-74.0437238, 4.6716056], [-74.043853, 4.6713331]]}}, {"type": "Feature", "properties": {"highway": "cycleway", "cycleway": "crossing", "name": null}, "geometry": {"type": "LineString", "coordinates": [[-74.1200043, 4.5337864], [-74.1199566, 4.5337346], [-74.1199181, 4.5336928]]}}, {"type": "Feature", "properties": {"highway": "cycleway", "cycleway": null, "name": null}, "geometry": {"type": "LineString", "coordinates": [[-74.1698549, 4.6134958], [-74.1700467, 4.6134695], [-74.1708181, 4.6133654], [-74.1710536, 4.6133339], [-74.1710884, 4.6133292], [-74.1712279, 4.6133104], [-74.1712797, 4.6133034], [-74.1714721, 4.6132791], [-74.1715191, 4.6132695], [-74.171551, 4.6132522], [-74.1715892, 4.6132184]]}}, {"type": "Feature", "properties": {"highway": "cycleway", "cycleway": "crossing", "name": null}, "geometry": {"type": "LineString", "coordinates": [[-74.1715892, 4.6132184], [-74.1716811, 4.6132104], [-74.1718698, 4.613194], [-74.1719872, 4.6131838], [-74.1721029, 4.6131737]]}}, {"type": "Feature", "properties": {"highway": "cycleway", "cycleway": "crossing", "name": null}, "geometry": {"type": "LineString", "coordinates": [[-74.1696281, 4.6135267], [-74.1696568, 4.6135228], [-74.169695, 4.6135175], [-74.1697818, 4.6135057], [-74.1698117, 4.6135016], [-74.1698549, 4.6134958]]}}, {"type": "Feature", "properties": {"highway": "cycleway", "cycleway": null, "name": null}, "geometry": {"type": "LineString", "coordinates": [[-74.0369605, 4.8110655], [-74.0370689, 4.8112893], [-74.0372119, 4.8114787], [-74.0373136, 4.811562], [-74.0374266, 4.8116213], [-74.0375322, 4.811659], [-74.0376435, 4.8116854], [-74.0377562, 4.8117019], [-74.0378689, 4.8116959], [-74.0383307, 4.811563], [-74.0386914, 4.811401]]}}, {"type": "Feature", "properties": {"highway": "cycleway", "cycleway": null, "name": null}, "geometry": {"type": "LineString", "coordinates": [[-74.0386914, 4.811401], [-74.0389261, 4.8112937], [-74.0391639, 4.8111703], [-74.0394039, 4.8110143], [-74.0398797, 4.8106777]]}}, {"type": "Feature", "properties": {"highway": "cycleway", "cycleway": null, "name": null}, "geometry": {"type": "LineString", "coordinates": [[-74.0388707, 4.8119213], [-74.0386039, 4.8120816], [-74.0375079, 4.8124996], [-74.0370032, 4.812628], [-74.0368931, 4.8126675], [-74.0368359, 4.8126964], [-74.0367852, 4.8127285], [-74.0367663, 4.8127459], [-74.0367438, 4.8127667], [-74.0367089, 4.8128178], [-74.0366788, 4.812879], [-74.0366551, 4.8129353], [-74.0366371, 4.8130282]]}}, {"type": "Feature", "properties": {"highway": "cycleway", "cycleway": null, "name": null}, "geometry": {"type": "LineString", "coordinates": [[-74.0401111, 4.8110811], [-74.0392373, 4.8116782], [-74.0388707, 4.8119213]]}}, {"type": "Feature", "properties": {"highway": "cycleway", "cycleway": null, "name": null}, "geometry": {"type": "LineString", "coordinates": [[-74.0433946, 4.7721358], [-74.0433777, 4.7722372], [-74.0430169, 4.7744014], [-74.0428736, 4.7752609], [-74.0428348, 4.7754523], [-74.0427353, 4.7759368], [-74.0427295, 4.7759591], [-74.042433, 4.7774308], [-74.0423563, 4.777893], [-74.0423507, 4.7779273], [-74.0419251, 4.7804936], [-74.0419147, 4.780645], [-74.0419818, 4.7806792], [-74.0419978, 4.7806874], [-74.0420129, 4.7806951]]}}, {"type": "Feature", "properties": {"highway": "cycleway", "cycleway": null, "name": null}, "geometry": {"type": "LineString", "coordinates": [[-74.1058517, 4.6187764], [-74.1059982, 4.6197024]]}}, {"type": "Feature", "properties": {"highway": "cycleway", "cycleway": "crossing", "name": null}, "geometry": {"type": "LineString", "coordinates": [[-74.1059982, 4.6197024], [-74.1060062, 4.6197529], [-74.1060157, 4.6198131]]}}, {"type": "Feature", "properties": {"highway": "cycleway", "cycleway": null, "name": null}, "geometry": {"type": "LineString", "coordinates": [[-74.1060157, 4.6198131], [-74.106154, 4.620092], [-74.1061991, 4.620183]]}}, {"type": "Feature", "properties": {"highway": "cycleway", "cycleway": "crossing", "name": null}, "geometry": {"type": "LineString", "coordinates": [[-74.1061991, 4.620183], [-74.106214, 4.6202754], [-74.1062226, 4.6203287]]}}, {"type": "Feature", "properties": {"highway": "cycleway", "cycleway": "crossing", "name": null}, "geometry": {"type": "LineString", "coordinates": [[-74.1054208, 4.6296749], [-74.1053856, 4.6297205], [-74.1053152, 4.6298114], [-74.1052961, 4.629836]]}}, {"type": "Feature", "properties": {"highway": "cycleway", "cycleway": null, "name": null}, "geometry": {"type": "LineString", "coordinates": [[-74.1052961, 4.629836], [-74.1052234, 4.6299299]]}}, {"type": "Feature", "properties": {"highway": "cycleway", "cycleway": "crossing", "name": null}, "geometry": {"type": "LineString", "coordinates": [[-74.1051534, 4.6298747], [-74.1051703, 4.629888], [-74.1052234, 4.6299299]]}}, {"type": "Feature", "properties": {"highway": "cycleway", "cycleway": null, "name": null}, "geometry": {"type": "LineString", "coordinates": [[-74.17124, 4.6284387], [-74.1712155, 4.6284725], [-74.171198, 4.6285048]]}}, {"type": "Feature", "properties": {"highway": "cycleway", "cycleway": null, "name": null}, "geometry": {"type": "LineString", "coordinates": [[-74.0371219, 4.7787997], [-74.0371577, 4.778805], [-74.0372112, 4.7788129], [-74.0372315, 4.7788159], [-74.0372831, 4.7788235], [-74.0373081, 4.7788278]]}}, {"type": "Feature", "properties": {"highway": "cycleway", "cycleway": null, "name": null}, "geometry": {"type": "LineString", "coordinates": [[-74.0371615, 4.7781928], [-74.0371485, 4.7782411], [-74.0371393, 4.778261], [-74.037119, 4.7782815], [-74.0371009, 4.7782922], [-74.0370802, 4.778298], [-74.037053, 4.7783009], [-74.0370248, 4.7782992], [-74.0363757, 4.7782198], [-74.0363742, 4.7782387]]}}, {"type": "Feature", "properties": {"highway": "cycleway", "cycleway": null, "name": null}, "geometry": {"type": "LineString", "coordinates": [[-74.0373576, 4.7782222], [-74.0373244, 4.7782172], [-74.037266, 4.7782085], [-74.0372511, 4.7782063], [-74.0371959, 4.778198], [-74.0371615, 4.7781928]]}}, {"type": "Feature", "properties": {"highway": "cycleway", "cycleway": null, "name": null}, "geometry": {"type": "LineString", "coordinates": [[-74.0374798, 4.7783694], [-74.0374782, 4.7783959], [-74.0374752, 4.7784461], [-74.037454, 4.7787966], [-74.0374529, 4.7788159], [-74.0374509, 4.778849]]}}, {"type": "Feature", "properties": {"highway": "cycleway", "cycleway": null, "name": null}, "geometry": {"type": "LineString", "coordinates": [[-74.0373576, 4.7782222], [-74.03736, 4.7781986], [-74.0373977, 4.7778214]]}}, {"type": "Feature", "properties": {"highway": "cycleway", "cycleway": null, "name": null}, "geometry": {"type": "LineString", "coordinates": [[-74.0372006, 4.7777962], [-74.0371635, 4.7781723], [-74.0371615, 4.7781928]]}}, {"type": "Feature", "properties": {"highway": "cycleway", "cycleway": null, "name": null}, "geometry": {"type": "LineString", "coordinates": [[-74.0371219, 4.7787997], [-74.0371235, 4.7787664], [-74.0371436, 4.7783451], [-74.0371485, 4.7782411]]}}, {"type": "Feature", "properties": {"highway": "cycleway", "cycleway": null, "name": null}, "geometry": {"type": "LineString", "coordinates": [[-74.0372858, 4.7826363], [-74.0372621, 4.7826391], [-74.0371853, 4.7826481], [-74.0371592, 4.7826513], [-74.0370979, 4.7826585], [-74.0370736, 4.7826613]]}}, {"type": "Feature", "properties": {"highway": "cycleway", "cycleway": null, "name": null}, "geometry": {"type": "LineString", "coordinates": [[-74.037285, 4.7827479], [-74.0372614, 4.7827513], [-74.0371832, 4.7827607], [-74.0371699, 4.7827627], [-74.0370961, 4.7827718], [-74.0370722, 4.7827747]]}}, {"type": "Feature", "properties": {"highway": "cycleway", "cycleway": null, "name": null}, "geometry": {"type": "LineString", "coordinates": [[-74.036474, 4.7851519], [-74.0365003, 4.7851579], [-74.0365763, 4.7851751], [-74.0365964, 4.7851796], [-74.036661, 4.7851942], [-74.0366869, 4.7852001]]}}, {"type": "Feature", "properties": {"highway": "cycleway", "cycleway": null, "name": null}, "geometry": {"type": "LineString", "coordinates": [[-74.0352599, 4.7879286], [-74.0352833, 4.7879341], [-74.0353653, 4.7879533], [-74.0353866, 4.7879581], [-74.0354664, 4.7879761], [-74.0354959, 4.7879833]]}}, {"type": "Feature", "properties": {"highway": "cycleway", "cycleway": null, "name": null}, "geometry": {"type": "LineString", "coordinates": [[-74.0398797, 4.8106777], [-74.0407049, 4.8100983], [-74.04097, 4.8099868]]}}, {"type": "Feature", "properties": {"highway": "cycleway", "cycleway": null, "name": null}, "geometry": {"type": "LineString", "coordinates": [[-74.0417616, 4.810346], [-74.0415012, 4.8103669], [-74.0412407, 4.8104137], [-74.0409604, 4.810535], [-74.0404699, 4.8108504], [-74.0404564, 4.8108591], [-74.0404092, 4.8108894], [-74.0403977, 4.8108968], [-74.0401111, 4.8110811]]}}, {"type": "Feature", "properties": {"highway": "cycleway", "cycleway": null, "name": null}, "geometry": {"type": "LineString", "coordinates": [[-74.1248349, 4.6183213], [-74.1248599, 4.6185525], [-74.1249589, 4.6195299], [-74.1249635, 4.6195757], [-74.1249934, 4.6198188], [-74.1250356, 4.6199622], [-74.1250441, 4.6199909], [-74.1250947, 4.620101], [-74.1251522, 4.6201928], [-74.1252351, 4.6202662], [-74.1253041, 4.6203029], [-74.1253896, 4.62033], [-74.1254509, 4.620347]]}}, {"type": "Feature", "properties": {"highway": "cycleway", "cycleway": null, "name": null}, "geometry": {"type": "LineString", "coordinates": [[-74.1465799, 4.7115413], [-74.1466297, 4.7116172], [-74.146641, 4.711647], [-74.1466455, 4.7116625], [-74.1466478, 4.7116781], [-74.1466523, 4.7116964], [-74.1466632, 4.7117105], [-74.1466735, 4.7117184], [-74.1466861, 4.7117217], [-74.1467041, 4.7117201], [-74.1467199, 4.7117136], [-74.1467314, 4.7117017], [-74.146736, 4.7116848], [-74.1467368, 4.7116651], [-74.1467292, 4.7116454], [-74.146675, 4.7116051], [-74.1465799, 4.7115413]]}}, {"type": "Feature", "properties": {"highway": "cycleway", "cycleway": null, "name": null}, "geometry": {"type": "LineString", "coordinates": [[-74.1465926, 4.7117575], [-74.1466636, 4.7117337], [-74.1467041, 4.7117201]]}}, {"type": "Feature", "properties": {"highway": "cycleway", "cycleway": null, "name": null}, "geometry": {"type": "LineString", "coordinates": [[-74.146641, 4.711647], [-74.1466384, 4.7116771], [-74.1466348, 4.7116933], [-74.1466225, 4.7117203], [-74.1466092, 4.7117389], [-74.1465926, 4.7117575]]}}, {"type": "Feature", "properties": {"highway": "cycleway", "cycleway": null, "name": null}, "geometry": {"type": "LineString", "coordinates": [[-74.146285, 4.7118533], [-74.1465926, 4.7117575]]}}, {"type": "Feature", "properties": {"highway": "cycleway", "cycleway": null, "name": null}, "geometry": {"type": "LineString", "coordinates": [[-74.0458083, 4.8504511], [-74.0457974, 4.8504064], [-74.0457772, 4.8502918], [-74.0457527, 4.8501826], [-74.045708, 4.8500309], [-74.0456782, 4.8499397], [-74.0456707, 4.8499089], [-74.0456728, 4.8498845], [-74.0456835, 4.8498538], [-74.0456963, 4.8498082], [-74.0456984, 4.8497594], [-74.0456877, 4.8497053], [-74.0456686, 4.849665], [-74.0456377, 4.8496257], [-74.0455919, 4.8495918], [-74.0455291, 4.8495536], [-74.0454951, 4.849508], [-74.0454695, 4.8494592], [-74.0454546, 4.8493977], [-74.0454504, 4.8493298], [-74.045461, 4.8492672], [-74.0454727, 4.8492301], [-74.0454706, 4.8492068], [-74.0454578, 4.8491888], [-74.0454238, 4.8491729], [-74.0453816, 4.849154]]}}, {"type": "Feature", "properties": {"highway": "cycleway", "cycleway": null, "name": null}, "geometry": {"type": "LineString", "coordinates": [[-74.044789, 4.8493054], [-74.0447975, 4.849329], [-74.0448422, 4.8494174], [-74.0448575, 4.8494376], [-74.0448972, 4.8494645], [-74.044931, 4.8494713], [-74.0449681, 4.8494645], [-74.0450104, 4.849457], [-74.0450636, 4.8494687], [-74.0451092, 4.8495033], [-74.0451312, 4.8495453], [-74.0451396, 4.8495857], [-74.0451253, 4.8496472], [-74.0449935, 4.849877], [-74.0449772, 4.8499042], [-74.0449605, 4.8499292], [-74.0449369, 4.8499814], [-74.0449225, 4.8500277], [-74.0449141, 4.850095], [-74.0449116, 4.8501175], [-74.0449073, 4.8501506], [-74.0448287, 4.8501902], [-74.0447409, 4.8502441], [-74.0446496, 4.8503148], [-74.0445795, 4.850383], [-74.0445178, 4.8504495], [-74.0444629, 4.850521], [-74.0444435, 4.8505555], [-74.0444409, 4.8505919], [-74.0444409, 4.8506288]]}}, {"type": "Feature", "properties": {"highway": "cycleway", "cycleway": null, "name": null}, "geometry": {"type": "LineString", "coordinates": [[-74.0431763, 4.8502581], [-74.0432031, 4.8501907], [-74.043244, 4.850115], [-74.043258, 4.8500929], [-74.0432637, 4.8500678], [-74.0432685, 4.8500441], [-74.0432697, 4.8500069], [-74.0432767, 4.8499743], [-74.0432977, 4.8499243], [-74.0433129, 4.8498975], [-74.0433316, 4.8498731], [-74.0433404, 4.8498521], [-74.0433491, 4.8498254], [-74.0433642, 4.8497986], [-74.0434028, 4.8497533], [-74.0434343, 4.8497195], [-74.0434576, 4.8496846], [-74.0434787, 4.8496392], [-74.043495, 4.8495985], [-74.0435137, 4.8495485], [-74.0435324, 4.8494903], [-74.043544, 4.8494496], [-74.0435826, 4.8494089], [-74.0436304, 4.8493822], [-74.043704, 4.8493519], [-74.0438137, 4.8493286], [-74.043913, 4.8492996], [-74.0440227, 4.8492542], [-74.0440963, 4.8492135], [-74.0441733, 4.8491646], [-74.0442387, 4.8491006], [-74.0442527, 4.8490611], [-74.0442656, 4.8489983]]}}, {"type": "Feature", "properties": {"highway": "cycleway", "cycleway": null, "name": null}, "geometry": {"type": "LineString", "coordinates": [[-74.0559883, 4.6966085], [-74.0560003, 4.6965437], [-74.0560046, 4.6965202], [-74.0561619, 4.6956193], [-74.0561882, 4.695457], [-74.0562056, 4.6953623], [-74.0562202, 4.6952802], [-74.0563288, 4.6946694], [-74.0564386, 4.6939646]]}}, {"type": "Feature", "properties": {"highway": "cycleway", "cycleway": "crossing", "name": null}, "geometry": {"type": "LineString", "coordinates": [[-74.0564386, 4.6939646], [-74.0564465, 4.693914], [-74.0564544, 4.6938554]]}}, {"type": "Feature", "properties": {"highway": "cycleway", "cycleway": null, "name": null}, "geometry": {"type": "LineString", "coordinates": [[-74.119163, 4.6065653], [-74.1190898, 4.6067019], [-74.1190255, 4.6068324], [-74.1190128, 4.6068582], [-74.1185615, 4.6076668], [-74.118543, 4.6076942], [-74.1184883, 4.6077749], [-74.1184412, 4.6078444], [-74.1178791, 4.6088617], [-74.1169223, 4.6105582], [-74.1168731, 4.6106459], [-74.1168281, 4.6107263], [-74.116536, 4.6112478], [-74.1162234, 4.611887], [-74.1155576, 4.613201], [-74.1155365, 4.6132438], [-74.1155024, 4.6133122], [-74.1154561, 4.6134051], [-74.1150687, 4.6141719], [-74.1150379, 4.6142708], [-74.1150164, 4.6144059], [-74.1150135, 4.614483], [-74.1150117, 4.6144987], [-74.1150032, 4.6145084], [-74.1149926, 4.6145088], [-74.1149808, 4.6145043], [-74.1149369, 4.6144621], [-74.1148918, 4.614431], [-74.1148324, 4.6144071], [-74.1147694, 4.614393], [-74.1147269, 4.6143628], [-74.114674, 4.6143252]]}}, {"type": "Feature", "properties": {"highway": "cycleway", "cycleway": null, "name": null}, "geometry": {"type": "LineString", "coordinates": [[-74.1192978, 4.6063137], [-74.1192611, 4.6063823]]}}, {"type": "Feature", "properties": {"highway": "cycleway", "cycleway": null, "name": null}, "geometry": {"type": "LineString", "coordinates": [[-74.1192611, 4.6063823], [-74.119163, 4.6065653]]}}, {"type": "Feature", "properties": {"highway": "cycleway", "cycleway": null, "name": null}, "geometry": {"type": "LineString", "coordinates": [[-74.1147037, 4.6145137], [-74.1148293, 4.614553], [-74.1149093, 4.6146014], [-74.1149782, 4.6146646], [-74.115033, 4.6147401], [-74.1150868, 4.6148801], [-74.1150935, 4.6150298], [-74.1150524, 4.6151739], [-74.1149677, 4.6152977], [-74.114848, 4.6153885], [-74.1147058, 4.6154369], [-74.1145554, 4.615438], [-74.1144124, 4.6153917], [-74.1143029, 4.6153141], [-74.11422, 4.6152087], [-74.1141704, 4.6150843], [-74.114158, 4.6149536], [-74.1141826, 4.6148247], [-74.1142421, 4.6147076], [-74.1143318, 4.6146115], [-74.1144448, 4.6145441], [-74.1145721, 4.6145106], [-74.1147037, 4.6145137]]}}, {"type": "Feature", "properties": {"highway": "cycleway", "cycleway": null, "name": null}, "geometry": {"type": "LineString", "coordinates": [[-74.1148918, 4.614431], [-74.1148483, 4.6145161], [-74.1148293, 4.614553]]}}, {"type": "Feature", "properties": {"highway": "cycleway", "cycleway": null, "name": null}, "geometry": {"type": "LineString", "coordinates": [[-74.1144124, 4.6153917], [-74.1144002, 4.6154394], [-74.1143731, 4.6155532], [-74.1143654, 4.6155763], [-74.1143422, 4.6156454], [-74.1136611, 4.6173016], [-74.1136156, 4.6174124], [-74.1134335, 4.6178481], [-74.1133148, 4.6181115], [-74.1131832, 4.6183619], [-74.1129403, 4.6188153], [-74.1127255, 4.6191439], [-74.1126813, 4.6192114], [-74.1126554, 4.619251], [-74.1122959, 4.6197407], [-74.1119082, 4.6202257], [-74.1116239, 4.6205726], [-74.1115812, 4.6206248], [-74.1114786, 4.6207499], [-74.1110639, 4.6212721], [-74.1107193, 4.6217116], [-74.1106526, 4.621797], [-74.1105689, 4.6219043], [-74.1104979, 4.6220085], [-74.1103485, 4.6222599], [-74.11027, 4.6224061], [-74.110114, 4.6227161], [-74.1100206, 4.6229116], [-74.1098385, 4.6232421], [-74.1097339, 4.623418], [-74.1095284, 4.6237289], [-74.1093949, 4.6239142], [-74.1090894, 4.6242978], [-74.1087906, 4.6246767], [-74.1083422, 4.6252334], [-74.1081274, 4.6255173], [-74.1074823, 4.6263719]]}}, {"type": "Feature", "properties": {"highway": "cycleway", "cycleway": null, "name": null}, "geometry": {"type": "LineString", "coordinates": [[-74.1679161, 4.6306007], [-74.1673437, 4.6310436], [-74.1672613, 4.6311073], [-74.1668008, 4.6314969], [-74.1667218, 4.6315638], [-74.1665513, 4.6317081], [-74.1661329, 4.6320837]]}}, {"type": "Feature", "properties": {"highway": "cycleway", "cycleway": "crossing", "name": null}, "geometry": {"type": "LineString", "coordinates": [[-74.1661329, 4.6320837], [-74.1660749, 4.6321318], [-74.1660199, 4.6321774], [-74.1659615, 4.632223], [-74.1659177, 4.6322622]]}}, {"type": "Feature", "properties": {"highway": "cycleway", "cycleway": null, "name": null}, "geometry": {"type": "LineString", "coordinates": [[-74.159579, 4.6038107], [-74.1595863, 4.6038567], [-74.1595949, 4.6038957]]}}, {"type": "Feature", "properties": {"highway": "cycleway", "cycleway": null, "name": null}, "geometry": {"type": "LineString", "coordinates": [[-74.046508, 4.7781786], [-74.0463419, 4.7785017], [-74.0463888, 4.7788824], [-74.0462113, 4.7792656], [-74.0462415, 4.779465], [-74.0462475, 4.7794958]]}}, {"type": "Feature", "properties": {"highway": "cycleway", "cycleway": null, "name": null}, "geometry": {"type": "LineString", "coordinates": [[-74.1135972, 4.654206], [-74.1134052, 4.6542258], [-74.1132968, 4.6542143], [-74.1132382, 4.6542185]]}}, {"type": "Feature", "properties": {"highway": "cycleway", "cycleway": null, "name": null}, "geometry": {"type": "LineString", "coordinates": [[-74.1132382, 4.6542185], [-74.1131457, 4.6542259], [-74.1131013, 4.6542294]]}}, {"type": "Feature", "properties": {"highway": "cycleway", "cycleway": null, "name": null}, "geometry": {"type": "LineString", "coordinates": [[-74.1138194, 4.6541607], [-74.1135972, 4.654206]]}}, {"type": "Feature", "properties": {"highway": "cycleway", "cycleway": "crossing", "name": null}, "geometry": {"type": "LineString", "coordinates": [[-74.1138783, 4.6541528], [-74.1138443, 4.6541556], [-74.1138194, 4.6541607]]}}, {"type": "Feature", "properties": {"highway": "cycleway", "cycleway": null, "name": null}, "geometry": {"type": "LineString", "coordinates": [[-74.1040022, 4.6546142], [-74.1040159, 4.6546215], [-74.1040314, 4.6546238], [-74.1040467, 4.6546208], [-74.1040593, 4.6546136], [-74.1040691, 4.6546027], [-74.1040749, 4.6545894], [-74.1040762, 4.654575]]}}, {"type": "Feature", "properties": {"highway": "cycleway", "cycleway": null, "name": null}, "geometry": {"type": "LineString", "coordinates": [[-74.1359785, 4.5984016], [-74.1361609, 4.5983461]]}}, {"type": "Feature", "properties": {"highway": "cycleway", "cycleway": null, "name": null}, "geometry": {"type": "LineString", "coordinates": [[-74.0812307, 4.712245], [-74.0811203, 4.7122831], [-74.0810495, 4.7122958], [-74.0809801, 4.7123043], [-74.0808654, 4.7123113], [-74.0806658, 4.7123057], [-74.0805313, 4.7122958], [-74.0803587, 4.7122803], [-74.0800306, 4.7122381], [-74.0798531, 4.7122139], [-74.0796724, 4.7121815], [-74.0793222, 4.7121021], [-74.0790924, 4.712022], [-74.0789166, 4.71194], [-74.0788945, 4.7119218], [-74.0788901, 4.7119147], [-74.0788799, 4.7118981], [-74.0788743, 4.7118744]]}}, {"type": "Feature", "properties": {"highway": "cycleway", "cycleway": "crossing", "name": null}, "geometry": {"type": "LineString", "coordinates": [[-74.0812639, 4.7123297], [-74.0812454, 4.7122826], [-74.0812307, 4.712245]]}}, {"type": "Feature", "properties": {"highway": "cycleway", "cycleway": "crossing", "name": null}, "geometry": {"type": "LineString", "coordinates": [[-74.0788743, 4.7118744], [-74.0788402, 4.7118452], [-74.0788034, 4.7118137], [-74.0787596, 4.7117761], [-74.0787055, 4.7117299], [-74.0786666, 4.7116966], [-74.0785819, 4.7116242]]}}, {"type": "Feature", "properties": {"highway": "cycleway", "cycleway": "crossing", "name": null}, "geometry": {"type": "LineString", "coordinates": [[-74.0789166, 4.71194], [-74.0789005, 4.7119723], [-74.0788623, 4.7120488]]}}, {"type": "Feature", "properties": {"highway": "cycleway", "cycleway": null, "name": null}, "geometry": {"type": "LineString", "coordinates": [[-74.1021026, 4.6722148], [-74.1021366, 4.6719416], [-74.1021336, 4.6718949], [-74.1021172, 4.6718499], [-74.1020729, 4.6717697], [-74.1020152, 4.6717001], [-74.101372, 4.6711007], [-74.1013485, 4.671075], [-74.1013261, 4.6710218], [-74.101314, 4.6709763], [-74.1013071, 4.6709222], [-74.1013083, 4.6709085], [-74.1013104, 4.6708826]]}}, {"type": "Feature", "properties": {"highway": "cycleway", "cycleway": "crossing", "name": null}, "geometry": {"type": "LineString", "coordinates": [[-74.1022014, 4.6722532], [-74.102147, 4.6722321], [-74.102118, 4.6722208], [-74.1021026, 4.6722148]]}}, {"type": "Feature", "properties": {"highway": "cycleway", "cycleway": "crossing", "name": null}, "geometry": {"type": "LineString", "coordinates": [[-74.1021846, 4.6725521], [-74.1021604, 4.6725853], [-74.102136, 4.6726189], [-74.1021219, 4.6726382]]}}, {"type": "Feature", "properties": {"highway": "cycleway", "cycleway": null, "name": null}, "geometry": {"type": "LineString", "coordinates": [[-74.1021846, 4.6725521], [-74.1021677, 4.6725365], [-74.1021594, 4.6725178], [-74.1021572, 4.6724901], [-74.1022014, 4.6722532]]}}, {"type": "Feature", "properties": {"highway": "cycleway", "cycleway": "crossing", "name": null}, "geometry": {"type": "LineString", "coordinates": [[-74.100881, 4.6705562], [-74.1008505, 4.6705037], [-74.1008163, 4.6704448]]}}, {"type": "Feature", "properties": {"highway": "cycleway", "cycleway": "crossing", "name": null}, "geometry": {"type": "LineString", "coordinates": [[-74.1011951, 4.6708621], [-74.1012491, 4.6708716], [-74.1013104, 4.6708826]]}}, {"type": "Feature", "properties": {"highway": "cycleway", "cycleway": null, "name": null}, "geometry": {"type": "LineString", "coordinates": [[-74.1034385, 4.6738139], [-74.1033684, 4.6738971], [-74.1032551, 4.6738033], [-74.103228, 4.6737808]]}}, {"type": "Feature", "properties": {"highway": "cycleway", "cycleway": null, "name": null}, "geometry": {"type": "LineString", "coordinates": [[-74.0469843, 4.7515617], [-74.046962, 4.7516285]]}}, {"type": "Feature", "properties": {"highway": "cycleway", "cycleway": null, "name": null}, "geometry": {"type": "LineString", "coordinates": [[-74.046962, 4.7516285], [-74.046873, 4.7517683]]}}, {"type": "Feature", "properties": {"highway": "cycleway", "cycleway": null, "name": null}, "geometry": {"type": "LineString", "coordinates": [[-74.0475748, 4.7470206], [-74.0475678, 4.7470759], [-74.047519, 4.7473709], [-74.0474839, 4.7475678], [-74.0474135, 4.7479492]]}}, {"type": "Feature", "properties": {"highway": "cycleway", "cycleway": null, "name": null}, "geometry": {"type": "LineString", "coordinates": [[-74.0475785, 4.7469916], [-74.0475748, 4.7470206]]}}, {"type": "Feature", "properties": {"highway": "cycleway", "cycleway": null, "name": null}, "geometry": {"type": "LineString", "coordinates": [[-74.0496106, 4.7348645], [-74.0495836, 4.7348843], [-74.0495585, 4.7349129], [-74.0495344, 4.734963], [-74.0495001, 4.735182], [-74.0494877, 4.7352924]]}}, {"type": "Feature", "properties": {"highway": "cycleway", "cycleway": null, "name": null}, "geometry": {"type": "LineString", "coordinates": [[-74.0494877, 4.7352924], [-74.0494852, 4.7353142]]}}, {"type": "Feature", "properties": {"highway": "cycleway", "cycleway": null, "name": null}, "geometry": {"type": "LineString", "coordinates": [[-74.0517849, 4.7215722], [-74.0516927, 4.7222327], [-74.0516845, 4.7222815]]}}, {"type": "Feature", "properties": {"highway": "cycleway", "cycleway": null, "name": null}, "geometry": {"type": "LineString", "coordinates": [[-74.0516845, 4.7222815], [-74.0516829, 4.7222911]]}}, {"type": "Feature", "properties": {"highway": "cycleway", "cycleway": null, "name": null}, "geometry": {"type": "LineString", "coordinates": [[-74.0520812, 4.7195849], [-74.0520719, 4.7196288], [-74.0520934, 4.7196781], [-74.0521126, 4.7197221], [-74.05201, 4.7202999]]}}, {"type": "Feature", "properties": {"highway": "cycleway", "cycleway": null, "name": null}, "geometry": {"type": "LineString", "coordinates": [[-74.0520835, 4.7195742], [-74.0520812, 4.7195849]]}}, {"type": "Feature", "properties": {"highway": "cycleway", "cycleway": null, "name": null}, "geometry": {"type": "LineString", "coordinates": [[-74.0521773, 4.7191369], [-74.0521486, 4.7192682], [-74.0520835, 4.7195742]]}}, {"type": "Feature", "properties": {"highway": "cycleway", "cycleway": null, "name": null}, "geometry": {"type": "LineString", "coordinates": [[-74.0521801, 4.7191243], [-74.0521773, 4.7191369]]}}, {"type": "Feature", "properties": {"highway": "cycleway", "cycleway": null, "name": null}, "geometry": {"type": "LineString", "coordinates": [[-74.0521895, 4.7190816], [-74.0521801, 4.7191243]]}}, {"type": "Feature", "properties": {"highway": "cycleway", "cycleway": null, "name": null}, "geometry": {"type": "LineString", "coordinates": [[-74.0521927, 4.7190669], [-74.0521895, 4.7190816]]}}, {"type": "Feature", "properties": {"highway": "cycleway", "cycleway": null, "name": null}, "geometry": {"type": "LineString", "coordinates": [[-74.0522109, 4.7189838], [-74.0521927, 4.7190669]]}}, {"type": "Feature", "properties": {"highway": "cycleway", "cycleway": null, "name": null}, "geometry": {"type": "LineString", "coordinates": [[-74.0522139, 4.7189703], [-74.0522109, 4.7189838]]}}, {"type": "Feature", "properties": {"highway": "cycleway", "cycleway": null, "name": null}, "geometry": {"type": "LineString", "coordinates": [[-74.0522204, 4.7189404], [-74.0522139, 4.7189703]]}}, {"type": "Feature", "properties": {"highway": "cycleway", "cycleway": null, "name": null}, "geometry": {"type": "LineString", "coordinates": [[-74.0522223, 4.7189315], [-74.0522204, 4.7189404]]}}, {"type": "Feature", "properties": {"highway": "cycleway", "cycleway": null, "name": null}, "geometry": {"type": "LineString", "coordinates": [[-74.0530876, 4.7138573], [-74.0530863, 4.7138635], [-74.0529999, 4.7143315], [-74.0529413, 4.7146947]]}}, {"type": "Feature", "properties": {"highway": "cycleway", "cycleway": null, "name": null}, "geometry": {"type": "LineString", "coordinates": [[-74.053089, 4.7138507], [-74.0530876, 4.7138573]]}}, {"type": "Feature", "properties": {"highway": "cycleway", "cycleway": null, "name": null}, "geometry": {"type": "LineString", "coordinates": [[-74.0542299, 4.7075089], [-74.0543371, 4.7070211], [-74.0543565, 4.7068981]]}}, {"type": "Feature", "properties": {"highway": "cycleway", "cycleway": null, "name": null}, "geometry": {"type": "LineString", "coordinates": [[-74.0543598, 4.7068768], [-74.0543691, 4.7068178]]}}, {"type": "Feature", "properties": {"highway": "cycleway", "cycleway": null, "name": null}, "geometry": {"type": "LineString", "coordinates": [[-74.0543565, 4.7068981], [-74.0543598, 4.7068768]]}}, {"type": "Feature", "properties": {"highway": "cycleway", "cycleway": null, "name": null}, "geometry": {"type": "LineString", "coordinates": [[-74.0543691, 4.7068178], [-74.0543724, 4.7067969]]}}, {"type": "Feature", "properties": {"highway": "cycleway", "cycleway": null, "name": null}, "geometry": {"type": "LineString", "coordinates": [[-74.0543724, 4.7067969], [-74.0543835, 4.7067262], [-74.054386, 4.7066608], [-74.0543814, 4.706623], [-74.0543626, 4.7065947], [-74.0543492, 4.7065626], [-74.0543428, 4.7065269], [-74.0543544, 4.7064367], [-74.0543888, 4.7061892], [-74.0544904, 4.7055168], [-74.0545477, 4.7051955], [-74.0545558, 4.70515]]}}, {"type": "Feature", "properties": {"highway": "cycleway", "cycleway": null, "name": null}, "geometry": {"type": "LineString", "coordinates": [[-74.0545558, 4.70515], [-74.0545574, 4.705141]]}}, {"type": "Feature", "properties": {"highway": "cycleway", "cycleway": null, "name": null}, "geometry": {"type": "LineString", "coordinates": [[-74.0555925, 4.6990295], [-74.055599, 4.6989814], [-74.0556134, 4.6988912], [-74.0557, 4.6982957], [-74.0558506, 4.697354]]}}, {"type": "Feature", "properties": {"highway": "cycleway", "cycleway": null, "name": null}, "geometry": {"type": "LineString", "coordinates": [[-74.0555055, 4.6996187], [-74.0555082, 4.6996038]]}}, {"type": "Feature", "properties": {"highway": "cycleway", "cycleway": null, "name": null}, "geometry": {"type": "LineString", "coordinates": [[-74.0555156, 4.6995629], [-74.0555193, 4.6995422]]}}, {"type": "Feature", "properties": {"highway": "cycleway", "cycleway": null, "name": null}, "geometry": {"type": "LineString", "coordinates": [[-74.0555193, 4.6995422], [-74.0555223, 4.6995255]]}}, {"type": "Feature", "properties": {"highway": "cycleway", "cycleway": null, "name": null}, "geometry": {"type": "LineString", "coordinates": [[-74.0555082, 4.6996038], [-74.055513, 4.6995774]]}}, {"type": "Feature", "properties": {"highway": "cycleway", "cycleway": null, "name": null}, "geometry": {"type": "LineString", "coordinates": [[-74.055513, 4.6995774], [-74.0555156, 4.6995629]]}}, {"type": "Feature", "properties": {"highway": "cycleway", "cycleway": null, "name": null}, "geometry": {"type": "LineString", "coordinates": [[-74.0555223, 4.6995255], [-74.0555356, 4.6994513], [-74.0555427, 4.6993986], [-74.0555907, 4.6990427]]}}, {"type": "Feature", "properties": {"highway": "cycleway", "cycleway": null, "name": null}, "geometry": {"type": "LineString", "coordinates": [[-74.0555907, 4.6990427], [-74.0555925, 4.6990295]]}}, {"type": "Feature", "properties": {"highway": "cycleway", "cycleway": null, "name": null}, "geometry": {"type": "LineString", "coordinates": [[-74.0558506, 4.697354], [-74.0559847, 4.6966281]]}}, {"type": "Feature", "properties": {"highway": "cycleway", "cycleway": null, "name": null}, "geometry": {"type": "LineString", "coordinates": [[-74.0559847, 4.6966281], [-74.0559883, 4.6966085]]}}, {"type": "Feature", "properties": {"highway": "cycleway", "cycleway": null, "name": null}, "geometry": {"type": "LineString", "coordinates": [[-74.0564544, 4.6938554], [-74.0564771, 4.6936869], [-74.0565308, 4.6933561]]}}, {"type": "Feature", "properties": {"highway": "cycleway", "cycleway": null, "name": null}, "geometry": {"type": "LineString", "coordinates": [[-74.0565308, 4.6933561], [-74.0565334, 4.6933398]]}}, {"type": "Feature", "properties": {"highway": "cycleway", "cycleway": null, "name": null}, "geometry": {"type": "LineString", "coordinates": [[-74.0574871, 4.6873119], [-74.0574715, 4.6872694], [-74.0574581, 4.6872179], [-74.0574594, 4.6871818], [-74.0574628, 4.6871633]]}}, {"type": "Feature", "properties": {"highway": "cycleway", "cycleway": null, "name": null}, "geometry": {"type": "LineString", "coordinates": [[-74.0574628, 4.6871633], [-74.0574667, 4.6871425]]}}, {"type": "Feature", "properties": {"highway": "cycleway", "cycleway": null, "name": null}, "geometry": {"type": "LineString", "coordinates": [[-74.0574667, 4.6871425], [-74.0574729, 4.6871091]]}}, {"type": "Feature", "properties": {"highway": "cycleway", "cycleway": null, "name": null}, "geometry": {"type": "LineString", "coordinates": [[-74.0574729, 4.6871091], [-74.0574771, 4.6870865]]}}, {"type": "Feature", "properties": {"highway": "cycleway", "cycleway": null, "name": null}, "geometry": {"type": "LineString", "coordinates": [[-74.0574771, 4.6870865], [-74.0574832, 4.6870541]]}}, {"type": "Feature", "properties": {"highway": "cycleway", "cycleway": null, "name": null}, "geometry": {"type": "LineString", "coordinates": [[-74.0574832, 4.6870541], [-74.057487, 4.6870332]]}}, {"type": "Feature", "properties": {"highway": "cycleway", "cycleway": null, "name": null}, "geometry": {"type": "LineString", "coordinates": [[-74.057487, 4.6870332], [-74.0574991, 4.686968]]}}, {"type": "Feature", "properties": {"highway": "cycleway", "cycleway": null, "name": null}, "geometry": {"type": "LineString", "coordinates": [[-74.0574991, 4.686968], [-74.0575039, 4.6869425]]}}, {"type": "Feature", "properties": {"highway": "cycleway", "cycleway": null, "name": null}, "geometry": {"type": "LineString", "coordinates": [[-74.0575039, 4.6869425], [-74.0575091, 4.6869146]]}}, {"type": "Feature", "properties": {"highway": "cycleway", "cycleway": null, "name": null}, "geometry": {"type": "LineString", "coordinates": [[-74.0575091, 4.6869146], [-74.0575133, 4.686892]]}}, {"type": "Feature", "properties": {"highway": "cycleway", "cycleway": null, "name": null}, "geometry": {"type": "LineString", "coordinates": [[-74.0575133, 4.686892], [-74.0575194, 4.6868589]]}}, {"type": "Feature", "properties": {"highway": "cycleway", "cycleway": null, "name": null}, "geometry": {"type": "LineString", "coordinates": [[-74.0575194, 4.6868589], [-74.0575231, 4.6868392]]}}, {"type": "Feature", "properties": {"highway": "cycleway", "cycleway": null, "name": null}, "geometry": {"type": "LineString", "coordinates": [[-74.0579164, 4.6851131], [-74.057937, 4.6849085], [-74.0580225, 4.6844368], [-74.0580562, 4.6842416], [-74.0581605, 4.6836821], [-74.0581688, 4.6836356], [-74.0581755, 4.6835901], [-74.0581814, 4.6835555], [-74.0582616, 4.683085], [-74.0583384, 4.6825941], [-74.0584508, 4.6819252]]}}, {"type": "Feature", "properties": {"highway": "cycleway", "cycleway": null, "name": null}, "geometry": {"type": "LineString", "coordinates": [[-74.0584508, 4.6819252], [-74.0584558, 4.6818954]]}}, {"type": "Feature", "properties": {"highway": "cycleway", "cycleway": null, "name": null}, "geometry": {"type": "LineString", "coordinates": [[-74.0622049, 4.6765388], [-74.0620967, 4.6766015], [-74.0619748, 4.6766615], [-74.0616637, 4.6768144], [-74.0613819, 4.6769271], [-74.0612125, 4.677011], [-74.0611594, 4.6770378], [-74.0609746, 4.677135], [-74.0606554, 4.6773029], [-74.0606502, 4.6773057]]}}, {"type": "Feature", "properties": {"highway": "cycleway", "cycleway": null, "name": null}, "geometry": {"type": "LineString", "coordinates": [[-74.0606502, 4.6773057], [-74.0606392, 4.6773114]]}}, {"type": "Feature", "properties": {"highway": "cycleway", "cycleway": "crossing", "name": null}, "geometry": {"type": "LineString", "coordinates": [[-74.071, 4.6119253], [-74.0710328, 4.6119247], [-74.071094, 4.6119237], [-74.0711398, 4.6119229], [-74.0711755, 4.6119223], [-74.0713388, 4.6119195], [-74.071362, 4.6119191]]}}, {"type": "Feature", "properties": {"highway": "cycleway", "cycleway": null, "name": null}, "geometry": {"type": "LineString", "coordinates": [[-74.0708891, 4.6120496], [-74.071, 4.6119253]]}}, {"type": "Feature", "properties": {"highway": "cycleway", "cycleway": null, "name": null}, "geometry": {"type": "LineString", "coordinates": [[-74.1267017, 4.5942977], [-74.1267385, 4.5942753], [-74.1268113, 4.5942311], [-74.1268919, 4.5941808], [-74.1269579, 4.5941396], [-74.1270577, 4.5940638], [-74.1271246, 4.5940013], [-74.1272115, 4.5939285], [-74.1273196, 4.5938565], [-74.1274287, 4.5937996], [-74.1275138, 4.5937755], [-74.127599, 4.5938154]]}}, {"type": "Feature", "properties": {"highway": "cycleway", "cycleway": null, "name": null}, "geometry": {"type": "LineString", "coordinates": [[-74.1256784, 4.6197437], [-74.1259722, 4.6188001], [-74.1261402, 4.6182801], [-74.126168, 4.618194], [-74.1261915, 4.6181213], [-74.126344, 4.6176434], [-74.1265982, 4.616873], [-74.1267363, 4.6164426], [-74.126792, 4.6162236], [-74.1268417, 4.615953], [-74.1269118, 4.6156153], [-74.1269884, 4.6153367], [-74.1271615, 4.6147695], [-74.1274093, 4.6139589], [-74.1275965, 4.6133783], [-74.1276226, 4.6132974]]}}, {"type": "Feature", "properties": {"highway": "cycleway", "cycleway": "crossing", "name": null}, "geometry": {"type": "LineString", "coordinates": [[-74.1220553, 4.6291804], [-74.1220477, 4.6292846], [-74.122038, 4.6294186], [-74.1220308, 4.6295171]]}}, {"type": "Feature", "properties": {"highway": "cycleway", "cycleway": null, "name": null}, "geometry": {"type": "LineString", "coordinates": [[-74.1177525, 4.6374105], [-74.1177418, 4.637456], [-74.1177196, 4.6375172], [-74.1176838, 4.6375734], [-74.1176589, 4.6376008], [-74.11748, 4.637788], [-74.1171898, 4.6380925], [-74.1171339, 4.6381492], [-74.116593, 4.6386716], [-74.1158348, 4.639407], [-74.1156724, 4.6395948]]}}, {"type": "Feature", "properties": {"highway": "cycleway", "cycleway": "crossing", "name": null}, "geometry": {"type": "LineString", "coordinates": [[-74.1156724, 4.6395948], [-74.1156413, 4.6396309], [-74.1155635, 4.6397211], [-74.1155409, 4.6397474]]}}, {"type": "Feature", "properties": {"highway": "cycleway", "cycleway": null, "name": null}, "geometry": {"type": "LineString", "coordinates": [[-74.1126555, 4.6425372], [-74.1125928, 4.6425892], [-74.1116221, 4.6435713], [-74.1115146, 4.6436883]]}}, {"type": "Feature", "properties": {"highway": "cycleway", "cycleway": "crossing", "name": null}, "geometry": {"type": "LineString", "coordinates": [[-74.1128599, 4.6423692], [-74.1127844, 4.6424313], [-74.112729, 4.6424768], [-74.1127127, 4.6424902], [-74.1126555, 4.6425372]]}}, {"type": "Feature", "properties": {"highway": "cycleway", "cycleway": null, "name": null}, "geometry": {"type": "LineString", "coordinates": [[-74.0683552, 4.6899102], [-74.068493, 4.6899136], [-74.06883, 4.6899151], [-74.0692187, 4.6899083]]}}, {"type": "Feature", "properties": {"highway": "cycleway", "cycleway": "crossing", "name": null}, "geometry": {"type": "LineString", "coordinates": [[-74.068132, 4.6898883], [-74.0682233, 4.6898973], [-74.0683552, 4.6899102]]}}, {"type": "Feature", "properties": {"highway": "cycleway", "cycleway": null, "name": null}, "geometry": {"type": "LineString", "coordinates": [[-74.0557854, 4.6864596], [-74.0556856, 4.6864227], [-74.05564, 4.6863788], [-74.055607, 4.686328], [-74.0555971, 4.6862786]]}}, {"type": "Feature", "properties": {"highway": "cycleway", "cycleway": "crossing", "name": null}, "geometry": {"type": "LineString", "coordinates": [[-74.0590322, 4.6870146], [-74.0589489, 4.6870082], [-74.0588917, 4.6870037]]}}, {"type": "Feature", "properties": {"highway": "cycleway", "cycleway": null, "name": null}, "geometry": {"type": "LineString", "coordinates": [[-74.0588917, 4.6870037], [-74.0587286, 4.6869911]]}}, {"type": "Feature", "properties": {"highway": "cycleway", "cycleway": "crossing", "name": null}, "geometry": {"type": "LineString", "coordinates": [[-74.0587286, 4.6869911], [-74.0585955, 4.686938], [-74.0585432, 4.6869172]]}}, {"type": "Feature", "properties": {"highway": "cycleway", "cycleway": null, "name": null}, "geometry": {"type": "LineString", "coordinates": [[-74.0583927, 4.6869844], [-74.0584355, 4.6869808], [-74.0584804, 4.6869686], [-74.0585161, 4.6869464], [-74.0585432, 4.6869172]]}}, {"type": "Feature", "properties": {"highway": "cycleway", "cycleway": null, "name": null}, "geometry": {"type": "LineString", "coordinates": [[-74.1598635, 4.6377049], [-74.1596177, 4.6379231], [-74.1589477, 4.6385061], [-74.1588909, 4.6385555], [-74.1586618, 4.6387505], [-74.1585032, 4.6388908], [-74.158252, 4.639113]]}}, {"type": "Feature", "properties": {"highway": "cycleway", "cycleway": "crossing", "name": null}, "geometry": {"type": "LineString", "coordinates": [[-74.1599388, 4.6376372], [-74.1598959, 4.6376758], [-74.1598635, 4.6377049]]}}, {"type": "Feature", "properties": {"highway": "cycleway", "cycleway": "crossing", "name": null}, "geometry": {"type": "LineString", "coordinates": [[-74.158252, 4.639113], [-74.1582399, 4.6391272], [-74.1582141, 4.6391574], [-74.1581597, 4.6392209]]}}, {"type": "Feature", "properties": {"highway": "cycleway", "cycleway": null, "name": null}, "geometry": {"type": "LineString", "coordinates": [[-74.1579924, 4.6423972], [-74.1577953, 4.6425454]]}}, {"type": "Feature", "properties": {"highway": "cycleway", "cycleway": "crossing", "name": null}, "geometry": {"type": "LineString", "coordinates": [[-74.1580797, 4.642329], [-74.1580324, 4.642366], [-74.1579924, 4.6423972]]}}, {"type": "Feature", "properties": {"highway": "cycleway", "cycleway": null, "name": null}, "geometry": {"type": "LineString", "coordinates": [[-74.0899774, 4.7178313], [-74.0899397, 4.717665], [-74.0899102, 4.7176303], [-74.0898954, 4.7175543], [-74.0899022, 4.7175207], [-74.0898566, 4.7173443], [-74.0898279, 4.7172282], [-74.0896378, 4.7163649], [-74.0895017, 4.7157509], [-74.0892929, 4.7149181], [-74.0892532, 4.7148133], [-74.0892325, 4.7147736], [-74.0892211, 4.7147517], [-74.0891738, 4.714668], [-74.0891094, 4.7145853], [-74.0890623, 4.7145311], [-74.0890193, 4.7144851], [-74.0889605, 4.7144357], [-74.0888743, 4.7143813], [-74.0888274, 4.7143564], [-74.0887511, 4.714322], [-74.0884748, 4.7142097], [-74.0884167, 4.7142226], [-74.0883407, 4.7141932], [-74.0883139, 4.7141456], [-74.088096, 4.7140649], [-74.0879845, 4.7140245]]}}, {"type": "Feature", "properties": {"highway": "cycleway", "cycleway": "crossing", "name": null}, "geometry": {"type": "LineString", "coordinates": [[-74.0879845, 4.7140245], [-74.087811, 4.7139615], [-74.0877393, 4.7139355]]}}, {"type": "Feature", "properties": {"highway": "cycleway", "cycleway": null, "name": null}, "geometry": {"type": "LineString", "coordinates": [[-74.0502156, 4.7311833], [-74.0501745, 4.7312358], [-74.0501057, 4.731617], [-74.0500571, 4.7318851]]}}, {"type": "Feature", "properties": {"highway": "cycleway", "cycleway": "crossing", "name": null}, "geometry": {"type": "LineString", "coordinates": [[-74.0500571, 4.7318851], [-74.0500557, 4.7318938], [-74.0500414, 4.7319833], [-74.0500236, 4.7320952]]}}, {"type": "Feature", "properties": {"highway": "cycleway", "cycleway": "crossing", "name": null}, "geometry": {"type": "LineString", "coordinates": [[-74.050241, 4.7310605], [-74.0502315, 4.7311157], [-74.0502284, 4.7311341], [-74.0502156, 4.7311833]]}}, {"type": "Feature", "properties": {"highway": "cycleway", "cycleway": "crossing", "name": null}, "geometry": {"type": "LineString", "coordinates": [[-74.1569633, 4.6402417], [-74.1568735, 4.6401414], [-74.1568164, 4.6400776], [-74.1567526, 4.6400063], [-74.1567221, 4.6399722]]}}, {"type": "Feature", "properties": {"highway": "cycleway", "cycleway": "crossing", "name": null}, "geometry": {"type": "LineString", "coordinates": [[-74.1561961, 4.6412465], [-74.1561872, 4.6411932], [-74.1561753, 4.6411223]]}}, {"type": "Feature", "properties": {"highway": "cycleway", "cycleway": null, "name": null}, "geometry": {"type": "LineString", "coordinates": [[-74.1567221, 4.6399722], [-74.1566355, 4.6399977], [-74.1565829, 4.6400052], [-74.1565269, 4.6400087], [-74.1564673, 4.6400104], [-74.1563942, 4.6400025], [-74.1562721, 4.6399678], [-74.1561507, 4.639928], [-74.1561202, 4.6399244], [-74.1560924, 4.639925]]}}, {"type": "Feature", "properties": {"highway": "cycleway", "cycleway": "crossing", "name": null}, "geometry": {"type": "LineString", "coordinates": [[-74.1560924, 4.639925], [-74.156057, 4.6399326], [-74.1559583, 4.6399538], [-74.155918, 4.6399624]]}}, {"type": "Feature", "properties": {"highway": "cycleway", "cycleway": null, "name": null}, "geometry": {"type": "LineString", "coordinates": [[-74.1556305, 4.6399514], [-74.1556476, 4.640048], [-74.1556517, 4.6400788], [-74.1556625, 4.6401608], [-74.155664, 4.6402573], [-74.1556645, 4.6402874], [-74.155652, 4.6404193], [-74.1556396, 4.6404807]]}}, {"type": "Feature", "properties": {"highway": "cycleway", "cycleway": "crossing", "name": null}, "geometry": {"type": "LineString", "coordinates": [[-74.0936208, 4.596195], [-74.0935269, 4.5962657], [-74.0934014, 4.5963601]]}}, {"type": "Feature", "properties": {"highway": "cycleway", "cycleway": null, "name": null}, "geometry": {"type": "LineString", "coordinates": [[-74.0934014, 4.5963601], [-74.0931861, 4.5965256]]}}, {"type": "Feature", "properties": {"highway": "cycleway", "cycleway": "crossing", "name": null}, "geometry": {"type": "LineString", "coordinates": [[-74.0931861, 4.5965256], [-74.0931258, 4.596572], [-74.0930695, 4.5966152], [-74.0930365, 4.5966406]]}}, {"type": "Feature", "properties": {"highway": "cycleway", "cycleway": "crossing", "name": null}, "geometry": {"type": "LineString", "coordinates": [[-74.0944998, 4.5953261], [-74.0944655, 4.5953815], [-74.0944213, 4.5954536]]}}, {"type": "Feature", "properties": {"highway": "cycleway", "cycleway": null, "name": null}, "geometry": {"type": "LineString", "coordinates": [[-74.0944998, 4.5953261], [-74.0946392, 4.5951997], [-74.0947892, 4.5950382], [-74.0950325, 4.5947762], [-74.0951374, 4.5946984]]}}, {"type": "Feature", "properties": {"highway": "cycleway", "cycleway": null, "name": "Alameda el Porvenir"}, "geometry": {"type": "LineString", "coordinates": [[-74.2071918, 4.6293545], [-74.206687, 4.6295747]]}}, {"type": "Feature", "properties": {"highway": "cycleway", "cycleway": null, "name": "Alameda el Porvenir"}, "geometry": {"type": "LineString", "coordinates": [[-74.2063344, 4.6297161], [-74.2038304, 4.6308059]]}}, {"type": "Feature", "properties": {"highway": "cycleway", "cycleway": "crossing", "name": "Alameda el Porvenir"}, "geometry": {"type": "LineString", "coordinates": [[-74.2038304, 4.6308059], [-74.2037998, 4.6308195], [-74.2037087, 4.6308598], [-74.2036305, 4.6308944], [-74.2035807, 4.6309165]]}}, {"type": "Feature", "properties": {"highway": "cycleway", "cycleway": null, "name": "Calle 70A Sur"}, "geometry": {"type": "LineString", "coordinates": [[-74.1997829, 4.628399], [-74.1998009, 4.6284388], [-74.2001764, 4.6292702], [-74.2005849, 4.6301747], [-74.2009943, 4.6310811], [-74.2012773, 4.6317076]]}}, {"type": "Feature", "properties": {"highway": "cycleway", "cycleway": "crossing", "name": null}, "geometry": {"type": "LineString", "coordinates": [[-74.2012773, 4.6317076], [-74.2012898, 4.6317345], [-74.2013007, 4.6317579], [-74.201338, 4.6318376], [-74.2013509, 4.6318653], [-74.2013634, 4.6318922], [-74.2013792, 4.631926]]}}, {"type": "Feature", "properties": {"highway": "cycleway", "cycleway": null, "name": null}, "geometry": {"type": "LineString", "coordinates": [[-74.1979756, 4.6328013], [-74.1980104, 4.6328409], [-74.1980383, 4.6328604], [-74.1980686, 4.6328817], [-74.1981076, 4.6329047], [-74.1981697, 4.6329241]]}}, {"type": "Feature", "properties": {"highway": "cycleway", "cycleway": null, "name": "Alameda el Porvenir"}, "geometry": {"type": "LineString", "coordinates": [[-74.1977239, 4.6333116], [-74.1976166, 4.6333549], [-74.1966207, 4.6337824], [-74.1951284, 4.6344275]]}}, {"type": "Feature", "properties": {"highway": "cycleway", "cycleway": "crossing", "name": "Alameda el Porvenir"}, "geometry": {"type": "LineString", "coordinates": [[-74.1982541, 4.6330963], [-74.1981016, 4.6331582], [-74.1979359, 4.6332255], [-74.1977239, 4.6333116]]}}, {"type": "Feature", "properties": {"highway": "cycleway", "cycleway": "crossing", "name": "Alameda el Porvenir"}, "geometry": {"type": "LineString", "coordinates": [[-74.206687, 4.6295747], [-74.2065901, 4.6296136], [-74.2064227, 4.6296807], [-74.2063667, 4.6297032], [-74.2063344, 4.6297161]]}}, {"type": "Feature", "properties": {"highway": "cycleway", "cycleway": "crossing", "name": "Alameda el Porvenir"}, "geometry": {"type": "LineString", "coordinates": [[-74.2071285, 4.6291974], [-74.2071535, 4.6292594], [-74.2071653, 4.6292887], [-74.2071918, 4.6293545]]}}, {"type": "Feature", "properties": {"highway": "cycleway", "cycleway": "crossing", "name": null}, "geometry": {"type": "LineString", "coordinates": [[-74.2122358, 4.6269115], [-74.2122542, 4.6269481], [-74.2123014, 4.6270424], [-74.2123291, 4.6270976], [-74.2123462, 4.6271318]]}}, {"type": "Feature", "properties": {"highway": "cycleway", "cycleway": null, "name": null}, "geometry": {"type": "LineString", "coordinates": [[-74.2071918, 4.6293545], [-74.2089048, 4.6285781], [-74.209892, 4.6281336], [-74.2099193, 4.628121], [-74.2099717, 4.6280969], [-74.2100319, 4.6280696], [-74.2123014, 4.6270424]]}}, {"type": "Feature", "properties": {"highway": "cycleway", "cycleway": null, "name": null}, "geometry": {"type": "LineString", "coordinates": [[-74.2122358, 4.6269115], [-74.2122142, 4.6268631], [-74.2132149, 4.6264183]]}}, {"type": "Feature", "properties": {"highway": "cycleway", "cycleway": null, "name": null}, "geometry": {"type": "LineString", "coordinates": [[-74.2145663, 4.6258657], [-74.2145635, 4.62583], [-74.2145577, 4.6257784], [-74.2158463, 4.6252089], [-74.2161618, 4.6250756]]}}, {"type": "Feature", "properties": {"highway": "cycleway", "cycleway": null, "name": null}, "geometry": {"type": "LineString", "coordinates": [[-74.1530619, 4.6740568], [-74.1531028, 4.6741124]]}}, {"type": "Feature", "properties": {"highway": "cycleway", "cycleway": null, "name": null}, "geometry": {"type": "LineString", "coordinates": [[-74.1531104, 4.6735095], [-74.1530942, 4.6735603], [-74.1529928, 4.6738871]]}}, {"type": "Feature", "properties": {"highway": "cycleway", "cycleway": null, "name": null}, "geometry": {"type": "LineString", "coordinates": [[-74.0753409, 4.7181882], [-74.0754302, 4.7177806], [-74.0754749, 4.7175661], [-74.0756388, 4.7170449], [-74.0757544, 4.7167337]]}}, {"type": "Feature", "properties": {"highway": "cycleway", "cycleway": null, "name": null}, "geometry": {"type": "LineString", "coordinates": [[-74.077116, 4.7140607], [-74.077183, 4.7139293], [-74.077315, 4.7136839]]}}, {"type": "Feature", "properties": {"highway": "cycleway", "cycleway": null, "name": null}, "geometry": {"type": "LineString", "coordinates": [[-74.077315, 4.7136839], [-74.0777147, 4.7130343]]}}, {"type": "Feature", "properties": {"highway": "cycleway", "cycleway": null, "name": null}, "geometry": {"type": "LineString", "coordinates": [[-74.078955, 4.7111077], [-74.0789628, 4.7110643], [-74.0789314, 4.7106056], [-74.0789128, 4.7103566], [-74.0790267, 4.7102465], [-74.0790732, 4.710213], [-74.0791267, 4.710184], [-74.0791894, 4.7101666], [-74.0792557, 4.7101481], [-74.0793324, 4.7101099], [-74.0793835, 4.7100786], [-74.0794614, 4.7100184], [-74.0796415, 4.7098828], [-74.079831, 4.7097283]]}}, {"type": "Feature", "properties": {"highway": "cycleway", "cycleway": null, "name": null}, "geometry": {"type": "LineString", "coordinates": [[-74.0799762, 4.7096083], [-74.0802144, 4.7091662]]}}, {"type": "Feature", "properties": {"highway": "cycleway", "cycleway": null, "name": null}, "geometry": {"type": "LineString", "coordinates": [[-74.0753409, 4.7181882], [-74.0753124, 4.7182209]]}}, {"type": "Feature", "properties": {"highway": "cycleway", "cycleway": null, "name": null}, "geometry": {"type": "LineString", "coordinates": [[-74.0752999, 4.7182814], [-74.0753082, 4.7182413], [-74.0753124, 4.7182209]]}}, {"type": "Feature", "properties": {"highway": "cycleway", "cycleway": null, "name": null}, "geometry": {"type": "LineString", "coordinates": [[-74.0785819, 4.7116242], [-74.0789151, 4.7112061], [-74.0789345, 4.7111718], [-74.078955, 4.7111077]]}}, {"type": "Feature", "properties": {"highway": "cycleway", "cycleway": "crossing", "name": null}, "geometry": {"type": "LineString", "coordinates": [[-74.079831, 4.7097283], [-74.0798716, 4.7096952], [-74.0799762, 4.7096083]]}}, {"type": "Feature", "properties": {"highway": "cycleway", "cycleway": null, "name": null}, "geometry": {"type": "LineString", "coordinates": [[-74.0802144, 4.7091662], [-74.0803002, 4.7090995], [-74.0806354, 4.7084274]]}}, {"type": "Feature", "properties": {"highway": "cycleway", "cycleway": null, "name": null}, "geometry": {"type": "LineString", "coordinates": [[-74.0806354, 4.7084274], [-74.0806289, 4.7083558], [-74.0806227, 4.7082721]]}}, {"type": "Feature", "properties": {"highway": "cycleway", "cycleway": null, "name": null}, "geometry": {"type": "LineString", "coordinates": [[-74.0805953, 4.7084137], [-74.080687, 4.7083512]]}}, {"type": "Feature", "properties": {"highway": "cycleway", "cycleway": null, "name": null}, "geometry": {"type": "LineString", "coordinates": [[-74.0781179, 4.7123318], [-74.078208, 4.7121829], [-74.0785598, 4.7116526], [-74.0785819, 4.7116242]]}}, {"type": "Feature", "properties": {"highway": "cycleway", "cycleway": "crossing", "name": null}, "geometry": {"type": "LineString", "coordinates": [[-74.0780406, 4.7124597], [-74.078081, 4.7123928], [-74.0781179, 4.7123318]]}}, {"type": "Feature", "properties": {"highway": "cycleway", "cycleway": null, "name": null}, "geometry": {"type": "LineString", "coordinates": [[-74.0777369, 4.7129556], [-74.0780406, 4.7124597]]}}, {"type": "Feature", "properties": {"highway": "cycleway", "cycleway": "crossing", "name": null}, "geometry": {"type": "LineString", "coordinates": [[-74.0777147, 4.7130343], [-74.0777174, 4.7130248], [-74.0777335, 4.7129675], [-74.0777369, 4.7129556]]}}, {"type": "Feature", "properties": {"highway": "cycleway", "cycleway": "crossing", "name": null}, "geometry": {"type": "LineString", "coordinates": [[-74.0770005, 4.7142882], [-74.0770558, 4.7141792], [-74.077116, 4.7140607]]}}, {"type": "Feature", "properties": {"highway": "cycleway", "cycleway": null, "name": null}, "geometry": {"type": "LineString", "coordinates": [[-74.0763521, 4.7153042], [-74.0763903, 4.7152635], [-74.0765413, 4.7151004], [-74.0766224, 4.7150043], [-74.0766888, 4.7148845], [-74.0769433, 4.7144037], [-74.0770005, 4.7142882]]}}, {"type": "Feature", "properties": {"highway": "cycleway", "cycleway": "crossing", "name": null}, "geometry": {"type": "LineString", "coordinates": [[-74.0763235, 4.7153348], [-74.0763521, 4.7153042]]}}, {"type": "Feature", "properties": {"highway": "cycleway", "cycleway": null, "name": null}, "geometry": {"type": "LineString", "coordinates": [[-74.0757679, 4.7166975], [-74.0758645, 4.7164372], [-74.0760981, 4.7158164], [-74.0763002, 4.7153596], [-74.0763235, 4.7153348]]}}, {"type": "Feature", "properties": {"highway": "cycleway", "cycleway": "crossing", "name": null}, "geometry": {"type": "LineString", "coordinates": [[-74.0757544, 4.7167337], [-74.0757679, 4.7166975]]}}, {"type": "Feature", "properties": {"highway": "cycleway", "cycleway": null, "name": null}, "geometry": {"type": "LineString", "coordinates": [[-74.0752108, 4.718705], [-74.0752929, 4.7183191], [-74.0752999, 4.7182814]]}}, {"type": "Feature", "properties": {"highway": "cycleway", "cycleway": null, "name": null}, "geometry": {"type": "LineString", "coordinates": [[-74.075195, 4.7187957], [-74.0751953, 4.7188262], [-74.0749916, 4.7198022], [-74.0749736, 4.7198197]]}}, {"type": "Feature", "properties": {"highway": "cycleway", "cycleway": "crossing", "name": null}, "geometry": {"type": "LineString", "coordinates": [[-74.0752108, 4.718705], [-74.0752122, 4.7187101], [-74.075195, 4.7187957]]}}, {"type": "Feature", "properties": {"highway": "cycleway", "cycleway": null, "name": null}, "geometry": {"type": "LineString", "coordinates": [[-74.0693252, 4.6447467], [-74.0705917, 4.6449729], [-74.0706429, 4.6449836], [-74.0707163, 4.644999], [-74.071224, 4.6450821], [-74.0712806, 4.645088], [-74.0713232, 4.6450925], [-74.071403, 4.6451009], [-74.0717998, 4.6451735], [-74.072399, 4.6452688], [-74.0724641, 4.645281], [-74.072552, 4.6452974], [-74.073268, 4.6454191], [-74.0733083, 4.6454252], [-74.0733797, 4.6454361], [-74.073442, 4.6454457], [-74.0737596, 4.6455059], [-74.074132, 4.6455688], [-74.0746658, 4.6456511], [-74.0751139, 4.6457242], [-74.0753109, 4.645754]]}}, {"type": "Feature", "properties": {"highway": "cycleway", "cycleway": null, "name": null}, "geometry": {"type": "LineString", "coordinates": [[-74.0675523, 4.6444403], [-74.0676353, 4.6444548], [-74.0677254, 4.6444706], [-74.0685473, 4.6446108], [-74.0686379, 4.6446252], [-74.0687191, 4.6446381], [-74.0691947, 4.6447211], [-74.0692459, 4.6447311], [-74.0693252, 4.6447467]]}}, {"type": "Feature", "properties": {"highway": "cycleway", "cycleway": null, "name": null}, "geometry": {"type": "LineString", "coordinates": [[-74.0753433, 4.6457211], [-74.0741408, 4.6455076], [-74.0737672, 4.6454424], [-74.0734518, 4.6453822], [-74.0733898, 4.6453729], [-74.0733203, 4.6453624], [-74.0732776, 4.645356], [-74.0725636, 4.6452353], [-74.072475, 4.6452182], [-74.0724108, 4.6452058], [-74.071812, 4.6451026], [-74.0714148, 4.6450389], [-74.0713267, 4.6450261], [-74.0713026, 4.6450225], [-74.0712372, 4.645013], [-74.0707293, 4.644921], [-74.0706536, 4.6449128], [-74.0706026, 4.6449073], [-74.0693366, 4.6446832], [-74.0692574, 4.644669], [-74.0692059, 4.6446597], [-74.0687297, 4.6445787], [-74.0686482, 4.6445697], [-74.0685564, 4.6445597], [-74.0677341, 4.6444151], [-74.0676451, 4.6444005], [-74.0675606, 4.6443867]]}}, {"type": "Feature", "properties": {"highway": "cycleway", "cycleway": null, "name": null}, "geometry": {"type": "LineString", "coordinates": [[-74.0785154, 4.6445547], [-74.0783961, 4.6445791], [-74.0782289, 4.6445737], [-74.0777532, 4.6445344], [-74.0773944, 4.6445073], [-74.0772299, 4.6444965], [-74.0771497, 4.6445059], [-74.0770749, 4.6445127], [-74.0770239, 4.6445277], [-74.0769129, 4.6445603], [-74.0768167, 4.6445886], [-74.0767267, 4.6446417], [-74.0767066, 4.6446536], [-74.0763409, 4.6449435], [-74.0761139, 4.6451563], [-74.0756583, 4.6455731], [-74.0755965, 4.6456261], [-74.0754902, 4.645717], [-74.0754367, 4.6457185], [-74.075409, 4.6457193], [-74.0753433, 4.6457211]]}}, {"type": "Feature", "properties": {"highway": "cycleway", "cycleway": "crossing", "name": null}, "geometry": {"type": "LineString", "coordinates": [[-74.0317475, 4.7479895], [-74.0317437, 4.7480997], [-74.0317354, 4.7483447], [-74.0317332, 4.7484083]]}}, {"type": "Feature", "properties": {"highway": "cycleway", "cycleway": "crossing", "name": null}, "geometry": {"type": "LineString", "coordinates": [[-74.0317475, 4.7479895], [-74.0317954, 4.7479922]]}}, {"type": "Feature", "properties": {"highway": "cycleway", "cycleway": "crossing", "name": null}, "geometry": {"type": "LineString", "coordinates": [[-74.0318083, 4.7484209], [-74.0317851, 4.748417], [-74.0317332, 4.7484083]]}}, {"type": "Feature", "properties": {"highway": "cycleway", "cycleway": null, "name": null}, "geometry": {"type": "LineString", "coordinates": [[-74.0318597, 4.7484296], [-74.0318441, 4.748427], [-74.0318083, 4.7484209]]}}, {"type": "Feature", "properties": {"highway": "cycleway", "cycleway": "crossing", "name": null}, "geometry": {"type": "LineString", "coordinates": [[-74.0317332, 4.7484083], [-74.0317291, 4.7484077]]}}, {"type": "Feature", "properties": {"highway": "cycleway", "cycleway": null, "name": null}, "geometry": {"type": "LineString", "coordinates": [[-74.0317291, 4.7484077], [-74.0316792, 4.7483992], [-74.0316403, 4.7483927]]}}, {"type": "Feature", "properties": {"highway": "cycleway", "cycleway": null, "name": null}, "geometry": {"type": "LineString", "coordinates": [[-74.0315562, 4.7483785], [-74.0314991, 4.7483689]]}}, {"type": "Feature", "properties": {"highway": "cycleway", "cycleway": null, "name": null}, "geometry": {"type": "LineString", "coordinates": [[-74.0314991, 4.7483689], [-74.0314997, 4.7483402]]}}, {"type": "Feature", "properties": {"highway": "cycleway", "cycleway": "crossing", "name": null}, "geometry": {"type": "LineString", "coordinates": [[-74.0315046, 4.7481046], [-74.0315055, 4.7480626], [-74.0315073, 4.7479759]]}}, {"type": "Feature", "properties": {"highway": "cycleway", "cycleway": "crossing", "name": null}, "geometry": {"type": "LineString", "coordinates": [[-74.0314997, 4.7483402], [-74.0315004, 4.7483073], [-74.0315018, 4.7482372]]}}, {"type": "Feature", "properties": {"highway": "cycleway", "cycleway": null, "name": null}, "geometry": {"type": "LineString", "coordinates": [[-74.1386422, 4.5707585], [-74.1386822, 4.5709087], [-74.1387698, 4.5712296], [-74.1387978, 4.5713469], [-74.1388048, 4.5714154], [-74.1388013, 4.5714758], [-74.1387861, 4.5715269], [-74.138757, 4.5715896], [-74.1387479, 4.5716176], [-74.1387395, 4.571643], [-74.1387395, 4.5716848], [-74.1387558, 4.5717882], [-74.1387861, 4.571974], [-74.1388269, 4.5721773], [-74.1388572, 4.5722702], [-74.1389061, 4.5723364], [-74.1389448, 4.5723711]]}}, {"type": "Feature", "properties": {"highway": "cycleway", "cycleway": null, "name": null}, "geometry": {"type": "LineString", "coordinates": [[-74.2276385, 4.5904446], [-74.2275927, 4.5904788], [-74.2275489, 4.5904923], [-74.2266942, 4.5905911], [-74.2264246, 4.5906743], [-74.2262669, 4.5907513], [-74.2262161, 4.5907621]]}}, {"type": "Feature", "properties": {"highway": "cycleway", "cycleway": null, "name": null}, "geometry": {"type": "LineString", "coordinates": [[-74.2082763, 4.5933579], [-74.2082149, 4.5933928], [-74.2077238, 4.5936788], [-74.2076607, 4.5936948], [-74.2076004, 4.5936895], [-74.207528, 4.5936534], [-74.2073939, 4.5935397], [-74.2072517, 4.5934542], [-74.2071659, 4.5934181], [-74.2070572, 4.593394], [-74.2069312, 4.5933793], [-74.2067998, 4.5934007], [-74.2066509, 4.5934515], [-74.2064993, 4.5935197], [-74.2063947, 4.5935384], [-74.2062928, 4.5935371], [-74.206215, 4.593513], [-74.205861, 4.5933553], [-74.2054774, 4.5931828], [-74.2054063, 4.5931334], [-74.2053581, 4.5930572], [-74.2053379, 4.5929836], [-74.2052853, 4.5929706]]}}, {"type": "Feature", "properties": {"highway": "cycleway", "cycleway": null, "name": null}, "geometry": {"type": "LineString", "coordinates": [[-74.1410192, 4.5952979], [-74.1409336, 4.5952891], [-74.1407889, 4.5952745], [-74.1402709, 4.5952128]]}}, {"type": "Feature", "properties": {"highway": "cycleway", "cycleway": null, "name": null}, "geometry": {"type": "LineString", "coordinates": [[-74.0753109, 4.645754], [-74.0753851, 4.6457671], [-74.075487, 4.6457852], [-74.0756338, 4.6458112], [-74.0756665, 4.6458084], [-74.0757048, 4.6457944], [-74.0757226, 4.6457814], [-74.0757344, 4.6457686], [-74.0767733, 4.6447732], [-74.0767957, 4.6447462], [-74.0768062, 4.644736], [-74.0768256, 4.6447201], [-74.076839, 4.6447156], [-74.076905, 4.6446931], [-74.0770093, 4.6446564], [-74.0771572, 4.6446214], [-74.0772973, 4.6446066], [-74.077415, 4.6446112], [-74.0780725, 4.6446903], [-74.078235, 4.6447127], [-74.0783901, 4.6447453], [-74.0784564, 4.644776], [-74.078485, 4.6448012]]}}, {"type": "Feature", "properties": {"highway": "cycleway", "cycleway": null, "name": null}, "geometry": {"type": "LineString", "coordinates": [[-74.0344765, 4.7539808], [-74.0345685, 4.7517353], [-74.0345947, 4.7510958], [-74.0345984, 4.7510049], [-74.0346009, 4.7509442], [-74.0347964, 4.750946], [-74.0348953, 4.7509469], [-74.0349909, 4.7509446], [-74.0350893, 4.7509375], [-74.035179, 4.7509283], [-74.0352747, 4.7509174], [-74.0353218, 4.7509095], [-74.0353675, 4.7508974], [-74.0354239, 4.7508734]]}}, {"type": "Feature", "properties": {"highway": "cycleway", "cycleway": null, "name": null}, "geometry": {"type": "LineString", "coordinates": [[-74.0366371, 4.8130282], [-74.0364091, 4.8144373], [-74.0363139, 4.8150255], [-74.0362041, 4.815704], [-74.0359161, 4.8174703], [-74.0355219, 4.819741], [-74.035502, 4.8198946], [-74.0354943, 4.8199988], [-74.0354911, 4.8200425], [-74.0354877, 4.8200963], [-74.0354814, 4.8202918], [-74.0354852, 4.8207409]]}}, {"type": "Feature", "properties": {"highway": "cycleway", "cycleway": "crossing", "name": null}, "geometry": {"type": "LineString", "coordinates": [[-74.0440132, 4.7626125], [-74.0439544, 4.7625755], [-74.0439301, 4.7625602]]}}, {"type": "Feature", "properties": {"highway": "cycleway", "cycleway": null, "name": null}, "geometry": {"type": "LineString", "coordinates": [[-74.161643, 4.5945484], [-74.1616397, 4.5946947], [-74.161609, 4.5948399], [-74.1615637, 4.5949495], [-74.1615317, 4.5950136], [-74.1614903, 4.5950754], [-74.1614089, 4.5951677], [-74.1612995, 4.5952763], [-74.1611558, 4.5954145], [-74.1610458, 4.5954954], [-74.1609305, 4.5955438], [-74.1607918, 4.5955828], [-74.1606376, 4.5955995], [-74.1605066, 4.5956123], [-74.1592515, 4.5957339], [-74.1591811, 4.5957453], [-74.1590882, 4.5957684], [-74.1589261, 4.5958171], [-74.1588445, 4.5958396], [-74.1587238, 4.5958737], [-74.1586096, 4.5959063], [-74.1585506, 4.5959204], [-74.1584837, 4.5959301], [-74.158173, 4.5959583]]}}, {"type": "Feature", "properties": {"highway": "cycleway", "cycleway": null, "name": null}, "geometry": {"type": "LineString", "coordinates": [[-74.158173, 4.5959583], [-74.1581274, 4.5959625], [-74.1580896, 4.5959659], [-74.1580827, 4.5959665], [-74.1580145, 4.5959727], [-74.1579976, 4.5959743], [-74.1579751, 4.5959763], [-74.1578843, 4.5959846]]}}, {"type": "Feature", "properties": {"highway": "cycleway", "cycleway": null, "name": null}, "geometry": {"type": "LineString", "coordinates": [[-74.1257268, 4.6201646], [-74.1257211, 4.6201194], [-74.1257014, 4.6199651], [-74.1256898, 4.619853], [-74.1256784, 4.6197437]]}}, {"type": "Feature", "properties": {"highway": "cycleway", "cycleway": null, "name": null}, "geometry": {"type": "LineString", "coordinates": [[-74.1255713, 4.6206101], [-74.1257268, 4.6201646]]}}, {"type": "Feature", "properties": {"highway": "cycleway", "cycleway": null, "name": null}, "geometry": {"type": "LineString", "coordinates": [[-74.0594564, 4.7789959], [-74.0594781, 4.7789837], [-74.0597256, 4.7788444], [-74.0597996, 4.7787845], [-74.0598575, 4.7787118], [-74.0599358, 4.7785921], [-74.0604122, 4.7777068], [-74.0606534, 4.7770055], [-74.060777, 4.776239], [-74.0608144, 4.7757058], [-74.0608128, 4.7752132], [-74.0607201, 4.7746119], [-74.0605656, 4.7740188], [-74.0603835, 4.7735148], [-74.0596273, 4.7722848], [-74.0595167, 4.7722492]]}}, {"type": "Feature", "properties": {"highway": "cycleway", "cycleway": null, "name": null}, "geometry": {"type": "LineString", "coordinates": [[-74.0595167, 4.7722492], [-74.0595248, 4.7722054], [-74.0595313, 4.7721536], [-74.0595248, 4.7721033], [-74.0595134, 4.7720693], [-74.0592484, 4.7715588], [-74.059102, 4.771178], [-74.0590061, 4.7708036], [-74.0589703, 4.7704714], [-74.0589914, 4.7700225], [-74.0589833, 4.7699464], [-74.0589593, 4.7698801], [-74.058924, 4.7698249]]}}, {"type": "Feature", "properties": {"highway": "cycleway", "cycleway": null, "name": null}, "geometry": {"type": "LineString", "coordinates": [[-74.0595167, 4.7722492], [-74.0595093, 4.772272], [-74.0595012, 4.7722969], [-74.0594695, 4.772349], [-74.0594358, 4.7723863], [-74.0593798, 4.7724198], [-74.0593294, 4.7724347], [-74.0592799, 4.7724412], [-74.0592192, 4.772431], [-74.058091, 4.7720913]]}}, {"type": "Feature", "properties": {"highway": "cycleway", "cycleway": null, "name": null}, "geometry": {"type": "LineString", "coordinates": [[-74.0571529, 4.7719091], [-74.0598789, 4.7727427]]}}, {"type": "Feature", "properties": {"highway": "cycleway", "cycleway": null, "name": null}, "geometry": {"type": "LineString", "coordinates": [[-74.058091, 4.7720913], [-74.0580442, 4.7720772], [-74.0572552, 4.7718397], [-74.0571779, 4.7718159]]}}]}